Kx,Ky,r,ridge_alpha,train_mse_K2,train_rmse_K,train_skill_vs_bilinear,val_mse_K2,val_rmse_K,val_skill_vs_bilinear,train_correction_corr,val_correction_corr,train_required_residual_rms_K,train_predicted_residual_rms_K,train_amplitude_ratio,val_required_residual_rms_K,val_predicted_residual_rms_K,val_amplitude_ratio,first_canonical_corr,mean_canonical_corr_retained,min_canonical_corr_retained,fit_status,notes,train_mse_norm2,val_mse_norm2,train_rmse_norm,val_rmse_norm,train_required_residual_rms_norm,train_predicted_residual_rms_norm,val_required_residual_rms_norm,val_predicted_residual_rms_norm,train_rmse_K_physical,val_rmse_K_physical,train_required_residual_rms_K_physical,train_predicted_residual_rms_K_physical,val_required_residual_rms_K_physical,val_predicted_residual_rms_K_physical,train_mse_K2_physical,val_mse_K2_physical
4,4,4,0,0.0002598162023,0.01611881517,0.7550581381,0.0002561557835,0.01600486749,0.7574495514,0.9583268293,0.9575068368,0.01889575353,0.00986069466,0.5218471253,0.01876099654,0.009721509189,0.5181765887,0.9956487943,0.7251902,0.09023131487,ok,,0.0002598162023,0.0002561557835,0.01611881517,0.01600486749,0.01889575353,0.00986069466,0.01876099654,0.009721509189,0.348615995908654,0.34615154777610063,0.4086753192359743,0.2132660405241837,0.40576080959124944,0.21025575217005024,0.12153311251702278,0.1198208940874494
4,8,4,0,0.0002591166332,0.01609710015,0.7557176572,0.0002557610862,0.0159925322,0.7578232849,0.9259342841,0.9264404406,0.01889575353,0.009896103692,0.5237210401,0.01876099654,0.009749804418,0.5196847831,0.996042844,0.8427542434,0.53979313,ok,,0.0002591166332,0.0002557610862,0.01609710015,0.0159925322,0.01889575353,0.009896103692,0.01876099654,0.009749804418,0.34814634579829323,0.34588476145447467,0.4086753192359743,0.21403186324903362,0.40576080959124944,0.21086771833091658,0.12120587807440109,0.11963626822137015
4,16,4,0,0.0002589372092,0.01609152601,0.7558868093,0.0002556245118,0.01598826169,0.7579526054,0.8824598213,0.8847125447,0.01889575353,0.009905164932,0.5242005785,0.01876099654,0.009757933768,0.5201180943,0.9963052694,0.8672125472,0.6183701002,ok,,0.0002589372092,0.0002556245118,0.01609152601,0.01598826169,0.01889575353,0.009905164932,0.01876099654,0.009757933768,0.34802578889960434,0.3457923993248153,0.4086753192359743,0.21422783877040114,0.40576080959124944,0.21104353903587847,0.12112194967814548,0.11957238339904107
4,32,4,0,0.0002587792692,0.0160866177,0.7560357074,0.0002555376161,0.01598554397,0.7580348858,0.837338995,0.8445502121,0.01889575353,0.009913134336,0.5246223348,0.01876099654,0.009765243238,0.5205077042,0.9971118051,0.89524784,0.7095136568,ok,,0.0002587792692,0.0002555376161,0.0160866177,0.01598554397,0.01889575353,0.009913134336,0.01876099654,0.009765243238,0.3479196325003385,0.34573362076979064,0.4086753192359743,0.21440020018052688,0.40576080959124944,0.21120162746463328,0.12104807076058371,0.119531736569506
4,64,4,0,0.0002586597267,0.01608290169,0.7561484061,0.0002554717554,0.01598348383,0.7580972484,0.7921253653,0.8071901156,0.01889575353,0.009919162,0.5249413305,0.01876099654,0.009770818195,0.520804861,0.9976299451,0.9292199976,0.8114722765,ok,,0.0002586597267,0.0002554717554,0.01608290169,0.01598348383,0.01889575353,0.009919162,0.01876099654,0.009770818195,0.34783926303687035,0.345689064284079,0.4086753192359743,0.21453056584737032,0.40576080959124944,0.21132220203331,0.12099215287719362,0.11950092919185712
4,128,4,0,0.0002586087727,0.0160813175,0.756196443,0.0002554376459,0.01598241677,0.7581295461,0.7469695827,0.7739188197,0.01889575353,0.009921730133,0.5250772411,0.01876099654,0.009773103329,0.5209266633,0.9982449941,0.9519291574,0.8763374737,ok,,0.0002586087727,0.0002554376459,0.0160813175,0.01598241677,0.01889575353,0.009921730133,0.01876099654,0.009773103329,0.3478050003464223,0.345665986025493,0.4086753192359743,0.21458610915089346,0.40576080959124944,0.21137162466498569,0.12096831834277899,0.11948497393708585
4,256,4,0,0.0002585897214,0.01608072515,0.7562144036,0.0002554355768,0.01598235204,0.7581315054,0.7034092419,0.7450579379,0.01889575353,0.009922690164,0.5251280478,0.01876099654,0.009773965627,0.5209726256,0.9987476527,0.966258076,0.9151425884,ok,,0.0002585897214,0.0002554355768,0.01608072515,0.01598235204,0.01889575353,0.009922690164,0.01876099654,0.009773965627,0.3477921890645136,0.3456645860520348,0.4086753192359743,0.21460687259781178,0.40576080959124944,0.21139027435312152,0.12095940679774833,0.11948400608303794
4,512,4,0,0.0002585816724,0.01608047488,0.7562219919,0.0002554337953,0.01598229631,0.7581331923,0.662190232,0.7197938555,0.01889575353,0.009923095745,0.5251495119,0.01876099654,0.009774328868,0.5209919871,0.9991785262,0.9765360727,0.9401966476,ok,,0.0002585816724,0.0002554337953,0.01608047488,0.01598229631,0.01889575353,0.009923095745,0.01876099654,0.009774328868,0.3477867762519479,0.3456633807296059,0.4086753192359743,0.2146156444599335,0.40576080959124944,0.21139813049029008,0.12095564175148106,0.11948317275841064
4,1024,4,0,0.0002585776683,0.01608035038,0.7562257667,0.0002554317083,0.01598223102,0.7581351684,0.6239915578,0.6975544722,0.01889575353,0.009923297498,0.5251601891,0.01876099654,0.009774508551,0.5210015646,0.9995265191,0.9854415478,0.9628965829,ok,,0.0002585776683,0.0002554317083,0.01608035038,0.01598223102,0.01889575353,0.009923297498,0.01876099654,0.009774508551,0.3477840835793766,0.34566196864452814,0.4086753192359743,0.21462000795205624,0.40576080959124944,0.21140201665483332,0.12095376877076806,0.11948219653135637
8,4,4,0,0.0002563271892,0.0160102214,0.758347407,0.0002525281152,0.01589113323,0.7608845414,0.9753690701,0.9754418118,0.01889575353,0.01003605063,0.5311273041,0.01876099654,0.009987596911,0.5323596158,0.9958141502,0.9026266164,0.7554399512,ok,,0.0002563271892,0.0002525281152,0.0160102214,0.01589113323,0.01889575353,0.01003605063,0.01876099654,0.009987596911,0.34626734156410366,0.34369171546828753,0.4086753192359743,0.21705862052931058,0.40576080959124944,0.21601066872103492,0.11990107179784526,0.11812399521903601
8,8,4,0,0.0002561934954,0.01600604559,0.758473447,0.0002523993684,0.01588708181,0.76100645,0.9396514984,0.9424693184,0.01889575353,0.0100427091,0.5314796833,0.01876099654,0.009974333119,0.5316526282,0.9962137491,0.9187739872,0.8101622545,ok,,0.0002561934954,0.0002523993684,0.01600604559,0.01588708181,0.01889575353,0.0100427091,0.01876099654,0.009974333119,0.3461770275958298,0.3436040917935168,0.4086753192359743,0.21720262920028277,0.40576080959124944,0.21572380085830192,0.11983853442144458,0.11806377187964419
8,8,8,0,0.00025496306,0.01596756274,0.7596334406,0.000251434584,0.01585668893,0.7619199914,0.9453659598,0.9470274534,0.01889575353,0.01010378353,0.5347118605,0.01876099654,0.0100541224,0.5359055624,0.9962137491,0.6052640236,0.05205155902,ok,,0.00025496306,0.000251434584,0.01596756274,0.01585668893,0.01889575353,0.01010378353,0.01876099654,0.0100541224,0.3453447246668203,0.3429467578630769,0.4086753192359743,0.2185235403847866,0.40576080959124944,0.21744947482163524,0.11926297892263678,0.11761247881169117
8,16,4,0,0.0002561861554,0.0160058163,0.7584803667,0.0002524228488,0.01588782077,0.7609842169,0.8947463085,0.8992759239,0.01889575353,0.01004307453,0.5314990226,0.01876099654,0.009975045196,0.5316905834,0.9965232924,0.9298619512,0.8413644289,ok,,0.0002561861554,0.0002524228488,0.0160058163,0.01588782077,0.01889575353,0.01004307453,0.01876099654,0.009975045196,0.34617206853644117,0.3436200739406921,0.4086753192359743,0.21721053268090718,0.40576080959124944,0.21573920158285276,0.11983510102107163,0.11807475520581816
8,16,8,0,0.0002535810957,0.01592422983,0.7609362882,0.0002502160544,0.01581821906,0.7630738006,0.9062272319,0.9091934397,0.01889575353,0.01017194209,0.5383189441,0.01876099654,0.0101209175,0.5394658795,0.9965232924,0.7533122946,0.3864063246,ok,,0.0002535810957,0.0002502160544,0.01592422983,0.01581821906,0.01889575353,0.01017194209,0.01876099654,0.0101209175,0.3444075251632622,0.34211473566410733,0.4086753192359743,0.21999766636883064,0.40576080959124944,0.21889411203986311,0.11861654339906433,0.11704249243797332
8,32,4,0,0.000256046619,0.01600145678,0.7586119148,0.000252224346,0.01588157253,0.7611721764,0.8489013211,0.8589222009,0.01889575353,0.01005001903,0.5318665389,0.01876099654,0.009991749144,0.5325809384,0.9972129343,0.940763229,0.8681392669,ok,,0.000256046619,0.000252224346,0.01600145678,0.01588157253,0.01889575353,0.01005001903,0.01876099654,0.009991749144,0.34607778130810246,0.3434849376799121,0.4086753192359743,0.21736072757786792,0.40576080959124944,0.21610047276849578,0.11976983067668472,0.11798190240097464
8,32,8,0,0.0002527999956,0.01589968539,0.7616726707,0.0002494760523,0.01579481093,0.7637744986,0.8624368963,0.8706809078,0.01889575353,0.01021026473,0.5403470528,0.01876099654,0.01016433979,0.5417803773,0.9972129343,0.8315965698,0.6431185664,ok,,0.0002527999956,0.0002494760523,0.01589968539,0.01579481093,0.01889575353,0.01021026473,0.01876099654,0.01016433979,0.3438766806623248,0.3416084671532867,0.4086753192359743,0.22082650429324047,0.40576080959124944,0.21983324464442072,0.11825117154965692,0.11669634482406012
8,64,4,0,0.0002560500959,0.01600156542,0.758608637,0.0002520702715,0.01587672106,0.7613180675,0.8025615444,0.82128135,0.01889575353,0.01004984605,0.5318573845,0.01876099654,0.009982290319,0.5320767635,0.9976925235,0.9566712861,0.9028544245,ok,,0.0002560500959,0.0002520702715,0.01600156542,0.01587672106,0.01889575353,0.01004984605,0.01876099654,0.009982290319,0.34608013096230444,0.34338001061003554,0.4086753192359743,0.21735698638508572,0.40576080959124944,0.21589589832163208,0.11977145705131097,0.1179098316317973
8,64,8,0,0.000252486895,0.01588983622,0.7619678465,0.0002492705416,0.01578830395,0.7639690938,0.8165957919,0.8327174347,0.01889575353,0.01022558588,0.5411578776,0.01876099654,0.01018022245,0.5426269564,0.9976925235,0.8780817601,0.7622889523,ok,,0.000252486895,0.0002492705416,0.01588983622,0.01578830395,0.01889575353,0.01022558588,0.01876099654,0.01018022245,0.34366366387590397,0.34146773489169463,0.4086753192359743,0.22115786847288918,0.40576080959124944,0.22017675310178447,0.11810471382257103,0.11660021396383873
8,128,4,0,0.0002561174081,0.01600366858,0.7585451783,0.0002521545746,0.01587937576,0.761238242,0.7563627769,0.7869607109,0.01889575353,0.01004649658,0.5316801238,0.01876099654,0.009962286762,0.5310105324,0.9982750002,0.9669023498,0.9239703583,ok,,0.0002561174081,0.0002521545746,0.01600366858,0.01587937576,0.01889575353,0.01004649658,0.01876099654,0.009962286762,0.346125617879936,0.34343742617529754,0.4086753192359743,0.21728454440920217,0.40576080959124944,0.2154632635484355,0.11980294339090009,0.1179492657319309
8,128,8,0,0.0002523257496,0.0158847647,0.7621197663,0.0002491764915,0.01578532519,0.7640581487,0.7704387245,0.7986198251,0.01889575353,0.01023346236,0.5415747164,0.01876099654,0.01018839803,0.5430627318,0.9982750002,0.9147640663,0.8274316457,ok,,0.0002523257496,0.0002491764915,0.0158847647,0.01578532519,0.01889575353,0.01023346236,0.01876099654,0.01018839803,0.3435539775883622,0.3414033105917061,0.4086753192359743,0.22132822013276585,0.40576080959124944,0.22035357366419997,0.11802933552877551,0.11655622055124801
8,256,4,0,0.0002560851185,0.01600265973,0.7585756193,0.0002522004685,0.01588082077,0.7611947857,0.7122996602,0.7574310859,0.01889575353,0.01004810345,0.5317651627,0.01876099654,0.009961875403,0.5309886061,0.9987752564,0.9767991462,0.9460066323,ok,,0.0002560851185,0.0002522004685,0.01600265973,0.01588082077,0.01889575353,0.01004810345,0.01876099654,0.009961875403,0.34610379858095136,0.3434686786957176,0.4086753192359743,0.2173192976202439,0.40576080959124944,0.215454366720353,0.1197878394229597,0.1179707333250339
8,256,8,0,0.0002522518489,0.01588243838,0.7621894363,0.0002491627003,0.01578488835,0.7640712074,0.7256954781,0.7688826724,0.01889575353,0.01023707247,0.5417657702,0.01876099654,0.01019232558,0.543272078,0.9987752564,0.9427339773,0.8857031337,ok,,0.0002522518489,0.0002491627003,0.01588243838,0.01578488835,0.01889575353,0.01023707247,0.01876099654,0.01019232558,0.34350366419032086,0.341393862663304,0.4086753192359743,0.22140629920245652,0.40576080959124944,0.22043851829197134,0.11799476731475084,0.11654976950067263
8,512,4,0,0.0002560913309,0.01600285384,0.7585697626,0.0002522449572,0.01588222142,0.7611526599,0.6705116448,0.7315779629,0.01889575353,0.01004779432,0.5317488026,0.01876099654,0.009958078191,0.5307862068,0.9992048983,0.984155614,0.9630976435,ok,,0.0002560913309,0.0002522449572,0.01600285384,0.01588222142,0.01889575353,0.01004779432,0.01876099654,0.009958078191,0.3461079967710945,0.34349897180284233,0.4086753192359743,0.2173126117899469,0.40576080959124944,0.21537224102878727,0.1197907453707086,0.11799154361374943
8,512,8,0,0.0002522245546,0.0158815791,0.762215168,0.0002491495725,0.01578447251,0.7640836379,0.683231552,0.7428517001,0.01889575353,0.01023840549,0.5418363164,0.01876099654,0.01019377433,0.5433492997,0.9992048983,0.9604649791,0.9180979897,ok,,0.0002522245546,0.0002491495725,0.0158815791,0.01578447251,0.01889575353,0.01023840549,0.01876099654,0.01019377433,0.3434850797751635,0.34138486892063685,0.4086753192359743,0.22143512961523593,0.40576080959124944,0.220469851700708,0.1179819999769035,0.11654362876587479
8,1024,4,0,0.0002560540603,0.01600168929,0.7586048995,0.0002522306217,0.01588177011,0.7611662341,0.6319367144,0.709018565,0.01889575353,0.01004964881,0.5318469462,0.01876099654,0.009955269549,0.5306365004,0.9995370868,0.9899620433,0.9765772698,ok,,0.0002560540603,0.0002522306217,0.01600168929,0.01588177011,0.01889575353,0.01004964881,0.01876099654,0.009955269549,0.34608281000930374,0.343489210918841,0.4086753192359743,0.2173527204996402,0.40576080959124944,0.21531149602255362,0.11977331146172494,0.11798483795829354
8,1024,8,0,0.0002522114953,0.01588116795,0.7622274797,0.0002491499591,0.01578448476,0.7640832718,0.6438461141,0.7198910608,0.01889575353,0.01023904323,0.5418700667,0.01876099654,0.0101944643,0.5433860763,0.9995370868,0.9752192118,0.951186145,ok,,0.0002522114953,0.0002491499591,0.01588116795,0.01578448476,0.01889575353,0.01023904323,0.01876099654,0.0101944643,0.34347618746731046,0.3413851338623155,0.4086753192359743,0.22144892258716878,0.40576080959124944,0.2204847742974473,0.11797589128405739,0.11654380960410153
16,4,4,0,0.000254580005,0.01595556345,0.7599945659,0.0002510290189,0.01584389532,0.7623040155,0.9837923406,0.9827786756,0.01889575353,0.01012272179,0.5357141104,0.01876099654,0.009994769212,0.5327419143,0.996073851,0.942543674,0.8562268266,ok,,0.000254580005,0.0002510290189,0.01595556345,0.01584389532,0.01889575353,0.01012272179,0.01876099654,0.009994769212,0.34508520531695325,0.3426700590459257,0.4086753192359743,0.21893313502937098,0.40576080959124944,0.21616579047345286,0.11908379892538067,0.11742276936133764
16,8,4,0,0.0002546369691,0.01595734844,0.759940863,0.000251168657,0.01584830139,0.762171794,0.9468746296,0.9482852818,0.01889575353,0.01011990773,0.5355651846,0.01876099654,0.009994955949,0.5327518678,0.9963806732,0.9471797682,0.8691249475,ok,,0.0002546369691,0.000251168657,0.01595734844,0.01584830139,0.01889575353,0.01011990773,0.01876099654,0.009994955949,0.3451238108881428,0.3427653530526435,0.4086753192359743,0.2188722728432177,0.40576080959124944,0.21616982920114725,0.11911044477853933,0.1174880872774981
16,8,8,0,0.0002518122232,0.01586859235,0.7626038936,0.0002487444042,0.0157716329,0.7644672862,0.9598441699,0.9596150907,0.01889575353,0.01025852223,0.5429009332,0.01876099654,0.0101278983,0.5398379707,0.9963806732,0.7531101908,0.3981041556,ok,,0.0002518122232,0.0002487444042,0.01586859235,0.0157716329,0.01889575353,0.01025852223,0.01876099654,0.0101278983,0.34320420374692456,0.34110717522044726,0.4086753192359743,0.22187021229814852,0.40576080959124944,0.21904509202930852,0.11778912548336966,0.1163541049249583
16,16,4,0,0.0002548132196,0.01596287003,0.7597747027,0.0002514949606,0.01585859264,0.7618628216,0.900815298,0.9034752385,0.01889575353,0.01011119587,0.5351041361,0.01876099654,0.009960622486,0.5309218231,0.9967090812,0.9512539232,0.8806707794,ok,,0.0002548132196,0.0002514949606,0.01596287003,0.01585859264,0.01889575353,0.01011119587,0.01876099654,0.009960622486,0.34524323124109974,0.34298793109762116,0.4086753192359743,0.2186838536748058,0.40576080959124944,0.2154272687666176,0.11919288872028763,0.11764072091536384
16,16,8,0,0.0002508075473,0.0158369046,0.7635510524,0.0002479144595,0.0157452996,0.7652531497,0.9182929598,0.9194148359,0.01889575353,0.01030737378,0.5454862523,0.01876099654,0.01018096064,0.5426663032,0.9967090812,0.8590144231,0.7052339449,ok,,0.0002508075473,0.0002479144595,0.0158369046,0.0157452996,0.01889575353,0.01030737378,0.01876099654,0.01018096064,0.3425188645077903,0.3405376414483777,0.4086753192359743,0.22292676835238182,0.40576080959124944,0.22019271859548273,0.11731917253926168,0.11596588524614268
16,16,16,0,0.0002479128649,0.01574524896,0.7662800158,0.000245045502,0.01565392928,0.7679697268,0.9307188554,0.9320052783,0.01889575353,0.01044684817,0.5528675081,0.01876099654,0.01030950132,0.549517788,0.9967090812,0.6172056788,0.068998876,ok,,0.0002479128649,0.000245045502,0.01574524896,0.01565392928,0.01889575353,0.01044684817,0.01876099654,0.01030950132,0.3405365462119198,0.3385614940226925,0.4086753192359743,0.2259433054154842,0.40576080959124944,0.22297278255802366,0.11596513934692815,0.11462388528013802
16,32,4,0,0.0002547315069,0.01596031036,0.7598517374,0.0002512476052,0.01585079194,0.762097039,0.8544100246,0.8631218189,0.01889575353,0.01011523577,0.5353179353,0.01876099654,0.01000312535,0.5331873138,0.9973542294,0.9593254992,0.9011822705,ok,,0.0002547315069,0.0002512476052,0.01596031036,0.01585079194,0.01889575353,0.01011523577,0.01876099654,0.01000312535,0.34518787097442777,0.3428192183994109,0.4086753192359743,0.21877122819625897,0.40576080959124944,0.2163465161248172,0.11915466632047092,0.11752501653898634
16,32,8,0,0.000250629186,0.01583127241,0.7637192026,0.0002474981974,0.01573207543,0.7656473027,0.8713699853,0.8790371188,0.01889575353,0.01031602227,0.5459439473,0.01876099654,0.01019580992,0.5434578005,0.9973542294,0.8867180964,0.7884495465,ok,,0.000250629186,0.0002474981974,0.01583127241,0.01573207543,0.01889575353,0.01031602227,0.01876099654,0.01019580992,0.3423970521099627,0.3402516305259871,0.4086753192359743,0.22311381696126886,0.40576080959124944,0.22051387722166768,0.11723574123763503,0.11577117210589957
16,32,16,0,0.0002460709992,0.01568665035,0.7680164356,0.000243593847,0.0156074933,0.7693442792,0.8898355558,0.8953092185,0.01889575353,0.01053463347,0.5575132768,0.01876099654,0.01039929084,0.5543037555,0.9973542294,0.7435745195,0.250894128,ok,,0.0002460709992,0.000243593847,0.01568665035,0.0156074933,0.01889575353,0.01053463347,0.01876099654,0.01039929084,0.3392691817953321,0.3375571816558739,0.4086753192359743,0.22784191641529258,0.40576080959124944,0.2249147406118153,0.11510357771459823,0.11394485083621528
16,64,4,0,0.0002547987453,0.01596241665,0.7597883484,0.0002513707174,0.01585467494,0.7619804658,0.8075179808,0.8241533558,0.01889575353,0.0101119116,0.535142014,0.01876099654,0.01000639448,0.5333615653,0.9978051236,0.9687324391,0.9233408286,ok,,0.0002547987453,0.0002513707174,0.01596241665,0.01585467494,0.01889575353,0.0101119116,0.01876099654,0.01000639448,0.34523342558736164,0.3429031995045874,0.4086753192359743,0.21869933340604658,0.40576080959124944,0.21641722051584628,0.11918611813894998,0.11758260420566133
16,64,8,0,0.0002504652526,0.01582609404,0.7638737509,0.0002474312521,0.01572994762,0.7657106923,0.8244521441,0.840134546,0.01889575353,0.01032396479,0.5463642808,0.01876099654,0.01020030505,0.5436974007,0.9978051236,0.9132232227,0.8311497727,ok,,0.0002504652526,0.0002474312521,0.01582609404,0.01572994762,0.01889575353,0.01032396479,0.01876099654,0.01020030505,0.3422850548821458,0.34020561048081444,0.4086753192359743,0.2232855969271424,0.40576080959124944,0.2206110974084594,0.11715905881301666,0.11573985738955253
16,64,16,0,0.0002452243712,0.01565964148,0.7688145946,0.0002430087452,0.01558873777,0.7698983042,0.8444785905,0.8577181262,0.01889575353,0.0105747402,0.5596358031,0.01876099654,0.01043910664,0.5564260203,0.9978051236,0.8227611492,0.6118073773,ok,,0.0002452243712,0.0002430087452,0.01565964148,0.01558873777,0.01889575353,0.0105747402,0.01876099654,0.01043910664,0.3386850368681701,0.3371515390760201,0.4086753192359743,0.22870934044578908,0.40576080959124944,0.22577587243965172,0.11470755415997304,0.1136711602724097
16,128,4,0,0.0002547911314,0.01596217815,0.7597955264,0.0002513335575,0.01585350301,0.762015652,0.7613159703,0.7901876038,0.01889575353,0.01011228808,0.5351619378,0.01876099654,0.01002138901,0.5341608046,0.9983466243,0.9749928098,0.9389232254,ok,,0.0002547911314,0.0002513335575,0.01596217815,0.01585350301,0.01889575353,0.01011228808,0.01876099654,0.01002138901,0.34522826733508644,0.34287785312895264,0.4086753192359743,0.21870747587487915,0.40576080959124944,0.21674152059336446,0.11918255661754679,0.11756522207834272
16,128,8,0,0.0002503091103,0.01582116021,0.7640209542,0.0002472615931,0.01572455383,0.7658713401,0.7778214262,0.8060174316,0.01889575353,0.01033152415,0.5467643369,0.01876099654,0.01020397475,0.543893003,0.9983466243,0.9354897852,0.8818723663,ok,,0.0002503091103,0.0002472615931,0.01582116021,0.01572455383,0.01889575353,0.01033152415,0.01876099654,0.01020397475,0.3421783465390726,0.34008895417247287,0.4086753192359743,0.22344908994986387,0.40576080959124944,0.2206904652842427,0.1170860207978868,0.11566049672553701
16,128,16,0,0.0002448108118,0.01564643128,0.769204478,0.00024282594,0.01558287329,0.7700714,0.797603041,0.8229089956,0.01889575353,0.01059427627,0.5606696899,0.01876099654,0.01045902365,0.5574876381,0.9983466243,0.8738344929,0.7503297371,ok,,0.0002448108118,0.00024282594,0.01564643128,0.01558287329,0.01889575353,0.01059427627,0.01876099654,0.01045902365,0.33839932808743267,0.3370247027351275,0.4086753192359743,0.22913186446057315,0.40576080959124944,0.22620663538366734,0.114514105250137,0.11358565026670711
16,256,4,0,0.0002549124848,0.01596597898,0.7596811204,0.0002516352313,0.01586301457,0.7617300012,0.7164241609,0.7595743504,0.01889575353,0.010106286,0.5348442963,0.01876099654,0.009986325251,0.5322918337,0.9988459287,0.9821071065,0.9560584438,ok,,0.0002549124848,0.0002516352313,0.01596597898,0.01586301457,0.01889575353,0.010106286,0.01876099654,0.009986325251,0.34531047127636594,0.34308356812270835,0.4086753192359743,0.21857766353602825,0.40576080959124944,0.21598316539571713,0.11923932157787628,0.11770633474011775
16,256,8,0,0.0002505213728,0.01582786697,0.7638208435,0.0002477968717,0.0157415651,0.765364492,0.7316624863,0.7739690261,0.01889575353,0.01032124647,0.5462204221,0.01876099654,0.0101652894,0.541830994,0.9988459287,0.9544518118,0.9156094474,ok,,0.0002505213728,0.0002477968717,0.01582786697,0.0157415651,0.01889575353,0.01032124647,0.01876099654,0.0101652894,0.34232339962095615,0.3404568720851839,0.4086753192359743,0.22322680539538253,0.40576080959124944,0.219853782707075,0.11718530991868559,0.11591088170440231
16,256,16,0,0.0002446191371,0.01564030489,0.7693851793,0.000242801419,0.01558208648,0.7700946186,0.7516582845,0.7923029268,0.01889575353,0.01060331855,0.561148225,0.01876099654,0.0104683974,0.5579872784,0.9988459287,0.9119713881,0.8272615182,ok,,0.0002446191371,0.000242801419,0.01564030489,0.01558208648,0.01889575353,0.01060331855,0.01876099654,0.0104683974,0.3382668271853099,0.33700768569331346,0.4086753192359743,0.2293274299171057,0.40576080959124944,0.22640936983760726,0.11442444639639521,0.11357418018352658
16,512,4,0,0.0002548652035,0.01596449822,0.7597256949,0.0002515643748,0.01586078103,0.7617970942,0.674571007,0.7340699833,0.01889575353,0.01010862493,0.5349680771,0.01876099654,0.009991854645,0.5325865618,0.9992566533,0.9874587919,0.9689865335,ok,,0.0002548652035,0.0002515643748,0.01596449822,0.01586078103,0.01889575353,0.01010862493,0.01876099654,0.009991854645,0.3452784455588019,0.3430352613604997,0.4086753192359743,0.2186282496617894,0.40576080959124944,0.21610275453274433,0.1192172050066156,0.11767319049849298
16,512,8,0,0.0002503982176,0.01582397604,0.7639369481,0.0002473914224,0.01572868152,0.7657484064,0.6891577309,0.7491694944,0.01889575353,0.01032721085,0.5465360685,0.01876099654,0.01019205469,0.5432576392,0.9992566533,0.9691395549,0.944949343,ok,,0.0002503982176,0.0002473914224,0.01582397604,0.01572868152,0.01889575353,0.01032721085,0.01876099654,0.01019205469,0.3422392470065949,0.34017822740657694,0.4086753192359743,0.22335580236269983,0.40576080959124944,0.22043265951226976,0.11712770213808471,0.11572122642131895
16,512,16,0,0.000244532657,0.01563753999,0.7694667085,0.0002427845547,0.01558154533,0.7701105872,0.7078550919,0.7654894838,0.01889575353,0.01060739575,0.561363998,0.01876099654,0.0104725281,0.5582074533,0.9992566533,0.9406095495,0.8849329693,ok,,0.000244532657,0.0002427845547,0.01563753999,0.01558154533,0.01889575353,0.01060739575,0.01876099654,0.0104725281,0.33820702822633425,0.33699598175948237,0.4086753192359743,0.22941561115893572,0.40576080959124944,0.2264987081716667,0.11438399397029268,0.11356629164212202
16,1024,4,0,0.0002548085409,0.01596272348,0.7597791135,0.0002515288014,0.01585965956,0.7618307782,0.6358214322,0.7115068752,0.01889575353,0.01011142723,0.5351163801,0.01876099654,0.009998917035,0.5329630019,0.9995592778,0.9920764447,0.9803505783,ok,,0.0002548085409,0.0002515288014,0.01596272348,0.01585965956,0.01889575353,0.01011142723,0.01876099654,0.009998917035,0.34524006167350674,0.34301100632830234,0.4086753192359743,0.21868885750393108,0.40576080959124944,0.21625549914190942,0.11919070018482102,0.11765655048148659
16,1024,8,0,0.0002506859871,0.01583306626,0.7636656533,0.0002479133678,0.01574526493,0.7652541834,0.6485135307,0.724204684,0.01889575353,0.01031326885,0.545798231,0.01876099654,0.01024936998,0.5463126628,0.9995592778,0.9801691853,0.9640693595,ok,,0.0002506859871,0.0002479133678,0.01583306626,0.01574526493,0.01889575353,0.01031326885,0.01876099654,0.01024936998,0.3424358493042767,0.34053689160935724,0.4086753192359743,0.2230542662904949,0.40576080959124944,0.2216722684223174,0.1172623108449816,0.1159653745863079
16,1024,16,0,0.0002444955444,0.0156363533,0.7695016964,0.0002427824892,0.01558147905,0.770112543,0.667118657,0.7418375484,0.01889575353,0.01060914497,0.5614565705,0.01876099654,0.01047430793,0.5583023218,0.9995592778,0.9620212006,0.928101288,ok,,0.0002444955444,0.0002427824892,0.0156363533,0.01558147905,0.01889575353,0.01060914497,0.01876099654,0.01047430793,0.3381813626230115,0.33699454826279135,0.4086753192359743,0.22945344310042345,0.40576080959124944,0.22653720214293283,0.11436663396829254,0.11356532547203069
32,4,4,0,0.0002537856445,0.0159306511,0.7607434497,0.0002506034298,0.01583045892,0.7627070001,0.9875982395,0.9848347258,0.01889575353,0.01016188255,0.5377865739,0.01876099654,0.01006875048,0.5366852695,0.9965862953,0.9595408251,0.896732017,ok,,0.0002537856445,0.0002506034298,0.0159306511,0.01583045892,0.01889575353,0.01016188255,0.01876099654,0.01006875048,0.3445464036982189,0.34237945803598635,0.4086753192359743,0.2197800997227405,0.40576080959124944,0.21776584935807897,0.11871222431544118,0.11722369337023915
32,8,4,0,0.0002538709977,0.01593332977,0.7606629829,0.0002507034596,0.01583361802,0.7626122832,0.9504090005,0.9504611208,0.01889575353,0.01015768201,0.537564273,0.01876099654,0.01006188088,0.5363191053,0.9968965592,0.9615576148,0.9011201805,ok,,0.0002538709977,0.0002507034596,0.01593332977,0.01583361802,0.01889575353,0.01015768201,0.01876099654,0.01006188088,0.34460433768405546,0.34244778271004334,0.4086753192359743,0.21968925089669408,0.40576080959124944,0.21761727439023948,0.11875214961635568,0.1172704838814961
32,8,8,0,0.00025028437,0.01582037832,0.764044278,0.0002477658676,0.01574058028,0.7653938494,0.9667866554,0.9641518185,0.01889575353,0.0103327214,0.5468276976,0.01876099654,0.01023845072,0.545730644,0.9968965592,0.7996701546,0.5156665279,ok,,0.00025028437,0.0002477658676,0.01582037832,0.01574058028,0.01889575353,0.0103327214,0.01876099654,0.01023845072,0.3421614359064879,0.34043557250444734,0.4086753192359743,0.22347498394372756,0.40576080959124944,0.2214361078447974,0.11707444813368426,0.11589637904929291
32,16,4,0,0.0002540892293,0.01594017658,0.760457245,0.0002513149097,0.01585291486,0.7620333094,0.9039992509,0.9042672645,0.01889575353,0.01014693413,0.5369954743,0.01876099654,0.01001738555,0.5339474118,0.9970263575,0.965953619,0.9143258666,ok,,0.0002540892293,0.0002513149097,0.01594017658,0.01585291486,0.01889575353,0.01014693413,0.01876099654,0.01001738555,0.34475241975223314,0.34286513268419105,0.4086753192359743,0.2194567969073289,0.40576080959124944,0.21665493419230084,0.11885423087750406,0.1175564992767794
32,16,8,0,0.0002496971808,0.01580180942,0.7645978509,0.0002471435823,0.01572080094,0.7659830829,0.9230791641,0.9228151825,0.01889575353,0.0103610965,0.5483293631,0.01876099654,0.01026449784,0.5471190092,0.9970263575,0.8900382766,0.7924277772,ok,,0.0002496971808,0.0002471435823,0.01580180942,0.01572080094,0.01889575353,0.0103610965,0.01876099654,0.01026449784,0.341759829740144,0.3400077870723426,0.4086753192359743,0.2240886775459669,0.40576080959124944,0.22199945214669448,0.1167997811557181,0.11560529531889775
32,16,16,0,0.0002449701954,0.01565152374,0.769054219,0.0002427038605,0.01557895569,0.7701869954,0.9431829609,0.9421559259,0.01889575353,0.01058675145,0.5602714614,0.01876099654,0.0104882293,0.5590443598,0.9970263575,0.7153832459,0.2605435879,ok,,0.0002449701954,0.0002427038605,0.01565152374,0.01557895569,0.01889575353,0.01058675145,0.01876099654,0.0104882293,0.3385094672630359,0.33693997330488296,0.4086753192359743,0.22896911846524617,0.40576080959124944,0.22683829203172293,0.11458865943428986,0.11352854566168948
32,32,4,0,0.0002539969345,0.01593728128,0.7605442559,0.0002510689993,0.01584515697,0.7622661586,0.8574715757,0.8638834609,0.01889575353,0.01015148102,0.5372361048,0.01876099654,0.01006387026,0.5364251432,0.9976233758,0.9705582157,0.9258049524,ok,,0.0002539969345,0.0002510689993,0.01593728128,0.01584515697,0.01889575353,0.01015148102,0.01876099654,0.01006387026,0.34468980051612247,0.3426973458760431,0.4086753192359743,0.21955513655381775,0.40576080959124944,0.21766030048630336,0.11881105853407883,0.11744147082186498
32,32,8,0,0.0002497864801,0.01580463477,0.764513664,0.0002472244112,0.01572337149,0.7659065471,0.8748132219,0.8801877593,0.01889575353,0.01035678625,0.5481012562,0.01876099654,0.0102585951,0.5468043808,0.9976233758,0.912198715,0.8281070085,ok,,0.0002497864801,0.0002472244112,0.01580463477,0.01572337149,0.01889575353,0.01035678625,0.01876099654,0.0102585951,0.34182093610519954,0.34006338265048097,0.4086753192359743,0.22399545592387385,0.40576080959124944,0.22187178832264867,0.11684155230693392,0.11564310430737255
32,32,16,0,0.0002434685978,0.01560348031,0.7704698509,0.000241583625,0.01554296062,0.7712477313,0.900208243,0.9035808276,0.01889575353,0.0106574342,0.5640121302,0.01876099654,0.01054912058,0.562289991,0.9976233758,0.8304807469,0.6623799586,ok,,0.0002434685978,0.000241583625,0.01560348031,0.01554296062,0.01889575353,0.0106574342,0.01876099654,0.01054912058,0.33747038914099814,0.3361614758133796,0.4086753192359743,0.23049783735834906,0.40576080959124944,0.22815524206778146,0.11388626355420009,0.11300453789827117
32,32,32,0,0.0002410075968,0.01552441937,0.7727899609,0.0002396892377,0.01548190033,0.773041501,0.9099085581,0.9113139524,0.01889575353,0.01077227482,0.5700897189,0.01876099654,0.01066776975,0.5686142379,0.9976233758,0.5734765366,0.03014727546,ok,,0.0002410075968,0.0002396892377,0.01552441937,0.01548190033,0.01889575353,0.01077227482,0.01876099654,0.01066776975,0.3357604676582534,0.33484087044727057,0.4086753192359743,0.2329815979009093,0.40576080959124944,0.2307213735189485,0.11273509165348793,0.11211840846198652
32,64,4,0,0.0002541474228,0.01594200185,0.760402383,0.0002514010742,0.01585563225,0.7619517214,0.8100857843,0.8240286108,0.01889575353,0.01014406618,0.5368436968,0.01876099654,0.01005036335,0.5357051973,0.9980422244,0.9770353434,0.9422097329,ok,,0.0002541474228,0.0002514010742,0.01594200185,0.01585563225,0.01889575353,0.01014406618,0.01876099654,0.01005036335,0.3447918964949181,0.34292390410201123,0.4086753192359743,0.21939476919406822,0.40576080959124944,0.21736817449368934,0.11888145180183693,0.11759680407602122
32,64,8,0,0.0002499014607,0.01580827191,0.764405266,0.0002472766437,0.01572503239,0.7658570888,0.8266297939,0.8407582608,0.01889575353,0.01035123378,0.5478074089,0.01876099654,0.01026793641,0.5473022921,0.9980422244,0.9316862336,0.8663930931,ok,,0.0002499014607,0.0002472766437,0.01580827191,0.01572503239,0.01889575353,0.01035123378,0.01876099654,0.01026793641,0.3418995997768148,0.340099304416535,0.4086753192359743,0.22387536770160765,0.40576080959124944,0.2220738211677676,0.11689533628989329,0.11566753688025812
32,64,16,0,0.0002434193586,0.0156019024,0.7705162712,0.0002417899517,0.01554959651,0.7710523634,0.8512668347,0.8625138005,0.01889575353,0.01065974404,0.5641343712,0.01876099654,0.01055288799,0.562490802,0.9980422244,0.8764825389,0.7642103993,ok,,0.0002434193586,0.0002417899517,0.0156019024,0.01554959651,0.01889575353,0.01065974404,0.01876099654,0.01055288799,0.3374362622737127,0.33630499612654724,0.4086753192359743,0.2305477943287279,0.40576080959124944,0.22823672320490568,0.11386323114443936,0.11310105045531875
32,64,32,0,0.000238465331,0.01544232272,0.7751866834,0.0002380561993,0.01542906994,0.774587803,0.8696255625,0.8770383909,0.01889575353,0.01088963592,0.5763006967,0.01876099654,0.01078205029,0.5747056274,0.9980422244,0.7306166792,0.3152860948,ok,,0.000238465331,0.0002380561993,0.01544232272,0.01542906994,0.01889575353,0.01088963592,0.01876099654,0.01078205029,0.3339848901670628,0.3336982604706781,0.4086753192359743,0.23551987111304856,0.40576080959124944,0.23319302071167938,0.11154590686522432,0.11135452908165959
32,128,4,0,0.0002541953532,0.01594350505,0.7603571965,0.000251420131,0.01585623319,0.7619336767,0.7635305406,0.7898589381,0.01889575353,0.01014170342,0.536718655,0.01876099654,0.01008247543,0.5374168375,0.9985211091,0.9822770467,0.9556373779,ok,,0.0002541953532,0.000251420131,0.01594350505,0.01585623319,0.01889575353,0.01014170342,0.01876099654,0.01008247543,0.34482440754238175,0.3429369011675133,0.4086753192359743,0.2193436676756374,0.40576080959124944,0.21806269109629506,0.11890387199982543,0.11760571819376335
32,128,8,0,0.0002497867076,0.01580464196,0.7645134495,0.0002473197803,0.01572640392,0.7658162434,0.7797224873,0.8058073452,0.01889575353,0.01035677527,0.548100675,0.01876099654,0.01029703603,0.548853362,0.9985211091,0.9496869546,0.9077718436,ok,,0.0002497867076,0.0002473197803,0.01580464196,0.01572640392,0.01889575353,0.01035677527,0.01876099654,0.01029703603,0.34182109160974405,0.3401289677194407,0.4086753192359743,0.22399521844961817,0.40576080959124944,0.22270318461041969,0.11684165872363486,0.11568771470294581
32,128,16,0,0.0002433910813,0.01560099616,0.7705429297,0.0002419492184,0.01555471692,0.7709015559,0.8026317122,0.8262295556,0.01889575353,0.01066107032,0.5642045604,0.01876099654,0.01056742548,0.56326568,0.9985211091,0.9099097509,0.8387400462,ok,,0.0002433910813,0.0002419492184,0.01560099616,0.01555471692,0.01889575353,0.01066107032,0.01876099654,0.01056742548,0.3374166622127405,0.3364157398017358,0.4086753192359743,0.2305764789695143,0.40576080959124944,0.22855113847060052,0.11385000399289086,0.11317554995765913
32,128,32,0,0.0002373446983,0.01540599553,0.7762431604,0.0002374395408,0.01540907333,0.7751717086,0.8237042287,0.8430304488,0.01889575353,0.01094096902,0.5790173441,0.01876099654,0.01083229092,0.5773835571,0.9985211091,0.8117100796,0.5419359022,ok,,0.0002373446983,0.0002374395408,0.01540599553,0.01540907333,0.01889575353,0.01094096902,0.01876099654,0.01083229092,0.3331992096200221,0.3332657759464482,0.4086753192359743,0.23663009786301994,0.40576080959124944,0.23427961963832544,0.11102171330526267,0.11106607737540865
32,256,4,0,0.0002543376125,0.01594796578,0.7602230816,0.0002517453706,0.01586648577,0.7616257118,0.7184375079,0.7591578877,0.01889575353,0.01013468742,0.5363473544,0.01876099654,0.01004441009,0.5353878761,0.9989492601,0.9870838429,0.9683040714,ok,,0.0002543376125,0.0002517453706,0.01594796578,0.01586648577,0.01889575353,0.01013468742,0.01876099654,0.01004441009,0.3449208837296839,0.343158642861902,0.4086753192359743,0.2191919263843887,0.40576080959124944,0.21723941802853264,0.11897041602348692,0.11775785412890473
32,256,8,0,0.0002499679956,0.0158103762,0.7643425402,0.0002476362424,0.01573646219,0.7655165897,0.733560393,0.7745816385,0.01889575353,0.01034801942,0.5476372987,0.01876099654,0.0102929348,0.5486347581,0.9989492601,0.963812602,0.9357451221,ok,,0.0002499679956,0.0002476362424,0.0158103762,0.01573646219,0.01889575353,0.01034801942,0.01876099654,0.0102929348,0.3419451111339644,0.3403465068981078,0.4086753192359743,0.22380584787023106,0.40576080959124944,0.2226144836503416,0.11692645903518949,0.11583574482449407
32,256,16,0,0.0002435163652,0.0156050109,0.7704248182,0.0002421016854,0.01555961713,0.7707571869,0.7553356052,0.7948596318,0.01889575353,0.01065519293,0.5638935177,0.01876099654,0.01056226955,0.5629908586,0.9989492601,0.9368149092,0.8811830081,ok,,0.0002435163652,0.0002421016854,0.0156050109,0.01555961713,0.01889575353,0.01065519293,0.01876099654,0.01056226955,0.3375034925764275,0.33652172101507527,0.4086753192359743,0.23044936341253422,0.40576080959124944,0.22843962657268319,0.11390860750637649,0.1132468687934442
32,256,32,0,0.0002368295451,0.0153892672,0.7767288214,0.0002372848459,0.0154040529,0.7753181871,0.7772610815,0.8121482538,0.01889575353,0.01096448615,0.5802619159,0.01876099654,0.01085668376,0.5786837459,0.9989492601,0.8682848078,0.7066308901,ok,,0.0002368295451,0.0002372848459,0.0153892672,0.0154040529,0.01889575353,0.01096448615,0.01876099654,0.01085668376,0.332837411103113,0.3331571946279157,0.4086753192359743,0.23713872381408377,0.40576080959124944,0.2348071853508145,0.11078074229858614,0.11099371640437958
32,512,4,0,0.000254434147,0.01595099204,0.7601320737,0.0002520811482,0.01587706359,0.7613077685,0.6759923224,0.7321869418,0.01889575353,0.01012992372,0.5360952503,0.01876099654,0.01005057159,0.5357162968,0.9993308457,0.9912945404,0.9792821872,ok,,0.000254434147,0.0002520811482,0.01595099204,0.01587706359,0.01889575353,0.01012992372,0.01876099654,0.01005057159,0.3449863353545491,0.34338741881192997,0.4086753192359743,0.21908889759460512,0.40576080959124944,0.2173726782859484,0.11901557155322841,0.11791491937918644
32,512,8,0,0.0002501347141,0.01581564776,0.7641853662,0.0002481023572,0.01575126526,0.7650752319,0.6900085573,0.7466408373,0.01889575353,0.01033996071,0.5472108158,0.01876099654,0.0102777004,0.5478227332,0.9993308457,0.9749808717,0.9548315508,ok,,0.0002501347141,0.0002481023572,0.01581564776,0.01575126526,0.01889575353,0.01033996071,0.01876099654,0.0102777004,0.3420591238650498,0.340666666099397,0.4086753192359743,0.22363155495956988,0.40576080959124944,0.222284995690336,0.11700444423411013,0.11605377734876612
32,512,16,0,0.000243539136,0.01560574048,0.770403351,0.0002423007946,0.01556601409,0.7705686531,0.710973395,0.7672145337,0.01889575353,0.01065412434,0.5638369661,0.01876099654,0.01057024009,0.5634157049,0.9993308457,0.9565744106,0.9186931851,ok,,0.000243539136,0.0002423007946,0.01560574048,0.01556601409,0.01889575353,0.01065412434,0.01876099654,0.01057024009,0.3375192718539744,0.3366600737759741,0.4086753192359743,0.23042625206327316,0.40576080959124944,0.22861201255209448,0.1139192589059967,0.11334000525141934
32,512,32,0,0.0002365876759,0.01538140682,0.7769568437,0.0002372535412,0.01540303675,0.7753478291,0.732420192,0.7847189821,0.01889575353,0.01097551027,0.5808453338,0.01876099654,0.01086780349,0.579276451,0.9993308457,0.9109593409,0.7951067074,ok,,0.0002365876759,0.0002372535412,0.01538140682,0.01540303675,0.01889575353,0.01097551027,0.01876099654,0.01086780349,0.33266740765229974,0.33313521744531843,0.4086753192359743,0.23737715229237352,0.40576080959124944,0.23504768167187165,0.11066760417849283,0.11097907313889524
32,1024,4,0,0.0002544310864,0.0159508961,0.760134959,0.0002521191059,0.01587825891,0.7612718268,0.6369940179,0.7094227026,0.01889575353,0.01013007478,0.5361032449,0.01876099654,0.0100499548,0.5356834207,0.9995991491,0.9946473368,0.9873490135,ok,,0.0002544310864,0.0002521191059,0.0159508961,0.01587825891,0.01889575353,0.01013007478,0.01876099654,0.0100499548,0.34498426037457725,0.34341327106396186,0.4086753192359743,0.21909216470399168,0.40576080959124944,0.21735933841835586,0.11901413990947071,0.11793267468999521
32,1024,8,0,0.0002500647388,0.01581343539,0.7642513355,0.0002478928784,0.01574461427,0.7652735846,0.6504046929,0.7243020631,0.01889575353,0.01034334388,0.5473898601,0.01876099654,0.01030164564,0.5490990638,0.9995991491,0.9841413592,0.970531594,ok,,0.0002500647388,0.0002478928784,0.01581343539,0.01574461427,0.01889575353,0.01034334388,0.01876099654,0.01030164564,0.3420112749653178,0.34052281920505795,0.4086753192359743,0.22370472579541847,0.40576080959124944,0.22280288075830354,0.1169717121876364,0.11595579034739764
32,1024,16,0,0.0002437037185,0.01561101273,0.7702481907,0.0002425313004,0.01557341646,0.7703503903,0.6694611602,0.7427282052,0.01889575353,0.01064639765,0.5634280546,0.01876099654,0.01057062295,0.5634361118,0.9995991491,0.9723075586,0.9504368461,ok,,0.0002437037185,0.0002425313004,0.01561101273,0.01557341646,0.01889575353,0.01064639765,0.01876099654,0.01057062295,0.3376332995083054,0.33682017143590864,0.4086753192359743,0.23025914004536005,0.40576080959124944,0.22862029300687892,0.11399624495734287,0.11344782796254833
32,1024,32,0,0.0002364799978,0.01537790616,0.7770583572,0.0002372411951,0.01540263598,0.7753595195,0.6904646344,0.7605108122,0.01889575353,0.01098041455,0.5811048779,0.01876099654,0.01087271792,0.5795384004,0.9995991491,0.9433995502,0.8651606896,ok,,0.0002364799978,0.0002372411951,0.01537790616,0.01540263598,0.01889575353,0.01098041455,0.01876099654,0.01087271792,0.3325916957554037,0.33312654963498584,0.4086753192359743,0.237483221531234,0.40576080959124944,0.2351539704338374,0.11061723605469197,0.11097329805655948
64,4,4,0,0.0002532519876,0.01591389291,0.761246555,0.0002501306408,0.01581551899,0.7631546776,0.9901468536,0.9871336735,0.01889575353,0.01018810649,0.5391743958,0.01876099654,0.01012404575,0.5396326217,0.9971392452,0.9679160728,0.9190113031,ok,,0.0002532519876,0.0002501306408,0.01591389291,0.01581551899,0.01889575353,0.01018810649,0.01876099654,0.01012404575,0.3441839593724505,0.342056338841379,0.4086753192359743,0.2203472682685257,0.40576080959124944,0.2189617694934476,0.11846259791224137,0.11700253888400944
64,8,4,0,0.0002533509662,0.01591700243,0.7611532428,0.0002503075407,0.0158211106,0.7629871735,0.9528010753,0.9523176991,0.01889575353,0.01018324778,0.538917263,0.01876099654,0.01009333765,0.5379958163,0.9973432466,0.9694778428,0.9224406083,ok,,0.0002533509662,0.0002503075407,0.01591700243,0.0158211106,0.01889575353,0.01018324778,0.01876099654,0.01009333765,0.34425121173561524,0.3421772735793436,0.4086753192359743,0.22024218461270997,0.40576080959124944,0.21829761801884748,0.11850889670817515,0.11708528659281522
64,8,8,0,0.0002487477787,0.01577173988,0.7654929003,0.0002464663336,0.01569924627,0.7666243605,0.9737189233,0.9701552355,0.01889575353,0.01040681137,0.5507486827,0.01876099654,0.01032818176,0.5505134941,0.9973432466,0.8502444543,0.6716234143,ok,,0.0002487477787,0.0002464663336,0.01577173988,0.01569924627,0.01889575353,0.01040681137,0.01876099654,0.01032818176,0.34110948897234833,0.33954160499448627,0.4086753192359743,0.225077393823485,0.40576080959124944,0.22337680109945668,0.11635568340037501,0.11528850159421668
64,16,4,0,0.0002536322054,0.01592583453,0.7608881045,0.0002508832692,0.0158392951,0.7624420239,0.9060033822,0.9062031042,0.01889575353,0.01016942949,0.5381859724,0.01876099654,0.01006131158,0.5362887607,0.997408663,0.9730775301,0.9336630838,ok,,0.0002536322054,0.0002508832692,0.01592583453,0.0158392951,0.01889575353,0.01016942949,0.01876099654,0.01006131158,0.34444223144177794,0.3425705659839491,0.4086753192359743,0.21994332412704162,0.40576080959124944,0.2176049616312446,0.11864045076460128,0.11735459264821267
64,16,8,0,0.0002486892129,0.0157698831,0.7655481132,0.0002463212195,0.0156946239,0.7667617671,0.9274025934,0.926430155,0.01889575353,0.01040962481,0.5508975754,0.01876099654,0.01031396922,0.5497559363,0.997408663,0.9122760596,0.8324331278,ok,,0.0002486892129,0.0002463212195,0.0157698831,0.0156946239,0.01889575353,0.01040962481,0.01876099654,0.01031396922,0.3410693307347821,0.3394416328746987,0.4086753192359743,0.22513824260034515,0.40576080959124944,0.22306941381731246,0.11632828832686519,0.11522062219298235
64,16,16,0,0.0002421889746,0.01556242188,0.7716762163,0.0002404663279,0.01550697675,0.7723056848,0.9548136775,0.9517724806,0.01889575353,0.01071730035,0.5671803634,0.01876099654,0.01063584977,0.5669128366,0.997408663,0.790437957,0.4616028002,ok,,0.0002421889746,0.0002404663279,0.01556242188,0.01550697675,0.01889575353,0.01071730035,0.01876099654,0.01063584977,0.3365823818455527,0.33538322055426817,0.4086753192359743,0.23179261599333895,0.40576080959124944,0.23003101163442272,0.11328769968878948,0.11248190461763977
64,32,4,0,0.0002536664803,0.01592691057,0.7608557918,0.0002506970031,0.01583341413,0.7626183968,0.8588452841,0.8654744293,0.01889575353,0.01016774416,0.5380967814,0.01876099654,0.01008273456,0.5374306497,0.9979126584,0.9772597228,0.9446407526,ok,,0.0002536664803,0.0002506970031,0.01592691057,0.01583341413,0.01889575353,0.01016774416,0.01876099654,0.01008273456,0.34446550391883546,0.34244337299911515,0.4086753192359743,0.21990687399158268,0.40576080959124944,0.21806829553198512,0.11865648338782238,0.11726746375213533
64,32,8,0,0.0002491682302,0.01578506351,0.7650965195,0.0002464976689,0.01570024423,0.7665946896,0.8773307538,0.8832428453,0.01889575353,0.01038659094,0.5496785785,0.01876099654,0.01031783793,0.5499621465,0.9979126584,0.9298075409,0.8687700511,ok,,0.0002491682302,0.0002464976689,0.01578506351,0.01570024423,0.01889575353,0.01038659094,0.01876099654,0.01031783793,0.34139765100489106,0.3395631887657255,0.4086753192359743,0.22464006854443652,0.40576080959124944,0.22315308585991037,0.11655235619831872,0.115303159173332
64,32,16,0,0.0002418375164,0.01555112589,0.7720075537,0.0002406034122,0.0155113962,0.7721758815,0.9066489337,0.9076061206,0.01889575353,0.0107336846,0.5680474495,0.01876099654,0.01063924693,0.5670939126,0.9979126584,0.8687539679,0.7561286825,ok,,0.0002418375164,0.0002406034122,0.01555112589,0.0155113962,0.01889575353,0.0107336846,0.01876099654,0.01063924693,0.3363380733922271,0.33547880394218277,0.4086753192359743,0.23214697278512084,0.40576080959124944,0.23010448504448236,0.11312329959138405,0.11254602795370862
64,32,32,0,0.0002364021343,0.01537537428,0.7771317631,0.0002360977326,0.01536547209,0.7764422486,0.9277890657,0.925818555,0.01889575353,0.01098395954,0.5812924858,0.01876099654,0.01089368869,0.5806561856,0.9979126584,0.6935221395,0.2544054878,ok,,0.0002364021343,0.0002360977326,0.01537537428,0.01536547209,0.01889575353,0.01098395954,0.01876099654,0.01089368869,0.33253693652785427,0.3323227730305923,0.4086753192359743,0.23755989219258858,0.40576080959124944,0.2356075239854736,0.11058081417867846,0.11043842549880023
64,64,4,0,0.0002538685749,0.01593325375,0.760665267,0.0002510603576,0.01584488427,0.7622743413,0.8111826422,0.8254250521,0.01889575353,0.01015780127,0.5375705844,0.01876099654,0.01007599864,0.5370716112,0.9983425523,0.9814259922,0.9535838506,ok,,0.0002538685749,0.0002510603576,0.01593325375,0.01584488427,0.01889575353,0.01015780127,0.01876099654,0.01007599864,0.34460269353169504,0.3426914479498568,0.4086753192359743,0.21969183023911062,0.40576080959124944,0.21792261178076675,0.11875101631357317,0.1174374285308564
64,64,8,0,0.0002493074248,0.01578947196,0.7649652937,0.0002467028587,0.01570677748,0.7664003981,0.8289180723,0.8430711684,0.01889575353,0.01037988809,0.5493238506,0.01876099654,0.01032624364,0.5504101882,0.9983425523,0.9469010934,0.9005210861,ok,,0.0002493074248,0.0002467028587,0.01578947196,0.01570677748,0.01889575353,0.01037988809,0.01876099654,0.01032624364,0.3414929964859922,0.339704489192044,0.4086753192359743,0.22449510002761122,0.40576080959124944,0.22333488364914383,0.1166174666603831,0.11539913992753437
64,64,16,0,0.0002423160805,0.01556650508,0.7715563872,0.0002409482402,0.01552250754,0.7718493686,0.8553894877,0.8658203231,0.01889575353,0.01071136877,0.5668664526,0.01876099654,0.01062593749,0.5663844919,0.9983425523,0.9060848902,0.8303317082,ok,,0.0002423160805,0.0002409482402,0.01556650508,0.01552250754,0.01889575353,0.01071136877,0.01876099654,0.01062593749,0.33667069285473555,0.33571911880522487,0.4086753192359743,0.23166432842088386,0.40576080959124944,0.22981662991172902,0.113347155471414,0.11270732667084801
64,64,32,0,0.0002347804303,0.01532254647,0.7786606254,0.0002352247052,0.01533703704,0.7772689065,0.8830336297,0.8879155053,0.01889575353,0.01105753459,0.5851862203,0.01876099654,0.01096013927,0.584198139,0.9983425523,0.8217669209,0.636766902,ok,,0.0002347804303,0.0002352247052,0.01532254647,0.01533703704,0.01889575353,0.01105753459,0.01876099654,0.01096013927,0.3313943823512235,0.33170778283621916,0.4086753192359743,0.2391511654381257,0.40576080959124944,0.2370447099623017,0.10982223664211001,0.11003005320986911
64,64,64,0,0.0002314297353,0.01521281484,0.7818194949,0.0002329013761,0.01526110665,0.7794688354,0.8950512998,0.8967618142,0.01889575353,0.0112080224,0.593150328,0.01876099654,0.01111083848,0.5922307195,0.9983425523,0.5682221716,0.004156312998,ok,,0.0002314297353,0.0002329013761,0.01521281484,0.01526110665,0.01889575353,0.0112080224,0.01876099654,0.01111083848,0.32902111849332355,0.3300655685512109,0.4086753192359743,0.24240589956107195,0.40576080959124944,0.24030401622164613,0.10825489638834468,0.10894327950436193
64,128,4,0,0.0002538576434,0.0159329107,0.7606755727,0.0002510628697,0.01584496354,0.7622719626,0.7647829961,0.7912738053,0.01889575353,0.01015833934,0.5375990602,0.01876099654,0.01012519904,0.5396940945,0.9987395975,0.9854274467,0.9640211391,ok,,0.0002538576434,0.0002510628697,0.0159329107,0.01584496354,0.01889575353,0.01015833934,0.01876099654,0.01012519904,0.34459527408329665,0.3426931623928666,0.4086753192359743,0.21970346755903394,0.40576080959124944,0.2189867127251728,0.11874590293262265,0.11743860360511754
64,128,8,0,0.0002490243561,0.01578050557,0.7652321568,0.0002466111195,0.01570385684,0.7664872647,0.7824884519,0.8085415003,0.01889575353,0.01039351458,0.5500449912,0.01876099654,0.01035005724,0.5516795024,0.9987395975,0.9595547634,0.9244932109,ok,,0.0002490243561,0.0002466111195,0.01578050557,0.01570385684,0.01889575353,0.01039351458,0.01876099654,0.01035005724,0.3412990723701941,0.33964132190514645,0.4086753192359743,0.22478981228356726,0.40576080959124944,0.2238499216213902,0.11648505682657517,0.11535622747474227
64,128,16,0,0.0002422868875,0.01556556737,0.7715839089,0.0002411889329,0.01553025862,0.7716214599,0.8065210799,0.8290969157,0.01889575353,0.0107127314,0.5669385653,0.01876099654,0.01062997045,0.5665994571,0.9987395975,0.9303406909,0.881705944,ok,,0.0002422868875,0.0002411889329,0.01556556737,0.01553025862,0.01889575353,0.0107127314,0.01876099654,0.01062997045,0.3366504121639977,0.3358867583274273,0.4086753192359743,0.2316937992355495,0.40576080959124944,0.22990385433561078,0.11333349998679718,0.11281991446457364
64,128,32,0,0.0002344961409,0.01531326683,0.7789286394,0.0002355606907,0.01534798653,0.7769507664,0.833447253,0.8499572402,0.01889575353,0.01107038214,0.5858661375,0.01876099654,0.01095838399,0.5841045792,0.9987395975,0.8784021668,0.7610898661,ok,,0.0002344961409,0.0002355606907,0.01531326683,0.01534798653,0.01889575353,0.01107038214,0.01876099654,0.01095838399,0.33119368329821275,0.33194459722491854,0.4086753192359743,0.23942903086377884,0.40576080959124944,0.23700674695578758,0.10968925580668966,0.11018721570864368
64,128,64,0,0.0002285031112,0.01511631937,0.7845785713,0.0002311532701,0.01520372553,0.7811240933,0.8535823965,0.8660079207,0.01889575353,0.01133783005,0.6000200011,0.01876099654,0.01123955507,0.5990915807,0.9987395975,0.717683622,0.2378299994,ok,,0.0002285031112,0.0002311532701,0.01511631937,0.01520372553,0.01889575353,0.01133783005,0.01876099654,0.01123955507,0.326934124876241,0.3288245358770237,0.4086753192359743,0.24521336541411654,0.40576080959124944,0.24308788474669332,0.10688592196376419,0.10812557544545813
64,256,4,0,0.0002538606215,0.01593300416,0.7606727651,0.0002513492626,0.01585399832,0.7620007811,0.720103777,0.760661707,0.01889575353,0.01015819275,0.5375913026,0.01876099654,0.01008097314,0.5373367625,0.9990712961,0.9891244608,0.9731903806,ok,,0.0002538606215,0.0002513492626,0.01593300416,0.01585399832,0.01889575353,0.01015819275,0.01876099654,0.01008097314,0.344597295426096,0.34288856564020814,0.4086753192359743,0.21970029712632524,0.40576080959124944,0.21803019973021323,0.11874729598570857,0.11757256838572654
64,256,8,0,0.0002491537375,0.01578460445,0.7651101824,0.0002470535878,0.01571793841,0.7660682975,0.736344143,0.7767616569,0.01889575353,0.01038728858,0.5497154988,0.01876099654,0.01035139511,0.551750814,0.9990712961,0.9708628784,0.9457361663,ok,,0.0002491537375,0.0002470535878,0.01578460445,0.01571793841,0.01889575353,0.01038728858,0.01876099654,0.01035139511,0.34138772250472565,0.3399458765822573,0.4086753192359743,0.2246551570271085,0.40576080959124944,0.22387885692944648,0.11654557701009187,0.11556319897695451
64,256,16,0,0.0002423105339,0.01556632692,0.7715616163,0.0002412979499,0.01553376805,0.7715182332,0.7593362066,0.7977684696,0.01889575353,0.01071162768,0.5668801546,0.01876099654,0.01061206884,0.5656452637,0.9990712961,0.9512269187,0.9170953432,ok,,0.0002423105339,0.0002412979499,0.01556632692,0.01553376805,0.01889575353,0.01071162768,0.01876099654,0.01061206884,0.336666839629472,0.33596265990093743,0.4086753192359743,0.23166992809843762,0.40576080959124944,0.22951668024541255,0.11334456096208041,0.11287090887989486
64,256,32,0,0.0002343495855,0.01530848084,0.7790668045,0.000235426346,0.01534360929,0.7770779755,0.7852370306,0.8187587256,0.01889575353,0.01107699941,0.5862163366,0.01876099654,0.01099220666,0.5859073973,0.9990712961,0.9146560543,0.8368106122,ok,,0.0002343495855,0.000235426346,0.01530848084,0.01534360929,0.01889575353,0.01107699941,0.01876099654,0.01099220666,0.33109017242271344,0.33184992675033115,0.4086753192359743,0.23957214846559488,0.40576080959124944,0.23773826001440773,0.1096207022147254,0.1101243738635369
64,256,64,0,0.0002271249558,0.01507066541,0.785877828,0.0002306805979,0.01518817296,0.7815716603,0.8080239675,0.8354038764,0.01889575353,0.01139844488,0.6032278556,0.01876099654,0.01130108832,0.6023714303,0.9990712961,0.8078655551,0.4603804699,ok,,0.0002271249558,0.0002306805979,0.01507066541,0.01518817296,0.01889575353,0.01139844488,0.01876099654,0.01130108832,0.3259467259536331,0.32848816657057617,0.4086753192359743,0.24652433641939323,0.40576080959124944,0.24441871924066846,0.1062412681130365,0.10790447559426432
64,512,4,0,0.0002540456132,0.0159388084,0.760498364,0.0002519453585,0.01587278673,0.7614363459,0.6772708723,0.7327061367,0.01889575353,0.01014908313,0.5371092034,0.01876099654,0.0100970123,0.5381916827,0.9994069763,0.9928245735,0.9825911973,ok,,0.0002540456132,0.0002519453585,0.0159388084,0.01587278673,0.01889575353,0.01014908313,0.01876099654,0.0100970123,0.3447228289027661,0.3432949193451555,0.4086753192359743,0.21950327524753607,0.40576080959124944,0.2183770929526968,0.1188338287611544,0.1178514016126166
64,512,8,0,0.0002492852386,0.01578876938,0.7649862097,0.0002475706194,0.01573437699,0.7655787273,0.6927443141,0.7485755904,0.01889575353,0.01038095674,0.5493804059,0.01876099654,0.01033956521,0.5511202556,0.9994069763,0.9798635156,0.9616159429,ok,,0.0002492852386,0.0002475706194,0.01578876938,0.01573437699,0.01889575353,0.01038095674,0.01876099654,0.01033956521,0.34147780116153303,0.34030140841741907,0.4086753192359743,0.22451821267454578,0.40576080959124944,0.2236230011282288,0.11660708871660186,0.11580504863475646
64,512,16,0,0.0002426123375,0.01557601802,0.7712770907,0.0002419585364,0.01555501644,0.7708927327,0.7138700006,0.7684202026,0.01889575353,0.01069753074,0.5661341171,0.01876099654,0.01059991826,0.5649976128,0.9994069763,0.9662847636,0.9422288609,ok,,0.0002426123375,0.0002419585364,0.01557601802,0.01555501644,0.01889575353,0.01069753074,0.01876099654,0.01059991826,0.3368764376949824,0.3364222177879893,0.4086753192359743,0.2313650410006247,0.40576080959124944,0.2292538888117437,0.1134857343398457,0.11317990859862305
64,512,32,0,0.0002343276504,0.01530776438,0.7790874839,0.0002355501161,0.01534764204,0.7769607793,0.7392588583,0.790577962,0.01889575353,0.01107798949,0.5862687334,0.01876099654,0.01099372874,0.5859885274,0.9994069763,0.9420411709,0.891090515,ok,,0.0002343276504,0.0002355501161,0.01530776438,0.01534764204,0.01889575353,0.01107798949,0.01876099654,0.01099372874,0.3310746769031114,0.3319371466323555,0.4086753192359743,0.2395935618090441,0.40576080959124944,0.237771179396475,0.10961044172691604,0.11018226927327804
64,512,64,0,0.0002264973797,0.01504982989,0.7864694757,0.0002305809411,0.01518489187,0.7816660239,0.7624784185,0.8074432419,0.01889575353,0.01142594074,0.6046829898,0.01876099654,0.01132815027,0.6038138884,0.9994069763,0.8692710603,0.6258601043,ok,,0.0002264973797,0.0002305809411,0.01504982989,0.01518489187,0.01889575353,0.01142594074,0.01876099654,0.01132815027,0.3254960975744087,0.3284172035099571,0.4086753192359743,0.24711901391374808,0.40576080959124944,0.24500401217634524,0.10594770952777849,0.10785785955962032
64,1024,4,0,0.0002540802936,0.01593989629,0.7604656691,0.0002520733712,0.01587681868,0.7613151324,0.6380818455,0.709617945,0.01889575353,0.01014737444,0.5370187761,0.01876099654,0.01010744968,0.5387480169,0.999642847,0.9955815856,0.9892568791,ok,,0.0002540802936,0.0002520733712,0.01593989629,0.01587681868,0.01889575353,0.01014737444,0.01876099654,0.01010744968,0.34474635767034545,0.34338212192486617,0.4086753192359743,0.21946631988451673,0.40576080959124944,0.2186028314815528,0.11885005106337429,0.11791128156519456
64,1024,8,0,0.0002493629395,0.01579122983,0.7649129572,0.0002478224484,0.01574237747,0.7653402737,0.6525344705,0.7245780497,0.01889575353,0.0103772136,0.5491823113,0.01876099654,0.01034329803,0.5513192226,0.999642847,0.9873953712,0.9754102804,ok,,0.0002493629395,0.0002478224484,0.01579122983,0.01574237747,0.01889575353,0.0103772136,0.01876099654,0.01034329803,0.3415310155087469,0.34047444193592097,0.4086753192359743,0.2244372564463638,0.40576080959124944,0.2237037341565639,0.11664343453390953,0.11592284560785174
64,1024,16,0,0.0002427784525,0.01558134951,0.7711204858,0.0002420535981,0.0155580718,0.7708027201,0.6721880843,0.7443849894,0.01889575353,0.01068976375,0.5657230728,0.01876099654,0.0106368911,0.566968342,0.999642847,0.9786037435,0.9641940997,ok,,0.0002427784525,0.0002420535981,0.01558134951,0.0155580718,0.01889575353,0.01068976375,0.01876099654,0.0106368911,0.3369917465856437,0.3364882987845158,0.4086753192359743,0.2311970573786583,0.40576080959124944,0.23005353340734402,0.1135634372421553,0.11322437520301448
64,1024,32,0,0.0002343918337,0.01530986067,0.779026975,0.0002357580121,0.01535441344,0.7767639254,0.6964181061,0.7654852898,0.01889575353,0.01107509222,0.5861154045,0.01876099654,0.01100321213,0.5864940119,0.999642847,0.9634987211,0.9346700769,ok,,0.0002343918337,0.0002357580121,0.01530986067,0.01535441344,0.01889575353,0.01107509222,0.01876099654,0.01100321213,0.33112001523712387,0.332083597741187,0.4086753192359743,0.23953089996598592,0.40576080959124944,0.23797628513250907,0.1096404644743489,0.1102795158950675
64,1024,64,0,0.0002262107149,0.01504030302,0.7867397291,0.0002305634733,0.01518431669,0.781682564,0.7192683598,0.7825662953,0.01889575353,0.01143847834,0.6053465037,0.01876099654,0.01134057359,0.6044760772,0.999642847,0.9153754487,0.7492635363,ok,,0.0002262107149,0.0002305634733,0.01504030302,0.01518431669,0.01889575353,0.01143847834,0.01876099654,0.01134057359,0.3252900514576244,0.3284047635789565,0.4086753192359743,0.24739017577423267,0.40576080959124944,0.24527270240131613,0.10581361756167068,0.10784968872160472
128,4,4,0,0.0002526832106,0.01589601241,0.7617827698,0.0002493952433,0.01579225263,0.7638510155,0.9928559906,0.9907402279,0.01889575353,0.01021598213,0.5406496288,0.01876099654,0.01023452832,0.545521572,0.9977712313,0.9777142841,0.9458406347,ok,,0.0002526832106,0.0002493952433,0.01589601241,0.01579225263,0.01889575353,0.01021598213,0.01876099654,0.01023452832,0.3437972418470553,0.34155313651682695,0.4086753192359743,0.22095015960375722,0.40576080959124944,0.22135127460067053,0.11819654353023529,0.11665854514412312
128,8,4,0,0.0002527860004,0.01589924528,0.7616858646,0.0002495529543,0.01579724515,0.7637016811,0.9553930542,0.9558800149,0.01889575353,0.01021095006,0.5403833216,0.01876099654,0.01020766457,0.5440896784,0.9978825869,0.9787181093,0.9481419856,ok,,0.0002527860004,0.0002495529543,0.01589924528,0.01579724515,0.01889575353,0.01021095006,0.01876099654,0.01020766457,0.34386716201071543,0.3416611142008898,0.4086753192359743,0.22084132653656025,0.40576080959124944,0.22077026831321578,0.11824462507487496,0.1167323169433354
128,8,8,0,0.0002474416281,0.01573027743,0.7667242745,0.0002451140589,0.0156561189,0.7679048111,0.9795729938,0.976408156,0.01889575353,0.01046937789,0.5540598247,0.01876099654,0.01046212778,0.5576530945,0.9978825869,0.8848493364,0.7372700434,ok,,0.0002474416281,0.0002451140589,0.01573027743,0.0156561189,0.01889575353,0.01046937789,0.01876099654,0.01046212778,0.3402127435759209,0.33860885088787834,0.4086753192359743,0.22643057576957085,0.40576080959124944,0.22627377117249345,0.11574471092664651,0.1146559538477168
128,16,4,0,0.0002530567034,0.01590775608,0.7614306593,0.0002499765983,0.01581064826,0.7633005384,0.9085207725,0.9102781514,0.01889575353,0.01019768592,0.5396813577,0.01876099654,0.01016752718,0.5419502721,0.9979584706,0.9813675159,0.956531566,ok,,0.0002530567034,0.0002499765983,0.01590775608,0.01581064826,0.01889575353,0.01019768592,0.01876099654,0.01016752718,0.34405123267513377,0.3419509952182998,0.4086753192359743,0.22055445114732083,0.40576080959124944,0.2199021811715463,0.11837125065813905,0.11693048308333505
128,16,8,0,0.0002479259065,0.0157456631,0.7662677208,0.0002455472269,0.01566994661,0.7674946503,0.9306632443,0.9298762889,0.01889575353,0.01044622396,0.5528344739,0.01876099654,0.01043847531,0.5563923689,0.9979584706,0.9298257881,0.8567632593,ok,,0.0002479259065,0.0002455472269,0.0157456631,0.01566994661,0.01889575353,0.01044622396,0.01876099654,0.01043847531,0.34054550318717036,0.3389079151082906,0.4086753192359743,0.225929805068932,0.40576080959124944,0.2257622181025075,0.11597123976032102,0.11485857498841837
128,16,16,0,0.0002400393619,0.01549320373,0.7737027648,0.0002385842933,0.01544617407,0.7740877579,0.9637069216,0.959846983,0.01889575353,0.01081712252,0.5724631463,0.01876099654,0.01080401719,0.5758765086,0.9979584706,0.8346576505,0.6015520896,ok,,0.0002400393619,0.0002385842933,0.01549320373,0.01544617407,0.01889575353,0.01081712252,0.01876099654,0.01080401719,0.33508533916327693,0.33406818674945316,0.4086753192359743,0.23395155911920104,0.40576080959124944,0.23366811845551225,0.11228218455992363,0.11160155335094461
128,32,4,0,0.0002530652665,0.01590802522,0.7614225864,0.000249907351,0.01580845821,0.7633661077,0.861338929,0.8688604659,0.01889575353,0.01019726606,0.5396591377,0.01876099654,0.01017187715,0.5421821345,0.998365402,0.9834982078,0.9612105819,ok,,0.0002530652665,0.000249907351,0.01590802522,0.01580845821,0.01889575353,0.01019726606,0.01876099654,0.01017187715,0.3440570536060242,0.34190362905312033,0.4086753192359743,0.22054537046052725,0.40576080959124944,0.2199962618535151,0.11837525618276215,0.11689809157030431
128,32,8,0,0.0002483493386,0.01575910336,0.76586853,0.0002457420998,0.01567616343,0.7673101277,0.8806542249,0.8864416275,0.01889575353,0.01042593703,0.55176085,0.01876099654,0.01041746914,0.5552726967,0.998365402,0.9439280816,0.8921470844,ok,,0.0002483493386,0.0002457420998,0.01575910336,0.01567616343,0.01889575353,0.01042593703,0.01876099654,0.01041746914,0.3408361876807733,0.3390423718206996,0.4086753192359743,0.22549104153505625,0.40576080959124944,0.22530789892348954,0.11616930678076497,0.1149497298504807
128,32,16,0,0.0002402907802,0.01550131544,0.7734657401,0.0002392169495,0.01546663989,0.7734887043,0.9127145847,0.9133104413,0.01889575353,0.01080549496,0.5718477932,0.01876099654,0.01077902799,0.5745445327,0.998365402,0.8952572661,0.8114533287,ok,,0.0002402907802,0.0002392169495,0.01550131544,0.01546663989,0.01889575353,0.01080549496,0.01876099654,0.01077902799,0.3352607783522215,0.33451081929695364,0.4086753192359743,0.23370007950567884,0.40576080959124944,0.23312765473326708,0.11239978942163836,0.11189748823282858
128,32,32,0,0.0002328799396,0.01526040431,0.7804523141,0.0002332045533,0.01527103642,0.779181761,0.9412346354,0.9374179055,0.01889575353,0.01114313968,0.5897166082,0.01876099654,0.01111352952,0.5923741576,0.998365402,0.7608682755,0.3816535217,ok,,0.0002328799396,0.0002332045533,0.01526040431,0.01527103642,0.01889575353,0.01114313968,0.01876099654,0.01111352952,0.33005037841744583,0.3302803285457381,0.4086753192359743,0.24100262309121326,0.40576080959124944,0.24036221774450844,0.10893325224453976,0.109085095405118
128,64,4,0,0.0002532874025,0.01591500558,0.7612131676,0.0002502434879,0.01581908619,0.7630478242,0.8134639503,0.8287681318,0.01889575353,0.01018636829,0.5390824068,0.01876099654,0.01014246372,0.5406143379,0.9986877031,0.98612056,0.9669853599,ok,,0.0002532874025,0.0002502434879,0.01591500558,0.01581908619,0.01889575353,0.01018636829,0.01876099654,0.01014246372,0.344208024079197,0.34213348985821807,0.4086753192359743,0.2203096746664093,0.40576080959124944,0.21936011136203085,0.11847916378838141,0.11705532488880864
128,64,8,0,0.0002485801372,0.01576642436,0.7656509444,0.0002459802037,0.01568375605,0.7670846704,0.8317110751,0.8459925283,0.01889575353,0.01041486266,0.551174773,0.01876099654,0.01040794883,0.5547652442,0.9986877031,0.9563615463,0.9153491454,ok,,0.0002485801372,0.0002459802037,0.01576642436,0.01568375605,0.01889575353,0.01041486266,0.01876099654,0.01040794883,0.3409945254791245,0.3392065841871136,0.4086753192359743,0.22525152625518652,0.40576080959124944,0.22510199468567765,0.11627726645369629,0.11506110669231456
128,64,16,0,0.0002411881978,0.01553023496,0.7726196992,0.0002399009661,0.01548873675,0.7728410182,0.8595836429,0.8699569867,0.01889575353,0.01076388888,0.5696459185,0.01876099654,0.01074290342,0.5726190183,0.9986877031,0.9235788677,0.8681764772,ok,,0.0002411881978,0.0002399009661,0.01553023496,0.01548873675,0.01889575353,0.01076388888,0.01876099654,0.01074290342,0.3358862466114993,0.33498872780164896,0.4086753192359743,0.2328002276951034,0.40576080959124944,0.23234635642973164,0.11281957060999405,0.1122174477491151
128,64,32,0,0.0002323819622,0.01524407958,0.7809217825,0.0002330972469,0.01526752262,0.779283368,0.8916524986,0.8960605949,0.01889575353,0.01116546189,0.5908979431,0.01876099654,0.01112547433,0.5930108408,0.9986877031,0.8608672387,0.7334335335,ok,,0.0002323819622,0.0002330972469,0.01524407958,0.01526752262,0.01889575353,0.01116546189,0.01876099654,0.01112547433,0.3296973089178041,0.3302043324583393,0.4086753192359743,0.2414854054414021,0.40576080959124944,0.24062055880681182,0.10870031548828907,0.10903490114983465
128,64,64,0,0.0002259528524,0.01503172819,0.7869828292,0.000228877748,0.01512870609,0.7832787545,0.9143547656,0.9119966413,0.01889575353,0.0114497445,0.6059427311,0.01876099654,0.01141021242,0.608187971,0.9986877031,0.6797248327,0.2135238672,ok,,0.0002259528524,0.000228877748,0.01503172819,0.01512870609,0.01889575353,0.0114497445,0.01876099654,0.01141021242,0.3251045959592723,0.3272020235203596,0.4086753192359743,0.24763383906753575,0.40576080959124944,0.24677884350525706,0.10569299832411354,0.10706116421564979
128,128,4,0,0.0002534124094,0.01591893242,0.7610953173,0.0002504072278,0.01582426074,0.7628927811,0.7664310955,0.7938573698,0.01889575353,0.01018023046,0.5387575805,0.01876099654,0.01018228467,0.5427368771,0.9989854387,0.9886404645,0.972975102,ok,,0.0002534124094,0.0002504072278,0.01591893242,0.01582426074,0.01889575353,0.01018023046,0.01876099654,0.01018228467,0.344292953351165,0.3422454044674869,0.4086753192359743,0.2201769263412005,0.40576080959124944,0.22022135457351177,0.11853763773076305,0.1171319168007605
128,128,8,0,0.0002485462108,0.01576534842,0.7656829286,0.0002460331061,0.01568544249,0.7670345778,0.784218281,0.8107860548,0.01889575353,0.01041649129,0.5512609629,0.01876099654,0.01041624872,0.5552076457,0.9989854387,0.9667729947,0.9366726392,ok,,0.0002485462108,0.0002460331061,0.01576534842,0.01568544249,0.01889575353,0.01041649129,0.01876099654,0.01041624872,0.3409712551648562,0.3392430583295328,0.4086753192359743,0.2252867500891612,0.40576080959124944,0.225281503811365,0.11626139684682807,0.11508585262145488
128,128,16,0,0.0002417469521,0.01554821379,0.7720929333,0.0002404283146,0.01550575102,0.7723416791,0.8084161147,0.8319682427,0.01889575353,0.01073790247,0.5682706673,0.01876099654,0.01070009127,0.5703370418,0.9989854387,0.94298766,0.9047970902,ok,,0.0002417469521,0.0002404283146,0.01554821379,0.01550575102,0.01889575353,0.01073790247,0.01876099654,0.01070009127,0.3362750908075285,0.33535671059803634,0.4086753192359743,0.23223819642253804,0.40576080959124944,0.23142041986728387,0.11308093671653448,0.11246412329905706
128,128,32,0,0.0002327247911,0.01525532009,0.7805985804,0.0002337801369,0.0152898704,0.7786367487,0.8394488438,0.8565168965,0.01889575353,0.01115009912,0.5900849153,0.01876099654,0.01110165429,0.5917411831,0.9989854387,0.9049618556,0.8300980082,ok,,0.0002327247911,0.0002337801369,0.01525532009,0.0152898704,0.01889575353,0.01115009912,0.01876099654,0.01110165429,0.3299404174556738,0.33068766783373016,0.4086753192359743,0.24115314110888256,0.40576080959124944,0.24010538155094013,0.10886067909498084,0.10935433368126284
128,128,64,0,0.0002237479015,0.01495820516,0.7890615477,0.0002275935633,0.0150862044,0.7844947316,0.8692269603,0.8788391816,0.01889575353,0.01154563121,0.6110172419,0.01876099654,0.01148756332,0.6123109344,0.9989854387,0.8086837803,0.575106891,ok,,0.0002237479015,0.0002275935633,0.01495820516,0.0150862044,0.01889575353,0.01154563121,0.01876099654,0.01148756332,0.32351444779668426,0.3262828015533054,0.4086753192359743,0.24970766648899967,0.40576080959124944,0.24845178042732802,0.10466159788237053,0.10646046663691476
128,128,128,0,0.0002206563093,0.01485450468,0.7919761479,0.0002262315842,0.01504099678,0.7857843711,0.8792489412,0.883838562,0.01889575353,0.0116787496,0.6180621259,0.01876099654,0.01163005688,0.6199061363,0.9989854387,0.5420039618,0.003718009454,ok,,0.0002206563093,0.0002262315842,0.01485450468,0.01504099678,0.01889575353,0.0116787496,0.01876099654,0.01163005688,0.3212716250004598,0.3253050560240749,0.4086753192359743,0.2525867366696652,0.40576080959124944,0.2515336157735404,0.10321545703598287,0.10582337950477738
128,256,4,0,0.0002533817995,0.01591797096,0.7611241747,0.0002505599353,0.01582908511,0.7627481844,0.7217725733,0.7636562157,0.01889575353,0.01018173374,0.5388371374,0.01876099654,0.01015441373,0.5412512981,0.9992192264,0.9915258057,0.9798739391,ok,,0.0002533817995,0.0002505599353,0.01591797096,0.01582908511,0.01889575353,0.01018173374,0.01876099654,0.01015441373,0.3442721589979888,0.3423497454214866,0.4086753192359743,0.22020943911889554,0.40576080959124944,0.21961856488937337,0.11852331946889984,0.11720334813420084
128,256,8,0,0.000248627678,0.01576793195,0.7656061253,0.0002464233417,0.01569787698,0.766665069,0.7381370301,0.7791109171,0.01889575353,0.01041258006,0.5510539733,0.01876099654,0.01040520278,0.5546188742,0.9992192264,0.9757161669,0.9530846379,ok,,0.000248627678,0.0002464233417,0.01576793195,0.01569787698,0.01889575353,0.01041258006,0.01876099654,0.01040520278,0.34102713147303465,0.33951199013805894,0.4086753192359743,0.22520215842858954,0.40576080959124944,0.22504260341246876,0.11629950441016093,0.11526839145722843
128,256,16,0,0.0002416519548,0.01554515857,0.772182492,0.0002405394184,0.01550933327,0.7722364764,0.7615123085,0.8005394277,0.01889575353,0.01074232501,0.5685047169,0.01876099654,0.01069887429,0.5702721744,0.9992192264,0.9592463024,0.9330872803,ok,,0.0002416519548,0.0002405394184,0.01554515857,0.01550933327,0.01889575353,0.01074232501,0.01876099654,0.01069887429,0.336209012838907,0.33543418711465206,0.4086753192359743,0.23233384664063939,0.40576080959124944,0.2313940991551083,0.1130365002362553,0.11251609384787942
128,256,32,0,0.0002328155777,0.01525829537,0.7805129912,0.0002338231554,0.0152912771,0.778596015,0.7901303436,0.8244326277,0.01889575353,0.01114602726,0.5898694247,0.01876099654,0.01110935571,0.5921516847,0.9992192264,0.9326366874,0.8806014758,ok,,0.0002328155777,0.0002338231554,0.01525829537,0.0152912771,0.01889575353,0.01114602726,0.01876099654,0.01110935571,0.33000476649059773,0.3307180917896024,0.4086753192359743,0.2410650753599966,0.40576080959124944,0.24027194703201887,0.10890314595414961,0.10937445626081921
128,256,64,0,0.000223234867,0.01494104638,0.7895452113,0.000227454392,0.01508159116,0.784626511,0.8200313304,0.846562409,0.01889575353,0.01156782756,0.6121919161,0.01876099654,0.01150851776,0.6134278494,0.9992192264,0.8709935513,0.731125572,ok,,0.000223234867,0.000227454392,0.01494104638,0.01508159116,0.01889575353,0.01156782756,0.01876099654,0.01150851776,0.3231433395536038,0.32618302689617307,0.4086753192359743,0.25018772675268386,0.40576080959124944,0.24890498079548562,0.10442161793092154,0.10639536707379163
128,256,128,0,0.0002175067743,0.01474811087,0.7949453737,0.0002253378208,0.01501125647,0.7866306637,0.8373986236,0.8541526177,0.01889575353,0.01181282046,0.6251574165,0.01876099654,0.01176129727,0.6269015214,0.9992192264,0.6895108138,0.2175686022,ok,,0.0002175067743,0.0002253378208,0.01474811087,0.01501125647,0.01889575353,0.01181282046,0.01876099654,0.01176129727,0.3189705511534999,0.3246618358072082,0.4086753192359743,0.2554864067687566,0.40576080959124944,0.25437206877276847,0.10174221253412793,0.10540530762590983
128,512,4,0,0.000253561121,0.01592360264,0.7609551193,0.000251230043,0.01585023795,0.7621136685,0.6788618194,0.7353416089,0.01889575353,0.01017292389,0.5383709029,0.01876099654,0.01015905978,0.5414989421,0.9994839143,0.9941690663,0.9861586701,ok,,0.000253561121,0.000251230043,0.01592360264,0.01585023795,0.01889575353,0.01017292389,0.01876099654,0.01015905978,0.34439396036559133,0.3428072367634446,0.4086753192359743,0.22001890063333288,0.40576080959124944,0.21971904915764673,0.11860719991916929,0.11751680154388691
128,512,8,0,0.0002488715932,0.01577566459,0.7653761741,0.0002471096507,0.01571972171,0.7660152122,0.6940725652,0.7502548422,0.01889575353,0.01040086094,0.5504337746,0.01876099654,0.01039207449,0.5539191089,0.9994839143,0.9830365555,0.9673390449,ok,,0.0002488715932,0.0002471096507,0.01577566459,0.01571972171,0.01889575353,0.01040086094,0.01876099654,0.01039207449,0.34119437217690596,0.3399844456023091,0.4086753192359743,0.22494869856526306,0.40576080959124944,0.2247586661723765,0.11641359957891402,0.11558942327964777
128,512,16,0,0.000241944561,0.01555456721,0.7719066374,0.000241047028,0.01552568929,0.7717558277,0.7159497978,0.7716241261,0.01889575353,0.01072869706,0.567783499,0.01876099654,0.01067508553,0.5690041842,0.9994839143,0.9716312579,0.9543863027,ok,,0.000241944561,0.000241047028,0.01555456721,0.01552568929,0.01889575353,0.01072869706,0.01876099654,0.01067508553,0.33641250189000366,0.33578793335103885,0.4086753192359743,0.23203910280796083,0.40576080959124944,0.23087959841970268,0.11317337138560232,0.11275353621708273
128,512,32,0,0.0002330060754,0.01526453653,0.7803333994,0.0002340968667,0.0153002244,0.7783368415,0.7432286885,0.7955476956,0.01889575353,0.01113747845,0.5894170046,0.01876099654,0.01109710526,0.5914987103,0.9994839143,0.9537599864,0.9180135161,ok,,0.0002330060754,0.0002340968667,0.01526453653,0.0153002244,0.01889575353,0.01113747845,0.01876099654,0.01109710526,0.3301397496259013,0.3309116030289395,0.4086753192359743,0.24088018261939798,0.40576080959124944,0.24000699562076208,0.10899225424764088,0.10950248902369392
128,512,64,0,0.0002231516916,0.01493826267,0.7896236249,0.00022765425,0.0150882156,0.7844372682,0.7721867142,0.8172189991,0.01889575353,0.01157142212,0.6123821472,0.01876099654,0.01151121887,0.6135718239,0.9994839143,0.9143165589,0.8301391057,ok,,0.0002231516916,0.00022765425,0.01493826267,0.0150882156,0.01889575353,0.01157142212,0.01876099654,0.01151121887,0.323083133773977,0.3263262995699758,0.4086753192359743,0.2502654695086518,0.40576080959124944,0.24896340011122176,0.10438271133018855,0.1064888537947367
128,512,128,0,0.0002158463253,0.01469170941,0.7965107629,0.0002250910281,0.01500303396,0.7868643483,0.7929719429,0.8261664472,0.01889575353,0.01188289427,0.6288658586,0.01876099654,0.01182838943,0.6304776723,0.9994839143,0.7892569519,0.3997523029,ok,,0.0002158463253,0.0002250910281,0.01469170941,0.01500303396,0.01889575353,0.01188289427,0.01876099654,0.01182838943,0.3177507064601259,0.3244840002478146,0.4086753192359743,0.25700195557322025,0.40576080959124944,0.25582313077263524,0.10096551141480065,0.10528986646130205
128,1024,4,0,0.000253634659,0.01592591156,0.7608857914,0.0002515031224,0.01585884997,0.7618550933,0.639461114,0.7116787967,0.01889575353,0.01016930885,0.5381795881,0.01876099654,0.01017775699,0.5424955423,0.9996819784,0.9963563386,0.9912529035,ok,,0.000253634659,0.0002515031224,0.01592591156,0.01585884997,0.01889575353,0.01016930885,0.01876099654,0.01017775699,0.3444438974383094,0.3429934966031054,0.4086753192359743,0.21994071493813394,0.40576080959124944,0.22012343039883092,0.11864159847456791,0.11764453872560417
128,1024,8,0,0.0002490932525,0.01578268838,0.7651672047,0.0002476403036,0.01573659123,0.7655127442,0.6533510532,0.7252723283,0.01889575353,0.01039019966,0.549869559,0.01876099654,0.01040677279,0.5547025591,0.9996819784,0.9892286263,0.9790906035,ok,,0.0002490932525,0.0002476403036,0.01578268838,0.01573659123,0.01889575353,0.01039019966,0.01876099654,0.01040677279,0.34134628194943445,0.3403492977613094,0.4086753192359743,0.22471811755135712,0.40576080959124944,0.22507655941940627,0.11651728420061534,0.11583764451462958
128,1024,16,0,0.0002420710174,0.0155586316,0.7717874205,0.0002412687911,0.01553282946,0.7715458432,0.6742655821,0.7470608016,0.01889575353,0.01072280206,0.5674715245,0.01876099654,0.01069626799,0.5701332529,0.9996819784,0.982098692,0.9710750711,ok,,0.0002420710174,0.0002412687911,0.0155586316,0.01553282946,0.01889575353,0.01072280206,0.01876099654,0.01069626799,0.3365004060785353,0.3359423601776545,0.4086753192359743,0.23191160638380018,0.40576080959124944,0.23133773037982586,0.11323252335439275,0.1128572693928656
128,1024,32,0,0.0002331593179,0.01526955526,0.78018893,0.0002343590194,0.01530878896,0.7780886127,0.6999083113,0.7701619447,0.01889575353,0.01113059673,0.589052811,0.01876099654,0.01112169414,0.5928093489,0.9996819784,0.9708402396,0.9486343118,ok,,0.0002331593179,0.0002343590194,0.01526955526,0.01530878896,0.01889575353,0.01113059673,0.01876099654,0.01112169414,0.3302482941770171,0.33109683640883936,0.4086753192359743,0.2407313455215057,0.40576080959124944,0.24053880126522612,0.10906393583574055,0.10962511506973607
128,1024,64,0,0.0002231809207,0.01493924097,0.7895960692,0.0002278871239,0.01509593071,0.7842167631,0.7275486381,0.791268442,0.01889575353,0.01157015907,0.612315304,0.01876099654,0.01152239977,0.6141677893,0.9996819784,0.9459825253,0.8913931354,ok,,0.0002231809207,0.0002278871239,0.01493924097,0.01509593071,0.01889575353,0.01157015907,0.01876099654,0.01152239977,0.32310429234085675,0.3264931611368979,0.4086753192359743,0.2502381523994854,0.40576080959124944,0.2492052194104411,0.1043963837011478,0.10659778422186342
128,1024,128,0,0.0002150580016,0.014664856,0.7972539555,0.0002250807312,0.0150026908,0.7868740984,0.7492967965,0.8007726473,0.01889575353,0.01191601863,0.6306188641,0.01876099654,0.01186080093,0.6322052726,0.9996819784,0.8611212063,0.5529661457,ok,,0.0002150580016,0.0002250807312,0.014664856,0.0150026908,0.01889575353,0.01191601863,0.01876099654,0.01186080093,0.31716992380507586,0.3244765784203481,0.4086753192359743,0.25771836565848066,0.40576080959124944,0.2565241231987053,0.10059676061294992,0.1052850499244764
256,4,4,0,0.0002521532198,0.0158793331,0.762282419,0.0002487268279,0.01577107567,0.764483929,0.995373749,0.9939321566,0.01889575353,0.01024188858,0.5420206485,0.01876099654,0.01023129567,0.545349265,0.9983633132,0.9863379167,0.9692786143,ok,,0.0002521532198,0.0002487268279,0.0158793331,0.01577107567,0.01889575353,0.01024188858,0.01876099654,0.01023129567,0.34343650352941885,0.3410951235101105,0.4086753192359743,0.2215104615100671,0.40576080959124944,0.22128135919514672,0.11794863200293564,0.11634588333436227
256,8,4,0,0.0002522490246,0.01588234947,0.7621920989,0.0002488477203,0.01577490793,0.7643694576,0.9578501182,0.9591372736,0.01889575353,0.01023721041,0.5417730704,0.01876099654,0.01019508771,0.5434193056,0.9984287322,0.9867775255,0.9702522854,ok,,0.0002522490246,0.0002488477203,0.01588234947,0.01577490793,0.01889575353,0.01023721041,0.01876099654,0.01019508771,0.3435017412544308,0.3411780072160399,0.4086753192359743,0.2214092825538982,0.40576080959124944,0.22049825734168582,0.1179934462040324,0.11640243265469559
256,8,8,0,0.0002460658255,0.01568648544,0.7680213131,0.0002436176622,0.01560825622,0.7693217289,0.9857016426,0.9831840018,0.01889575353,0.01053487902,0.5575262719,0.01876099654,0.01049634567,0.5594769789,0.9984287322,0.9199279188,0.7945814263,ok,,0.0002460658255,0.0002436176622,0.01568648544,0.01560825622,0.01889575353,0.01053487902,0.01876099654,0.01049634567,0.33926561513963943,0.3375736820073447,0.4086753192359743,0.22784722714420735,0.40576080959124944,0.22701383200664485,0.11510115763510102,0.11395599077035178
256,16,4,0,0.0002525091494,0.01589053647,0.7619468661,0.0002491763037,0.01578531924,0.7640583265,0.9109094524,0.9138223425,0.01889575353,0.01022449764,0.5411002863,0.01876099654,0.01015166922,0.5411050101,0.9985128246,0.9886958852,0.9761739733,ok,,0.0002525091494,0.0002491763037,0.01589053647,0.01578531924,0.01889575353,0.01022449764,0.01876099654,0.01015166922,0.3436788088073745,0.34140318190574787,0.4086753192359743,0.2211343321355476,0.40576080959124944,0.21955920692311834,0.11811512366797426,0.11655613270484609
256,16,8,0,0.0002468049648,0.01571002752,0.7673244892,0.0002440283297,0.01562140614,0.7689328735,0.935431021,0.9364400224,0.01889575353,0.01049973984,0.5556666383,0.01876099654,0.01045184114,0.5571047955,0.9985128246,0.9533164729,0.8994008239,ok,,0.0002468049648,0.0002440283297,0.01571002752,0.01562140614,0.01889575353,0.01049973984,0.01876099654,0.01045184114,0.3397747807066121,0.337858087058744,0.4086753192359743,0.22708724074930697,0.40576080959124944,0.22605129283209852,0.11544690166075237,0.11414808694850681
256,16,16,0,0.0002376284732,0.01541520266,0.7759756315,0.0002363670795,0.01537423427,0.7761872077,0.9735844591,0.9691533691,0.01889575353,0.01092799288,0.5783306212,0.01876099654,0.01088153069,0.5800081388,0.9985128246,0.881114345,0.7033685692,ok,,0.0002376284732,0.0002363670795,0.01541520266,0.01537423427,0.01889575353,0.01092799288,0.01876099654,0.01088153069,0.33339834043457384,0.33251228051453663,0.4086753192359743,0.2363494513067166,0.40576080959124944,0.23534457207284507,0.11115445347522092,0.11056441674497361
256,32,4,0,0.0002525890487,0.01589305033,0.761871541,0.0002492852946,0.01578877116,0.7639551244,0.8633090177,0.8714880454,0.01889575353,0.01022058965,0.5408934676,0.01876099654,0.01016489916,0.5418101929,0.9988199468,0.990005473,0.9785577169,ok,,0.0002525890487,0.0002492852946,0.01589305033,0.01578877116,0.01889575353,0.01022058965,0.01876099654,0.01016489916,0.34373317830030753,0.34147783965918105,0.4086753192359743,0.22104981054934647,0.40576080959124944,0.21984534263844657,0.11815249782143723,0.11660711491148208
256,32,8,0,0.0002470688197,0.01571842294,0.7670757398,0.000244411307,0.01563365942,0.7685702374,0.8858262162,0.8919490891,0.01889575353,0.01048716748,0.5550012845,0.01876099654,0.01044637537,0.5568134587,0.9988199468,0.9607186943,0.9226869334,ok,,0.0002470688197,0.000244411307,0.01571842294,0.01563365942,0.01889575353,0.01048716748,0.01876099654,0.01044637537,0.3399563559448355,0.33812309967693555,0.4086753192359743,0.22681532710329166,0.40576080959124944,0.2259330797480808,0.1155703239376004,0.1143272306003666
256,32,16,0,0.0002387201858,0.01545057235,0.7749464188,0.0002377010481,0.01541755649,0.7749240909,0.9188328251,0.9194130644,0.01889575353,0.01087792791,0.575681086,0.01876099654,0.01083804212,0.5776901079,0.9988199468,0.925286293,0.8671652899,ok,,0.0002387201858,0.0002377010481,0.01545057235,0.01541755649,0.01889575353,0.01087792791,0.01876099654,0.01083804212,0.3341633122748912,0.33344924881592786,0.4086753192359743,0.23526665153560375,0.40576080959124944,0.2344040059715965,0.1116651192038303,0.11118840152545616
256,32,32,0,0.0002289677781,0.01513168127,0.7841405063,0.0002300926731,0.01516880592,0.7821283584,0.9559472027,0.9496100791,0.01889575353,0.01131731962,0.5989345491,0.01876099654,0.01125267585,0.5997909453,0.9988199468,0.825751878,0.5496161081,ok,,0.0002289677781,0.0002300926731,0.01513168127,0.01516880592,0.01889575353,0.01131731962,0.01876099654,0.01125267585,0.3272663703924944,0.32806929831840037,0.4086753192359743,0.24476976804634767,0.40576080959124944,0.24337165956131562,0.1071032772100526,0.10762946452783573
256,64,4,0,0.0002527305938,0.01589750275,0.7617380993,0.000249548062,0.0157970903,0.7637063136,0.8156436373,0.8315857675,0.01889575353,0.0102136628,0.540526885,0.01876099654,0.01014614819,0.5408107277,0.9990216183,0.9911625665,0.9806271741,ok,,0.0002527305938,0.000249548062,0.01589750275,0.0157970903,0.01889575353,0.0102136628,0.01876099654,0.01014614819,0.34382947475982606,0.341657765121792,0.4086753192359743,0.22089999738468197,0.40576080959124944,0.219439798681781,0.11821870776682268,0.11673002849311134
256,64,8,0,0.000247333359,0.01572683563,0.7668263452,0.0002444162425,0.01563381727,0.7685655641,0.8364773816,0.8521974715,0.01889575353,0.01047454737,0.5543334034,0.01876099654,0.0104679454,0.5579631859,0.9990216183,0.9672874421,0.9357490629,ok,,0.000247333359,0.0002444162425,0.01572683563,0.01563381727,0.01889575353,0.01047454737,0.01876099654,0.0104679454,0.34013830469675616,0.3381265136397097,0.4086753192359743,0.22654238072542668,0.40576080959124944,0.22639959403036033,0.11569406635330606,0.1143295392580697
256,64,16,0,0.0002393039057,0.01546945072,0.7743961166,0.0002380997725,0.01543048193,0.7745465441,0.8665453038,0.8769184954,0.01889575353,0.01085106427,0.5742594098,0.01876099654,0.01082773033,0.5771404682,0.9990216183,0.9425867532,0.9055559057,ok,,0.0002393039057,0.0002380997725,0.01546945072,0.01543048193,0.01889575353,0.01085106427,0.01876099654,0.01082773033,0.3345716116250153,0.3337287988380997,0.4086753192359743,0.23468564762721714,0.40576080959124944,0.2341809836897143,0.11193816336218965,0.11137491113085994
256,64,32,0,0.0002298246103,0.01515996736,0.7833327273,0.0002305756493,0.01518471762,0.7816710347,0.9007514736,0.9054874469,0.01889575353,0.01127940119,0.5969278321,0.01876099654,0.01122576124,0.5983563406,0.9990216183,0.8974774937,0.8101113735,ok,,0.0002298246103,0.0002305756493,0.01515996736,0.01518471762,0.01889575353,0.01127940119,0.01876099654,0.01122576124,0.3278781388960544,0.32841343484975183,0.4086753192359743,0.2439496723322194,0.40576080959124944,0.24278955327926668,0.10750407393962133,0.10785538423699179
256,64,64,0,0.000219987089,0.01483196174,0.7926070558,0.0002247647262,0.01499215549,0.7871733192,0.9349279064,0.9271582943,0.01889575353,0.01170736574,0.6195765477,0.01876099654,0.01162118102,0.6194330348,0.9990216183,0.7695576479,0.399393552,ok,,0.000219987089,0.0002247647262,0.01483196174,0.01499215549,0.01889575353,0.01170736574,0.01876099654,0.01162118102,0.320784068725639,0.324248721872015,0.4086753192359743,0.2532056434590258,0.40576080959124944,0.2513416496308176,0.10290241872159528,0.10513723361863804
256,128,4,0,0.00025290126,0.01590286955,0.7615772036,0.0002497835408,0.01580454178,0.7634833419,0.7683188315,0.7962589091,0.01889575353,0.01020530458,0.5400845519,0.01876099654,0.01015980666,0.5415387526,0.9992108347,0.9926182165,0.9838175185,ok,,0.00025290126,0.0002497835408,0.01590286955,0.01580454178,0.01889575353,0.01020530458,0.01876099654,0.01015980666,0.3439455473313588,0.34181892492750954,0.4086753192359743,0.22071922670404615,0.40576080959124944,0.21973520259772766,0.11829853956446977,0.11684017740315787
256,128,8,0,0.0002476160464,0.01573582049,0.7665598416,0.0002447910884,0.01564580098,0.7682106276,0.7875725354,0.8155122627,0.01889575353,0.01046104465,0.5536188134,0.01876099654,0.01046272931,0.5576851576,0.9992108347,0.9744330479,0.9514592665,ok,,0.0002476160464,0.0002447910884,0.01573582049,0.01564580098,0.01889575353,0.01046104465,0.01876099654,0.01046272931,0.34033262827972205,0.3383856960270173,0.4086753192359743,0.22625034535368066,0.40576080959124944,0.22628678099845193,0.11582629782804556,0.11450487931976701
256,128,16,0,0.0002400756925,0.01549437616,0.7736685141,0.0002388452019,0.01545461749,0.7738407071,0.8142538544,0.8378463684,0.01889575353,0.01081544308,0.5723742671,0.01876099654,0.01077085379,0.5741088308,0.9992108347,0.9566375825,0.9284619035,ok,,0.0002400756925,0.0002388452019,0.01549437616,0.01545461749,0.01889575353,0.01081544308,0.01876099654,0.01077085379,0.33511069635285773,0.33425080012649916,0.4086753192359743,0.23391523637202677,0.40576080959124944,0.23295086401734272,0.112299178769132,0.11172359744965654
256,128,32,0,0.0002307413653,0.01519017331,0.7824684561,0.0002317184464,0.01522230096,0.7805889355,0.8461184603,0.8639238011,0.01889575353,0.01123868926,0.5947732774,0.01876099654,0.01117803137,0.5958122398,0.9992108347,0.9280563525,0.8684302032,ok,,0.0002307413653,0.0002317184464,0.01519017331,0.01522230096,0.01889575353,0.01123868926,0.01876099654,0.01117803137,0.3285314299246168,0.32922628327350323,0.4086753192359743,0.24306915910140026,0.40576080959124944,0.2417572567990881,0.10793290050077974,0.10838994554344202
256,128,64,0,0.000219648927,0.01482055758,0.7929258581,0.0002247729157,0.01499242861,0.7871655647,0.8824899768,0.888756702,0.01889575353,0.01172179912,0.6203403901,0.01876099654,0.01162081869,0.6194137215,0.9992108347,0.861392649,0.7164000629,ok,,0.000219648927,0.0002247729157,0.01482055758,0.01499242861,0.01889575353,0.01172179912,0.01876099654,0.01162081869,0.32053742078322073,0.32425462888191603,0.4086753192359743,0.25351780704487004,0.40576080959124944,0.2513338131966588,0.10274423813073465,0.10514106438598875
256,128,128,0,0.0002120682153,0.01456256211,0.800072578,0.0002214515765,0.01488124916,0.7903104958,0.9065076661,0.9007389294,0.01889575353,0.0120408175,0.6372234632,0.01876099654,0.0119341352,0.6361141412,0.9992108347,0.677874891,0.207868259,ok,,0.0002120682153,0.0002214515765,0.01456256211,0.01488124916,0.01889575353,0.0120408175,0.01876099654,0.0119341352,0.3149575225856554,0.3218500517292191,0.4086753192359743,0.26041750215793624,0.40576080959124944,0.2581101888803731,0.09919824107651164,0.1035874557690992
256,256,4,0,0.0002529331564,0.01590387237,0.7615471332,0.0002498348717,0.01580616562,0.7634347373,0.723332696,0.7663591618,0.01889575353,0.01020374172,0.5400018423,0.01876099654,0.01014044295,0.5405066267,0.9993924673,0.994279898,0.9874640865,ok,,0.0002529331564,0.0002498348717,0.01590387237,0.01580616562,0.01889575353,0.01020374172,0.01876099654,0.01014044295,0.3439672362141538,0.34185404516388085,0.4086753192359743,0.22068542533653746,0.40576080959124944,0.21931640636643268,0.11831345960692968,0.11686418823847174
256,256,8,0,0.0002477222884,0.01573919593,0.7664596819,0.0002449248615,0.01565007545,0.7680839597,0.7412125741,0.7845964692,0.01889575353,0.01045596543,0.5533500114,0.01876099654,0.01044882097,0.5569438143,0.9993924673,0.9805749701,0.9631539036,ok,,0.0002477222884,0.0002449248615,0.01573919593,0.01565007545,0.01889575353,0.01045596543,0.01876099654,0.01044882097,0.34040563193196444,0.33847814380312957,0.4086753192359743,0.22614049253136936,0.40576080959124944,0.22598597292109643,0.11587599419349826,0.11456745378998916
256,256,16,0,0.0002406353535,0.01551242578,0.7731408935,0.0002390254424,0.01546044768,0.7736700398,0.7648592468,0.8059345217,0.01889575353,0.01078953882,0.5710033636,0.01876099654,0.01074421896,0.5726891393,0.9993924673,0.9678101858,0.9480996495,ok,,0.0002406353535,0.0002390254424,0.01551242578,0.01546044768,0.01889575353,0.01078953882,0.01876099654,0.01074421896,0.33550107158737147,0.3343768948469703,0.4086753192359743,0.23335498183080064,0.40576080959124944,0.23237480878695646,0.11256096899884928,0.11180790777662118
256,256,32,0,0.0002311168242,0.0152025269,0.782114492,0.0002319231927,0.01522902468,0.780395064,0.795514056,0.8309834131,0.01889575353,0.01122197297,0.593888619,0.01876099654,0.01116413926,0.5950717615,0.9993924673,0.9473685753,0.9094385001,ok,,0.0002311168242,0.0002319231927,0.0152025269,0.01522902468,0.01889575353,0.01122197297,0.01876099654,0.01116413926,0.3287986120366689,0.3293717031644374,0.4086753192359743,0.24270762098431248,0.40576080959124944,0.241456799742422,0.10810852730286243,0.10848571884354827
256,256,64,0,0.0002200902401,0.01483543866,0.7925098099,0.0002250720753,0.01500240232,0.7868822945,0.8296106947,0.854592753,0.01889575353,0.01170295951,0.6193433617,0.01876099654,0.01160486154,0.6185631724,0.9993924673,0.9040586657,0.8142020067,ok,,0.0002200902401,0.0002250720753,0.01483543866,0.01500240232,0.01889575353,0.01170295951,0.01876099654,0.01160486154,0.32085926717637575,0.3244703392060238,0.4086753192359743,0.25311034599184523,0.40576080959124944,0.2509886936776096,0.10295066926998903,0.10528100099119464
256,256,128,0,0.0002098346118,0.01448566919,0.802178309,0.0002208916612,0.01486242447,0.7908406721,0.8601110128,0.8692417052,0.01889575353,0.01213321432,0.6421132822,0.01876099654,0.01203197578,0.6413292465,0.9993924673,0.8002449232,0.5691011365,ok,,0.0002098346118,0.0002208916612,0.01448566919,0.01486242447,0.01889575353,0.01213321432,0.01876099654,0.01203197578,0.3132944908056264,0.321442913364345,0.4086753192359743,0.2624158506149024,0.40576080959124944,0.26022627439145113,0.09815343793074602,0.10332554658655972
256,256,256,0,0.0002062462747,0.01436127692,0.8055612156,0.0002202962778,0.01484238114,0.7914044326,0.8705304296,0.8716298725,0.01889575353,0.01228019653,0.6498918664,0.01876099654,0.01216639972,0.6484943212,0.9993924673,0.5374709855,0.002432736927,ok,,0.0002062462747,0.0002202962778,0.01436127692,0.01484238114,0.01889575353,0.01228019653,0.01876099654,0.01216639972,0.3106041482071146,0.32100941838499436,0.4086753192359743,0.2655947659991654,0.40576080959124944,0.263133580866699,0.09647493684935556,0.103047046642744
256,512,4,0,0.0002530398474,0.01590722626,0.7614465503,0.0002501140011,0.01581499292,0.7631704335,0.6805693941,0.739356371,0.01889575353,0.01019851235,0.5397250939,0.01876099654,0.01013605421,0.5402726975,0.999578051,0.9958755967,0.990830195,ok,,0.0002530398474,0.0002501140011,0.01590722626,0.01581499292,0.01889575353,0.01019851235,0.01876099654,0.01013605421,0.34403977378532064,0.34204496105616133,0.4086753192359743,0.22057232508622143,0.40576080959124944,0.21922148717108564,0.11836336599918994,0.11699475540278521
256,512,8,0,0.0002477841396,0.01574116068,0.7664013716,0.0002450785712,0.0156549855,0.767938414,0.6975524089,0.7574256762,0.01889575353,0.01045300732,0.5531934622,0.01876099654,0.01041805,0.5553036578,0.999578051,0.9864164701,0.973719508,ok,,0.0002477841396,0.0002450785712,0.01574116068,0.0156549855,0.01889575353,0.01045300732,0.01876099654,0.01041805,0.34044812533304497,0.33858433783492775,0.4086753192359743,0.22607651484735344,0.40576080959124944,0.22532046170091752,0.11590492606449926,0.11463935391823245
256,512,16,0,0.0002409389367,0.01552220785,0.7728546903,0.0002396267846,0.01547988322,0.773100637,0.7190704755,0.7765203909,0.01889575353,0.01077546124,0.5702583503,0.01876099654,0.01071128654,0.5709337728,0.999578051,0.9770328103,0.9633339667,ok,,0.0002409389367,0.0002396267846,0.01552220785,0.01547988322,0.01889575353,0.01077546124,0.01876099654,0.01071128654,0.3357126371422297,0.3347972446097577,0.4086753192359743,0.23305051344897953,0.40576080959124944,0.23166254995931324,0.11270297481248702,0.11208919504279961
256,512,32,0,0.0002314230608,0.01521259547,0.7818257872,0.0002322084028,0.01523838583,0.7801250024,0.7479561131,0.8018227282,0.01889575353,0.01120832015,0.5931660855,0.01876099654,0.01113427431,0.5934798981,0.999578051,0.9628074921,0.9357691312,ok,,0.0002314230608,0.0002322084028,0.01521259547,0.01523838583,0.01889575353,0.01120832015,0.01876099654,0.01113427431,0.32901637398262495,0.32957416510693643,0.4086753192359743,0.24241233926595637,0.40576080959124944,0.24081088382507904,0.10825177428605731,0.10861913035086554
256,512,64,0,0.0002206216871,0.01485333926,0.792008788,0.0002256122006,0.01502039282,0.7863708571,0.7794478246,0.8238218512,0.01889575353,0.01168023178,0.6181405658,0.01876099654,0.0115674825,0.6165707921,0.999578051,0.9348146427,0.8784147042,ok,,0.0002206216871,0.0002256122006,0.01485333926,0.01502039282,0.01889575353,0.01168023178,0.01876099654,0.0115674825,0.3212464194224029,0.3248594357995543,0.4086753192359743,0.2526187930988361,0.40576080959124944,0.2501802638322223,0.10319926195772779,0.10553365309016725
256,512,128,0,0.0002094386522,0.01447199545,0.8025516001,0.0002211091243,0.01486973854,0.7906347592,0.8107645065,0.8390980948,0.01889575353,0.01214952054,0.642976239,0.01876099654,0.01203227141,0.6413450045,0.999578051,0.8702573451,0.7272922143,ok,,0.0002094386522,0.0002211091243,0.01447199545,0.01486973854,0.01889575353,0.01214952054,0.01876099654,0.01203227141,0.31299875663176674,0.3216011012814036,0.4086753192359743,0.2627685197822607,0.40576080959124944,0.2602326682452042,0.09796822160400041,0.10342726836975354
256,512,256,0,0.0002025738708,0.01423284479,0.8090233764,0.0002200746896,0.01483491454,0.7916142515,0.8294029524,0.843371727,0.01889575353,0.01242882258,0.6577574458,0.01876099654,0.01231228517,0.6562703181,0.999578051,0.6863552773,0.2007670083,ok,,0.0002025738708,0.0002200746896,0.01423284479,0.01483491454,0.01889575353,0.01242882258,0.01876099654,0.01231228517,0.3078264319522654,0.32084793156554775,0.4086753192359743,0.2688092341776425,0.40576080959124944,0.2662887756439794,0.09475711220087077,0.10294339527918527
256,1024,4,0,0.0002530739186,0.01590829716,0.7614144296,0.0002502832332,0.01582034238,0.7630101899,0.6411924269,0.7159183641,0.01889575353,0.01019684181,0.5396366858,0.01876099654,0.01015094588,0.5410664543,0.9997311518,0.997300561,0.9938239339,ok,,0.0002530739186,0.0002502832332,0.01590829716,0.01582034238,0.01889575353,0.01019684181,0.01876099654,0.01015094588,0.3440629350950125,0.3421606586000444,0.4086753192359743,0.22053619482728717,0.40576080959124944,0.21954356260361838,0.11837930333853419,0.11707391637761559
256,1024,8,0,0.0002479283054,0.01574573928,0.7662654592,0.0002454086238,0.01566552341,0.7676258916,0.6568667235,0.7329014245,0.01889575353,0.01044610914,0.5528283972,0.01876099654,0.01043288465,0.5560943753,0.9997311518,0.9910968494,0.9828277287,ok,,0.0002479283054,0.0002454086238,0.01574573928,0.01566552341,0.01889575353,0.01044610914,0.01876099654,0.01043288465,0.34054715079999354,0.33881225061578046,0.4086753192359743,0.22592732175435656,0.40576080959124944,0.22564130391104048,0.11597236188350286,0.11479374120977642
256,1024,16,0,0.0002411491493,0.01552897773,0.7726565122,0.0002398580898,0.01548735258,0.7728816172,0.6769632301,0.7517643726,0.01889575353,0.01076570259,0.5697419036,0.01876099654,0.01072383918,0.5716028548,0.9997311518,0.9851276191,0.9762512371,ok,,0.0002411491493,0.0002398580898,0.01552897773,0.01548735258,0.01889575353,0.01076570259,0.01876099654,0.01072383918,0.3358590553766651,0.3349587911221866,0.4086753192359743,0.23283945441935522,0.40576080959124944,0.2319340371032956,0.11280130506033968,0.1121973916858439
256,1024,32,0,0.0002316210557,0.01521910167,0.7816391274,0.000232481979,0.01524735974,0.7798659569,0.7042400551,0.7761812739,0.01889575353,0.01119948417,0.5926984683,0.01876099654,0.01114409871,0.5940035584,0.9997311518,0.9761217887,0.9593065738,ok,,0.0002316210557,0.000232481979,0.01521910167,0.01524735974,0.01889575353,0.01119948417,0.01876099654,0.01114409871,0.32915708937446114,0.32976825186448344,0.4086753192359743,0.24222123564357215,0.40576080959124944,0.2410233648886115,0.10834438951269246,0.10874709991859167
256,1024,64,0,0.0002208998645,0.01486270045,0.7917465361,0.0002259702071,0.01503230545,0.7860318656,0.7337209948,0.7972466254,0.01889575353,0.01166831766,0.6175100474,0.01876099654,0.01156039647,0.6161930922,0.9997311518,0.9584293263,0.9225688949,ok,,0.0002208998645,0.0002259702071,0.01486270045,0.01503230545,0.01889575353,0.01166831766,0.01876099654,0.01156039647,0.32144888223001755,0.3251170808762886,0.4086753192359743,0.25236111579654247,0.40576080959124944,0.2500270079396871,0.10332938380907736,0.1057011162578264
256,1024,128,0,0.0002093922168,0.01447039104,0.8025953771,0.0002213419487,0.01487756528,0.7904143009,0.7640998974,0.8124849247,0.01889575353,0.01215143139,0.6430773648,0.01876099654,0.01203455981,0.6414669806,0.9997311518,0.9179957661,0.8287952532,ok,,0.0002093922168,0.0002213419487,0.01447039104,0.01487756528,0.01889575353,0.01215143139,0.01876099654,0.01203455981,0.31296405662533966,0.3217703771699253,0.4086753192359743,0.2628098474399549,0.40576080959124944,0.2602821615135756,0.0979465007157609,0.10353617564247719
256,1024,256,0,0.0002006123058,0.01416376736,0.8108726428,0.0002202106859,0.01483949749,0.7914854784,0.7864891098,0.8172970855,0.01889575353,0.01250748559,0.6619204451,0.01876099654,0.01239157608,0.6604966878,0.9997311518,0.7921877968,0.3532001186,ok,,0.0002006123058,0.0002202106859,0.01416376736,0.01483949749,0.01889575353,0.01250748559,0.01876099654,0.01239157608,0.3063324327469714,0.32094705111382715,0.4086753192359743,0.2705105492732683,0.40576080959124944,0.26800367089307936,0.09383955933948614,0.10300700968615252
512,4,4,0,0.0002517519034,0.01586669163,0.7626607602,0.0002483107632,0.0157578794,0.7648778951,0.9972760015,0.9959231888,0.01889575353,0.01026146179,0.5430565007,0.01876099654,0.01023567182,0.5455825227,0.9990063659,0.9922804399,0.9831769761,ok,,0.0002517519034,0.0002483107632,0.01586669163,0.0157578794,0.01889575353,0.01026146179,0.01876099654,0.01023567182,0.3431630951797777,0.34080971600591065,0.4086753192359743,0.22193378878476525,0.40576080959124944,0.22137600609533173,0.11776090994878981,0.11615126253107197
512,8,4,0,0.0002518376004,0.01586939194,0.7625799693,0.000248361302,0.01575948292,0.7648300405,0.9597284333,0.9613935082,0.01889575353,0.01025728527,0.542835471,0.01876099654,0.01020966263,0.5441961789,0.9990367311,0.9925259364,0.983765921,ok,,0.0002518376004,0.000248361302,0.01586939194,0.01575948292,0.01889575353,0.01025728527,0.01876099654,0.01020966263,0.3432214971932002,0.3408443967635137,0.4086753192359743,0.22184345946068795,0.40576080959124944,0.22081348213938345,0.11780099606755827,0.1161749028491603
512,8,8,0,0.0002447506268,0.01564450788,0.7692612174,0.0002425017627,0.0155724681,0.7703783591,0.9915249108,0.9882254055,0.01889575353,0.01059711634,0.5608199917,0.01876099654,0.01053899491,0.5617502721,0.9990367311,0.9539232711,0.8764353781,ok,,0.0002447506268,0.0002425017627,0.01564450788,0.0155724681,0.01889575353,0.01059711634,0.01876099654,0.01053899491,0.3383577289996921,0.33679966040811954,0.4086753192359743,0.22919328918820098,0.40576080959124944,0.22793624516918423,0.11448595277037599,0.11343401123908838
512,16,4,0,0.0002520705858,0.01587673095,0.7623603222,0.0002486451729,0.0157684867,0.7645612471,0.9128181586,0.9161795895,0.01889575353,0.01024592191,0.5422340998,0.01876099654,0.01017307563,0.5422460159,0.9990936758,0.9933636679,0.9864902478,ok,,0.0002520705858,0.0002486451729,0.01587673095,0.0157684867,0.01889575353,0.01024592191,0.01876099654,0.01017307563,0.3433802245098888,0.3410391295461989,0.4086753192359743,0.22159769393626896,0.40576080959124944,0.2200221824496861,0.11790997865056257,0.1163076879246275
512,16,8,0,0.0002457871628,0.01567760067,0.7682840225,0.0002431350715,0.01559278909,0.7697786876,0.9397391536,0.9403017211,0.01889575353,0.01054809645,0.558225764,0.01876099654,0.01048516816,0.5588811945,0.9990936758,0.9714851758,0.9400262843,ok,,0.0002457871628,0.0002431350715,0.01567760067,0.01559278909,0.01889575353,0.01054809645,0.01876099654,0.01048516816,0.3390734562923977,0.3372391605880015,0.4086753192359743,0.22813309229460496,0.40576080959124944,0.2267720860259799,0.11497080877704831,0.11373025138488016
512,16,16,0,0.0002350608268,0.01533169354,0.7783962814,0.000234206206,0.01530379711,0.7782333096,0.9839952139,0.9781571052,0.01889575353,0.01104484833,0.584514839,0.01876099654,0.01097123172,0.5847893901,0.9990936758,0.9300782483,0.8298913479,ok,,0.0002350608268,0.000234206206,0.01533169354,0.01530379711,0.01889575353,0.01104484833,0.01876099654,0.01097123172,0.3315922141945733,0.3309888732154642,0.4086753192359743,0.23887678837519574,0.40576080959124944,0.2372846162744613,0.10995339651236526,0.10955363419990616
512,32,4,0,0.0002522440929,0.01588219421,0.7621967483,0.0002489049401,0.01577672146,0.764315277,0.8647332794,0.8730986747,0.01889575353,0.01023745128,0.5417858176,0.01876099654,0.01017573932,0.5423879964,0.9992565779,0.9940358951,0.9876369794,ok,,0.0002522440929,0.0002489049401,0.01588219421,0.01577672146,0.01889575353,0.01023745128,0.01876099654,0.01017573932,0.3434983833078972,0.34121723004727117,0.4086753192359743,0.22141449206427777,0.40576080959124944,0.2200797924496984,0.11799113932383905,0.11642919811554846
512,32,8,0,0.0002461219875,0.01568827548,0.7679683663,0.000243527864,0.01560537933,0.7694067577,0.8896311178,0.8955898511,0.01889575353,0.01053221316,0.5573851892,0.01876099654,0.01045972154,0.5575248373,0.9992565779,0.9756907682,0.9516291822,ok,,0.0002461219875,0.000243527864,0.01568827548,0.01560537933,0.01889575353,0.01053221316,0.01876099654,0.01045972154,0.33930432993168425,0.33751146094072837,0.4086753192359743,0.2277895702116691,0.40576080959124944,0.22622172927331236,0.11512742829337697,0.11391398625081905
512,32,16,0,0.0002367784131,0.01538760583,0.7767770261,0.0002354839804,0.0153454873,0.7770234023,0.9263411272,0.928253975,0.01889575353,0.01096681761,0.5803853014,0.01876099654,0.01090877718,0.5814604336,0.9992565779,0.9525718909,0.9133087714,ok,,0.0002367784131,0.0002354839804,0.01538760583,0.0153454873,0.01889575353,0.01096681761,0.01876099654,0.01090877718,0.33280147917194963,0.3318905441480475,0.4086753192359743,0.23718914837949068,0.40576080959124944,0.2359338562197372,0.11075682450187366,0.11015133326005662
512,32,32,0,0.0002245471149,0.01498489623,0.7883080888,0.0002265745659,0.01505239403,0.7854596064,0.9723042312,0.9631988448,0.01889575353,0.0115109681,0.6091828029,0.01876099654,0.01140186517,0.6077430455,0.9992565779,0.8933230213,0.7186099981,ok,,0.0002245471149,0.0002265745659,0.01498489623,0.01505239403,0.01889575353,0.0115109681,0.01876099654,0.01140186517,0.3240917193797244,0.3255515545177585,0.4086753192359743,0.24895797648471002,0.40576080959124944,0.24659831008259805,0.10503544251256476,0.10598381458607094
512,64,4,0,0.0002523592671,0.01588581969,0.7620881677,0.0002490754729,0.01578212511,0.7641538018,0.8170940034,0.8335043826,0.01889575353,0.01023182459,0.5414880423,0.01876099654,0.010179261,0.5425757089,0.999368415,0.9948251191,0.9892757549,ok,,0.0002523592671,0.0002490754729,0.01588581969,0.01578212511,0.01889575353,0.01023182459,0.01876099654,0.010179261,0.3435767947982901,0.3413340996066292,0.4086753192359743,0.221292798619857,0.40576080959124944,0.22015595896488724,0.11804501386624151,0.11650896751324873
512,64,8,0,0.0002465295055,0.01570125809,0.7675841786,0.0002438701859,0.01561634355,0.7690826177,0.8395360845,0.8543437021,0.01889575353,0.01051284909,0.5563604053,0.01876099654,0.01047338527,0.5582531421,0.999368415,0.9793639399,0.9579687371,ok,,0.0002465295055,0.0002438701859,0.01570125809,0.01561634355,0.01889575353,0.01051284909,0.01876099654,0.01047338527,0.3395851164204497,0.33774859390827894,0.4086753192359743,0.22737076619433297,0.40576080959124944,0.22651724695197167,0.11531805124340194,0.11407411270029161
512,64,16,0,0.0002379865561,0.0154268129,0.7756380486,0.0002366336273,0.01538290048,0.7759348172,0.8713793186,0.8825109556,0.01889575353,0.01091159683,0.5774629105,0.01876099654,0.01086448031,0.5790993184,0.999368415,0.9623704973,0.9370037377,ok,,0.0002379865561,0.0002366336273,0.0154268129,0.01538290048,0.01889575353,0.01091159683,0.01876099654,0.01086448031,0.3336494454530042,0.3326997123696724,0.4086753192359743,0.2359948393058075,0.40576080959124944,0.2349758082932725,0.11132195238018093,0.11068909866812467
512,64,32,0,0.0002269474888,0.01506477643,0.7860451352,0.0002279366407,0.01509757069,0.7841698762,0.9108795352,0.9152409709,0.01889575353,0.01140622693,0.6036396966,0.01876099654,0.01132214926,0.6034940218,0.999368415,0.9345248539,0.8794059457,ok,,0.0002269474888,0.0002279366407,0.01506477643,0.01509757069,0.01889575353,0.01140622693,0.01876099654,0.01132214926,0.32581935972938314,0.3265286304474484,0.4086753192359743,0.24669264575741517,0.40576080959124944,0.24487422297933892,0.10615825513429179,0.10662094648338756
512,64,64,0,0.0002132850167,0.01460428077,0.7989254379,0.0002200111517,0.01483277289,0.7916744146,0.9575131419,0.9443417216,0.01889575353,0.01199018285,0.634543779,0.01876099654,0.0118443406,0.6313279029,0.999368415,0.8534340193,0.5784238136,ok,,0.0002132850167,0.0002200111517,0.01460428077,0.01483277289,0.01889575353,0.01199018285,0.01876099654,0.0118443406,0.3158598092643279,0.32080161219034775,0.4086753192359743,0.2593223814092295,0.40576080959124944,0.25616812095688946,0.09976741905751496,0.10291367442774707
512,128,4,0,0.0002524426884,0.01588844512,0.7620095223,0.0002491364102,0.01578405557,0.7640961011,0.770008453,0.7987737708,0.01889575353,0.01022774722,0.54127226,0.01876099654,0.01018561767,0.5429145325,0.9994533963,0.9955534476,0.9906209335,ok,,0.0002524426884,0.0002491364102,0.01588844512,0.01578405557,0.01889575353,0.01022774722,0.01876099654,0.01018561767,0.34363357731514915,0.3413758513872883,0.4086753192359743,0.22120461370128533,0.40576080959124944,0.22029344033801176,0.11808403549056465,0.1165374718931597
512,128,8,0,0.0002473020115,0.01572583898,0.7668558981,0.0002447164228,0.01564341468,0.7682813274,0.7887017515,0.8157810169,0.01889575353,0.01047604362,0.5544125884,0.01876099654,0.01044595525,0.5567910653,0.9994533963,0.9831035534,0.9682600929,ok,,0.0002473020115,0.0002447164228,0.01572583898,0.01564341468,0.01889575353,0.01047604362,0.01876099654,0.01044595525,0.3401167492580556,0.33833408538800547,0.4086753192359743,0.22657474145903997,0.40576080959124944,0.22592399343803526,0.11567940306744896,0.11446995331174434
512,128,16,0,0.0002388774232,0.01545565991,0.7747981831,0.0002376479044,0.01541583291,0.7749744119,0.8184138,0.8422681017,0.01889575353,0.01087069815,0.5752984729,0.01876099654,0.01082746645,0.5771264032,0.9994533963,0.9705438614,0.9495182667,ok,,0.0002388774232,0.0002376479044,0.01545565991,0.01541583291,0.01889575353,0.01087069815,0.01876099654,0.01082746645,0.334273345473823,0.3334119714135946,0.4086753192359743,0.23511028706613138,0.40576080959124944,0.2341752765215366,0.11173866946919835,0.111163542724448
512,128,32,0,0.0002281482639,0.01510457758,0.7849131037,0.0002292715733,0.01514171632,0.7829058466,0.8547597249,0.8726294012,0.01889575353,0.01135346809,0.6008475961,0.01876099654,0.01126275428,0.6003281466,0.9994533963,0.9511240352,0.914443838,ok,,0.0002281482639,0.0002292715733,0.01510457758,0.01514171632,0.01889575353,0.01135346809,0.01876099654,0.01126275428,0.3266801747085997,0.32748340737150594,0.4086753192359743,0.24555158325650522,0.40576080959124944,0.24358963475828826,0.10671993656156258,0.10724538219002264
512,128,64,0,0.0002149459776,0.01466103603,0.7973595662,0.0002210245365,0.01486689398,0.7907148543,0.897465848,0.9017345445,0.01889575353,0.01192071826,0.630867578,0.01876099654,0.01178105183,0.6279544802,0.9994533963,0.9100770342,0.8203857902,ok,,0.0002149459776,0.0002210245365,0.01466103603,0.01486689398,0.01889575353,0.01192071826,0.01876099654,0.01178105183,0.3170873059059408,0.32153957944454015,0.4086753192359743,0.25782000874921485,0.40576080959124944,0.25479931826570607,0.10054435962611351,0.10338770109671991
512,128,128,0,0.0002021704676,0.01421866617,0.8094036849,0.0002156595069,0.01468535008,0.7957949283,0.936940091,0.9206875518,0.01889575353,0.01244504053,0.6586157314,0.01876099654,0.01224833298,0.6528615341,0.9994533963,0.7932087772,0.4342378049,ok,,0.0002021704676,0.0002156595069,0.01421866617,0.01468535008,0.01889575353,0.01244504053,0.01876099654,0.01224833298,0.3075197782882225,0.31761316755680824,0.4086753192359743,0.26915999425096165,0.40576080959124944,0.264905624576593,0.0945684140132238,0.10087812417171703
512,256,4,0,0.0002525035354,0.01589035983,0.7619521587,0.0002492728987,0.0157883786,0.7639668619,0.7248235236,0.7684613393,0.01889575353,0.01022477218,0.5411148152,0.01876099654,0.01015181029,0.5411125294,0.9995627467,0.9963019161,0.9920667797,ok,,0.0002525035354,0.0002492728987,0.01589035983,0.0157883786,0.01889575353,0.01022477218,0.01876099654,0.01015181029,0.343674988456507,0.3414693494138429,0.4086753192359743,0.22114026985705548,0.40576080959124944,0.21956225796986245,0.11811249763123124,0.11660131653441354
512,256,8,0,0.0002467929513,0.01570964517,0.7673358149,0.0002439398543,0.01561857402,0.7690166496,0.74435625,0.7881831096,0.01889575353,0.01050031191,0.5556969131,0.01876099654,0.01047437867,0.5583060926,0.9995627467,0.9863700828,0.9738610113,ok,,0.0002467929513,0.0002439398543,0.01570964517,0.01561857402,0.01889575353,0.01050031191,0.01876099654,0.01047437867,0.3397665112820527,0.33779683427285867,0.4086753192359743,0.2270996134175631,0.40576080959124944,0.22653873210002276,0.11544128215729457,0.11410670118946638
512,256,16,0,0.0002391893212,0.01546574671,0.7745041412,0.000237625308,0.0154151,0.7749958081,0.7695949159,0.8109157849,0.01889575353,0.01085634286,0.574538763,0.01876099654,0.01081233715,0.5763199798,0.9995627467,0.9769409112,0.9621561894,ok,,0.0002391893212,0.000237625308,0.01546574671,0.0154151,0.01889575353,0.01085634286,0.01876099654,0.01081233715,0.33449150169625275,0.3333961201151668,0.4086753192359743,0.23479981240238426,0.40576080959124944,0.23384806165299482,0.11188456466123131,0.11115297290316908
512,256,32,0,0.0002287537117,0.01512460617,0.7843423176,0.0002295984122,0.01515250515,0.7825963672,0.802943232,0.8389588895,0.01889575353,0.01132677314,0.5994348479,0.01876099654,0.0112475141,0.5995158135,0.9995627467,0.9623075349,0.9346579005,ok,,0.0002287537117,0.0002295984122,0.01512460617,0.01515250515,0.01889575353,0.01132677314,0.01876099654,0.0112475141,0.32711335089282023,0.32771674702305426,0.4086753192359743,0.24497422775724353,0.40576080959124944,0.24326002178906606,0.10700314428667443,0.10739826622287743
512,256,64,0,0.0002161406295,0.01470172199,0.7962333074,0.0002216783911,0.01488886803,0.7900957282,0.8414877703,0.8658637695,0.01889575353,0.01187050429,0.6282101567,0.01876099654,0.01172009315,0.6247052561,0.9995627467,0.9344224955,0.8790766097,ok,,0.0002161406295,0.0002216783911,0.01470172199,0.01488886803,0.01889575353,0.01187050429,0.01876099654,0.01172009315,0.3179672574604011,0.3220148318278018,0.4086753192359743,0.25673398642217327,0.40576080959124944,0.2534809105097173,0.10110317683033748,0.10369355186340849
512,256,128,0,0.0002025251365,0.01423113265,0.8090693206,0.0002161975448,0.01470365753,0.7952854674,0.8812053459,0.8845652917,0.01889575353,0.01243078296,0.6578611929,0.01876099654,0.01221599091,0.6511376347,0.9995627467,0.8724550614,0.7347697342,ok,,0.0002025251365,0.0002161975448,0.01423113265,0.01470365753,0.01889575353,0.01243078296,0.01876099654,0.01221599091,0.3077894019730182,0.31800911911075225,0.4086753192359743,0.2688516330648344,0.40576080959124944,0.2642061337750742,0.09473431596602126,0.1011297998565291
512,256,256,0,0.0001926218772,0.01387882838,0.8184056236,0.0002141753719,0.0146347317,0.7972002357,0.9090044942,0.8923511075,0.01889575353,0.01282293353,0.6786145632,0.01876099654,0.01259694491,0.6714432721,0.9995627467,0.7012715084,0.2471236252,ok,,0.0001926218772,0.0002141753719,0.01387882838,0.0146347317,0.01889575353,0.01282293353,0.01876099654,0.01259694491,0.30016980322127434,0.3165183986939066,0.4086753192359743,0.27733302329512494,0.40576080959124944,0.2724453657970755,0.09010191076519998,0.10018389669726113
512,512,4,0,0.00025261466,0.01589385605,0.7618473959,0.0002494943497,0.01579539014,0.763757173,0.6819590457,0.7415983874,0.01889575353,0.01021933665,0.5408271562,0.01876099654,0.01015397002,0.5412276473,0.9996853723,0.9972431593,0.9940759492,ok,,0.00025261466,0.0002494943497,0.01589385605,0.01579539014,0.01889575353,0.01021933665,0.01876099654,0.01015397002,0.343750604325562,0.34162099424469267,0.4086753192359743,0.22102271080049604,0.40576080959124944,0.21960896837735225,0.11816447790958053,0.11670490372051569
512,512,8,0,0.0002469586393,0.01571491773,0.7671796125,0.0002440545958,0.01562224682,0.7689080025,0.7001824565,0.7610389492,0.01889575353,0.01049241928,0.5552792197,0.01876099654,0.01045650458,0.5573533663,0.9996853723,0.9900905682,0.9810030731,ok,,0.0002469586393,0.0002440545958,0.01571491773,0.01562224682,0.01889575353,0.01049241928,0.01876099654,0.01045650458,0.3398805456410302,0.33787626919510755,0.4086753192359743,0.22692891246722838,0.40576080959124944,0.2261521532094162,0.11551878532364242,0.11416037332964249
512,512,16,0,0.0002395036207,0.01547590452,0.7742078352,0.0002380579598,0.01542912699,0.774586136,0.7235012666,0.7819209443,0.01889575353,0.01084185781,0.5737721861,0.01876099654,0.01078275342,0.5747431058,0.9996853723,0.9828626566,0.9716602081,ok,,0.0002395036207,0.0002380579598,0.01547590452,0.01542912699,0.01889575353,0.01084185781,0.01876099654,0.01078275342,0.3347111937153034,0.33369949434192464,0.4086753192359743,0.23448653130335315,0.40576080959124944,0.23320822793147922,0.11203158319263698,0.11135535258320681
512,512,32,0,0.000229235684,0.01514053117,0.7838879379,0.0002302064412,0.01517255553,0.7820206329,0.754439627,0.8085060465,0.01889575353,0.01130547732,0.5983078317,0.01876099654,0.01123456269,0.5988254761,0.9996853723,0.9723630351,0.9525457747,ok,,0.000229235684,0.0002302064412,0.01514053117,0.01517255553,0.01889575353,0.01130547732,0.01876099654,0.01123456269,0.3274577750751372,0.3281503944790445,0.4086753192359743,0.24451364405926748,0.40576080959124944,0.24297991009053535,0.10722859440582579,0.10768268134486157
512,512,64,0,0.0002171587344,0.01473630667,0.7952734885,0.0002226005925,0.01491980538,0.7892225081,0.7892782121,0.83356937,0.01889575353,0.01182754274,0.6259365479,0.01876099654,0.0116986943,0.6235646531,0.9996853723,0.9533137248,0.9165130667,ok,,0.0002171587344,0.0002226005925,0.01473630667,0.01491980538,0.01889575353,0.01182754274,0.01876099654,0.0116986943,0.31871525118911026,0.3226839414966748,0.4086753192359743,0.2558048186526399,0.40576080959124944,0.25301809849001416,0.10157941140027767,0.1041249260637755
512,512,128,0,0.000203430642,0.01426291141,0.8082156549,0.0002166080584,0.01471761049,0.7948967576,0.8270996874,0.8531454549,0.01889575353,0.01239430754,0.6559308431,0.01876099654,0.01215850545,0.6480735405,0.9996853723,0.9137272441,0.8310749785,ok,,0.000203430642,0.0002166080584,0.01426291141,0.01471761049,0.01889575353,0.01239430754,0.01876099654,0.01215850545,0.30847670956661605,0.318310892224655,0.4086753192359743,0.26806274661534196,0.40576080959124944,0.2629628444466212,0.09515788039673068,0.10132182404554008
512,512,256,0,0.0001903764482,0.01379769721,0.820522503,0.0002138842521,0.01462478212,0.797475893,0.8615257929,0.8632291103,0.01889575353,0.01291019184,0.6832324426,0.01876099654,0.01265767831,0.6746804887,0.9996853723,0.8178012806,0.6003375512,ok,,0.0001903764482,0.0002138842521,0.01379769721,0.01462478212,0.01889575353,0.01291019184,0.01876099654,0.01265767831,0.2984151070273863,0.31630321025083613,0.4086753192359743,0.2792202366120548,0.40576080959124944,0.27375890122152313,0.0890515760559316,0.10004772083487792
512,512,512,0,0.0001856222953,0.01362432733,0.8250044831,0.0002143971269,0.01464230607,0.7969902588,0.8737264078,0.8628955349,0.01889575353,0.01309302128,0.6929081319,0.01876099654,0.01286053567,0.6854932062,0.9996853723,0.5569789487,0.001518963317,ok,,0.0001856222953,0.0002143971269,0.01362432733,0.01464230607,0.01889575353,0.01309302128,0.01876099654,0.01286053567,0.29466548196255815,0.31668221635128907,0.4086753192359743,0.2831744520202474,0.40576080959124944,0.27814627832324845,0.08682774630934913,0.10028762608414168
512,1024,4,0,0.0002526560353,0.0158951576,0.7618083894,0.0002495955353,0.01579859283,0.7636613617,0.6424796279,0.7183289413,0.01889575353,0.01021731208,0.5407200124,0.01876099654,0.01017057383,0.5421126649,0.9997848938,0.9981380505,0.9959826239,ok,,0.0002526560353,0.0002495955353,0.0158951576,0.01579859283,0.01889575353,0.01021731208,0.01876099654,0.01017057383,0.34377875410857583,0.341690261678568,0.4086753192359743,0.22097892361890775,0.40576080959124944,0.21996807378913222,0.11818383185650844,0.11675223487538995
512,1024,8,0,0.0002470433531,0.01571761283,0.7670997485,0.0002441808858,0.01562628829,0.7687884202,0.6595248776,0.7371019151,0.01889575353,0.01048838159,0.5550655376,0.01876099654,0.01047957807,0.5585832312,0.9997848938,0.9932856611,0.9869886094,ok,,0.0002470433531,0.0002441808858,0.01571761283,0.01562628829,0.01889575353,0.01048838159,0.01876099654,0.01047957807,0.3399388349731346,0.3379636776723514,0.4086753192359743,0.22684158574341678,0.40576080959124944,0.2266511841624114,0.11555841153515656,0.11421944746221739
512,1024,16,0,0.0002397575306,0.01548410574,0.7739684615,0.0002384598042,0.01544214377,0.7742056349,0.6810152613,0.7564492206,0.01889575353,0.01083014178,0.5731521508,0.01876099654,0.01080286619,0.5758151583,0.9997848938,0.9884281068,0.9811168394,ok,,0.0002397575306,0.0002384598042,0.01548410574,0.01544214377,0.01889575353,0.01083014178,0.01876099654,0.01080286619,0.33488856881687334,0.33398101985576445,0.4086753192359743,0.2342331382702134,0.40576080959124944,0.23364322475166002,0.11215035353941565,0.11154332161765196
512,1024,32,0,0.0002295397386,0.01515056892,0.7836012902,0.0002305171767,0.01518279212,0.7817264016,0.7100589754,0.7825614433,0.01889575353,0.01129202209,0.5975957546,0.01876099654,0.01125315889,0.5998166922,0.9997848938,0.9816303509,0.9682960253,ok,,0.0002295397386,0.0002305171767,0.01515056892,0.01518279212,0.01889575353,0.01129202209,0.01876099654,0.01125315889,0.32767487044945753,0.32837179034343783,0.4086753192359743,0.24422263579611916,0.40576080959124944,0.24338210669833457,0.10737082072422316,0.10782803275924692
512,1024,64,0,0.000217687575,0.01475423922,0.7947749238,0.0002231288928,0.01493749955,0.7887222677,0.7423261727,0.8061859548,0.01889575353,0.01180516525,0.6247522877,0.01876099654,0.0116903924,0.6231221444,0.9997848938,0.9691242154,0.9451678102,ok,,0.000217687575,0.0002231288928,0.01475423922,0.01493749955,0.01889575353,0.01180516525,0.01876099654,0.0116903924,0.3191030944462913,0.3230666290969277,0.4086753192359743,0.2553208407125736,0.40576080959124944,0.2528385458922636,0.10182678490344803,0.10437204683312823
512,1024,128,0,0.0002040159195,0.01428341414,0.8076638842,0.0002171152292,0.01473483048,0.7944165245,0.7778862129,0.82527447,0.01889575353,0.01237067427,0.6546801244,0.01876099654,0.01215143336,0.6476965832,0.9997848938,0.9437369998,0.8906711933,ok,,0.0002040159195,0.0002171152292,0.01428341414,0.01473483048,0.01889575353,0.01237067427,0.01876099654,0.01215143336,0.30892014039961546,0.3186833243110133,0.4086753192359743,0.2675516088008851,0.40576080959124944,0.26280989004690236,0.09543165314697298,0.10155906115914616
512,1024,256,0,0.0001900816832,0.0137870114,0.8208003928,0.0002142194166,0.01463623642,0.7971585303,0.8125294084,0.8357010868,0.01889575353,0.01292160278,0.6838363315,0.01876099654,0.01267599901,0.6756570195,0.9997848938,0.8848415599,0.754843393,ok,,0.0001900816832,0.0002142194166,0.0137870114,0.01463623642,0.01889575353,0.01292160278,0.01876099654,0.01267599901,0.29818399548128616,0.31655094261576633,0.4086753192359743,0.27946703119158184,0.40576080959124944,0.274155139345038,0.08891369509395174,0.1002044992979977
512,1024,512,0,0.0001813405165,0.01346627329,0.8290411324,0.0002151579062,0.01466826187,0.7962698872,0.8335270292,0.8352197247,0.01889575353,0.01325552659,0.7015082285,0.01876099654,0.01302851285,0.6944467382,0.9997848938,0.708487846,0.2134865258,ok,,0.0001813405165,0.0002151579062,0.01346627329,0.01466826187,0.01889575353,0.01325552659,0.01876099654,0.01302851285,0.29124710623327144,0.317243585594076,0.4086753192359743,0.28668909933697656,0.40576080959124944,0.28177927065413744,0.0848248769729998,0.10064349255993892
1024,4,4,0,0.00025146205,0.01585755498,0.7629340197,0.000247974756,0.01574721423,0.7651960557,0.9986476626,0.9975366906,0.01889575353,0.01027557549,0.5438034248,0.01876099654,0.01025370693,0.5465438314,0.9994857596,0.9961216655,0.9913218418,ok,,0.00025146205,0.000247974756,0.01585755498,0.01574721423,0.01889575353,0.01027557549,0.01876099654,0.01025370693,0.342965488699064,0.3405790508595043,0.4086753192359743,0.2222390383660504,0.40576080959124944,0.22176606750913055,0.11762532646491235,0.1159940898817813
1024,8,4,0,0.0002515574809,0.0158605637,0.7628440521,0.0002480794657,0.01575053858,0.7650969075,0.96100519,0.9626966679,0.01889575353,0.01027093086,0.543557622,0.01876099654,0.01020647975,0.5440265248,0.9995026976,0.9962138942,0.9915065328,ok,,0.0002515574809,0.0002480794657,0.0158605637,0.01575053858,0.01889575353,0.01027093086,0.01876099654,0.01020647975,0.3430305609707011,0.3406509495427373,0.4086753192359743,0.22213858480938387,0.40576080959124944,0.2207446431540514,0.11766996576840702,0.11604306948982371
1024,8,8,0,0.0002437214208,0.0156115797,0.7702315018,0.0002413814356,0.01553645505,0.7714391817,0.9960581524,0.9932643556,0.01889575353,0.01064556624,0.5633840549,0.01876099654,0.01058531182,0.5642190591,0.9995026976,0.9793527855,0.946798899,ok,,0.0002437214208,0.0002413814356,0.0156115797,0.01553645505,0.01889575353,0.01064556624,0.01876099654,0.01058531182,0.33764556187431155,0.3360207740471155,0.4086753192359743,0.23024115839955658,0.40576080959124944,0.2289379823028858,0.11400452548641944,0.11290996062833027
1024,16,4,0,0.0002517292292,0.0158659771,0.7626821363,0.0002482729367,0.01575667911,0.7649137125,0.9143010451,0.9178281319,0.01889575353,0.01026256656,0.543114967,0.01876099654,0.01017917408,0.5425710758,0.9995264511,0.9965061475,0.9924546721,ok,,0.0002517292292,0.0002482729367,0.0158659771,0.01575667911,0.01889575353,0.01026256656,0.01876099654,0.01017917408,0.34314764140200754,0.34078375626325486,0.4086753192359743,0.2219576826311639,0.40576080959124944,0.22015407906850248,0.11775030373533797,0.11613356859112546
1024,16,8,0,0.0002450638638,0.01565451577,0.768965913,0.0002424315204,0.0155702126,0.7704448706,0.9427887534,0.9433276274,0.01889575353,0.01058232667,0.5600372935,0.01876099654,0.01049526635,0.5594194493,0.9995264511,0.9854042004,0.9706033331,ok,,0.0002450638638,0.0002424315204,0.01565451577,0.0155702126,0.01889575353,0.01058232667,0.01876099654,0.01049526635,0.33857417856515315,0.3367508786973995,0.4086753192359743,0.22887341980066642,0.40576080959124944,0.22699048859010118,0.11463247430070587,0.11340115429916785
1024,16,16,0,0.0002329728231,0.01526344729,0.780364748,0.0002320516178,0.01523324055,0.7802734601,0.9923806986,0.9870391222,0.01889575353,0.01113897115,0.5894960016,0.01876099654,0.01104174012,0.5885476335,0.9995264511,0.9674844883,0.9240119146,ok,,0.0002329728231,0.0002320516178,0.01526344729,0.01523324055,0.01889575353,0.01113897115,0.01876099654,0.01104174012,0.3301161916606676,0.3294628835460704,0.4086753192359743,0.24091246657399418,0.40576080959124944,0.2388095643445697,0.1089766999616434,0.10854579170270849
1024,32,4,0,0.0002519089084,0.01587163849,0.7625127436,0.0002484775591,0.01576317097,0.7647199583,0.8661149532,0.874904811,0.01889575353,0.01025380871,0.5426514848,0.01876099654,0.01016701397,0.541922917,0.9995895652,0.9967319373,0.9928187707,ok,,0.0002519089084,0.0002484775591,0.01587163849,0.01576317097,0.01889575353,0.01025380871,0.01876099654,0.01016701397,0.3432700853342855,0.3409241615111177,0.4086753192359743,0.22176826879599246,0.40576080959124944,0.21989108152102152,0.11783435150540489,0.1162292839350592
1024,32,8,0,0.0002454409837,0.01566655622,0.7686103831,0.0002427755875,0.01558125757,0.7701190781,0.8923577417,0.8986839175,0.01889575353,0.01056449326,0.559093515,0.01876099654,0.01047119259,0.5581362677,0.9995895652,0.9871142152,0.9754317974,ok,,0.0002454409837,0.0002427755875,0.01566655622,0.01558125757,0.01889575353,0.01056449326,0.01876099654,0.01047119259,0.33883458811906075,0.33698975811724036,0.4086753192359743,0.2284877207327121,0.40576080959124944,0.22646982390543585,0.1148088780616468,0.11356209709337212
1024,32,16,0,0.0002351191864,0.01533359666,0.7783412629,0.0002339575171,0.01529566988,0.7784687897,0.9327090129,0.9342725048,0.01889575353,0.01104220608,0.5843750058,0.01876099654,0.0109130285,0.5816870375,0.9995895652,0.9755564278,0.9561374954,ok,,0.0002351191864,0.0002339575171,0.01533359666,0.01529566988,0.01889575353,0.01104220608,0.01876099654,0.0109130285,0.3316333746686613,0.33081309836163364,0.4086753192359743,0.2388196420771909,0.40576080959124944,0.23602580331014644,0.10998069513258395,0.10943730605794319
1024,32,32,0,0.000220629229,0.01485359314,0.7920016779,0.0002227045732,0.01492328962,0.7891240502,0.9865742629,0.9778871356,0.01889575353,0.01167990892,0.6181234797,0.01876099654,0.01153126529,0.61464034,0.9995895652,0.9495329581,0.8644772909,ok,,0.000220629229,0.0002227045732,0.01485359314,0.01492328962,0.01889575353,0.01167990892,0.01876099654,0.01153126529,0.3212519103116592,0.32275929826358196,0.4086753192359743,0.25261181031758007,0.40576080959124944,0.2493969619207591,0.10320278979999928,0.10417356467060922
1024,64,4,0,0.0002520194053,0.01587511906,0.7624085726,0.0002486059061,0.01576724155,0.7645984283,0.818419218,0.8354005526,0.01889575353,0.01024841921,0.5423662618,0.01876099654,0.01018693966,0.5429849974,0.9996410396,0.9970612587,0.9935464865,ok,,0.0002520194053,0.0002486059061,0.01587511906,0.01576724155,0.01889575353,0.01024841921,0.01876099654,0.01018693966,0.34334536272682853,0.3410121995763018,0.4086753192359743,0.2216517052713082,0.40576080959124944,0.2203220321951409,0.11788603816721277,0.1162893202617168
1024,64,8,0,0.0002458036168,0.01567812542,0.7682685105,0.0002430848909,0.01559117991,0.7698262029,0.8422885835,0.8574294789,0.01889575353,0.01054731647,0.5581844858,0.01876099654,0.01048825674,0.5590458225,0.9996410396,0.9886446634,0.9768707136,ok,,0.0002458036168,0.0002430848909,0.01567812542,0.01559117991,0.01889575353,0.01054731647,0.01876099654,0.01048825674,0.3390848055287978,0.337204357416529,0.4086753192359743,0.2281162229712942,0.40576080959124944,0.22683888550108322,0.11497850539417863,0.11370677862047215
1024,64,16,0,0.0002359302766,0.01536002203,0.7775766072,0.000234387418,0.01530971646,0.7780617224,0.8788716966,0.8910466413,0.01889575353,0.01100541798,0.582428108,0.01876099654,0.01095127989,0.5837259161,0.9996410396,0.9794397557,0.9655225088,ok,,0.0002359302766,0.000234387418,0.01536002203,0.01530971646,0.01889575353,0.01100541798,0.01876099654,0.01095127989,0.33220489972076006,0.3311168962787985,0.4086753192359743,0.23802399301838434,0.40576080959124944,0.2368531002472414,0.11036009532266229,0.10963839896126622
1024,64,32,0,0.0002236712903,0.01495564409,0.789133773,0.0002251167484,0.01500389111,0.7868399941,0.922277007,0.9255752723,0.01889575353,0.01154894849,0.611192799,0.01876099654,0.01144183594,0.6098735702,0.9996410396,0.9645561967,0.9356865581,ok,,0.0002236712903,0.0002251167484,0.01495564409,0.01500389111,0.01889575353,0.01154894849,0.01876099654,0.01144183594,0.3234590572509633,0.3245025385955617,0.4086753192359743,0.24977941226303524,0.40576080959124944,0.2474627935848793,0.10462576178936615,0.10530189753590863
1024,64,64,0,0.000206991176,0.01438718791,0.8048589595,0.0002143484334,0.0146406432,0.7970363661,0.9782480369,0.9642489377,0.01889575353,0.01224982961,0.64828479,0.01876099654,0.01203254395,0.6413595316,0.9996410396,0.9260822164,0.7833398161,ok,,0.000206991176,0.0002143484334,0.01438718791,0.0146406432,0.01889575353,0.01224982961,0.01876099654,0.01203254395,0.3111645483040548,0.3166462519782875,0.4086753192359743,0.2649379935288053,0.40576080959124944,0.2602385627109278,0.09682337614107628,0.10026484893413348
1024,128,4,0,0.0002520782389,0.01587697197,0.7623531072,0.0002486177551,0.01576761729,0.7645872086,0.7713486391,0.800778918,0.01889575353,0.01024554843,0.5422143347,0.01876099654,0.01018376027,0.5428155292,0.9996831862,0.9973873207,0.9941790504,ok,,0.0002520782389,0.0002486177551,0.01587697197,0.01576761729,0.01889575353,0.01024554843,0.01876099654,0.01018376027,0.3433854372644522,0.34102032604049415,0.4086753192359743,0.22158961635111277,0.40576080959124944,0.22025326869115242,0.11791355850838196,0.11629486281771396
1024,128,8,0,0.0002459689406,0.01568339697,0.7681126514,0.000243123456,0.01559241662,0.7697896861,0.793477359,0.8218097119,0.01889575353,0.01053947631,0.5577695695,0.01876099654,0.01051242717,0.5603341564,0.9996831862,0.9901020983,0.9802368159,ok,,0.0002459689406,0.000243123456,0.01568339697,0.01559241662,0.01889575353,0.01053947631,0.01876099654,0.01051242717,0.3391988180436042,0.33723110484701646,0.4086753192359743,0.22794665683646004,0.40576080959124944,0.2273616409540816,0.11505583820025182,0.11372481805217827
1024,128,16,0,0.0002370410977,0.01539613905,0.77652938,0.0002353561973,0.01534132319,0.7771443984,0.8247481247,0.8506444782,0.01889575353,0.01095483472,0.5797511438,0.01876099654,0.01090889608,0.5814667708,0.9996831862,0.9829120317,0.9724109956,ok,,0.0002370410977,0.0002353561973,0.01539613905,0.01534132319,0.01889575353,0.01095483472,0.01876099654,0.01090889608,0.3329860347337098,0.33180048322611166,0.4086753192359743,0.23692998372705465,0.40576080959124944,0.2359364277761125,0.11087969935250144,0.11009156070648761
1024,128,32,0,0.0002251519254,0.01500506332,0.7877379035,0.0002264039358,0.01504672508,0.7856211738,0.8646371956,0.8827443635,0.01889575353,0.011484667,0.6077908977,0.01876099654,0.01137479087,0.6062999288,0.9996831862,0.9718413427,0.9502831382,ok,,0.0002251519254,0.0002264039358,0.01500506332,0.01504672508,0.01889575353,0.011484667,0.01876099654,0.01137479087,0.3245278910270062,0.32542894707861597,0.4086753192359743,0.2483891391307674,0.40576080959124944,0.24601275004245335,0.10531835213058428,0.10590399967476627
1024,128,64,0,0.0002099846946,0.01449084865,0.8020368183,0.0002164874028,0.01471351089,0.7950110048,0.9129981249,0.9171094285,0.01889575353,0.01212702795,0.6417858875,0.01876099654,0.01192806535,0.6357906054,0.9996831862,0.9506771359,0.9057569796,ok,,0.0002099846946,0.0002164874028,0.01449084865,0.01471351089,0.01889575353,0.01212702795,0.01876099654,0.01192806535,0.3134065116078458,0.31822222651804105,0.4086753192359743,0.26228205247180914,0.40576080959124944,0.25797891081927193,0.0982236415195053,0.10126538549212885
1024,128,128,0,0.0001925166903,0.01387503839,0.8185047886,0.0002083105415,0.01443296718,0.8027535642,0.9656989655,0.9449678509,0.01889575353,0.01282703439,0.6788315887,0.01876099654,0.01251227123,0.6669299896,0.9996831862,0.8892226217,0.677513406,ok,,0.0001925166903,0.0002083105415,0.01387503839,0.01443296718,0.01889575353,0.01282703439,0.01876099654,0.01251227123,0.3000878337263456,0.3121546574178267,0.4086753192359743,0.2774217162528829,0.40576080959124944,0.2706140525790054,0.09005270793935675,0.09744053009199667
1024,256,4,0,0.0002521252671,0.01587845292,0.7623087713,0.0002486976157,0.01577014951,0.7645115896,0.726133618,0.7706095668,0.01889575353,0.01024325312,0.5420928622,0.01876099654,0.01015650836,0.5413629462,0.9997339256,0.9977887804,0.9950659332,ok,,0.0002521252671,0.0002486976157,0.01587845292,0.01577014951,0.01889575353,0.01024325312,0.01876099654,0.01015650836,0.34341746709131576,0.3410750926215269,0.4086753192359743,0.22153997363400674,0.40576080959124944,0.2196638673210849,0.11793555668813933,0.11633221886864366
1024,256,8,0,0.000246079713,0.01568692809,0.7680082207,0.0002431349859,0.01559278634,0.7697787686,0.7467599512,0.7911129492,0.01889575353,0.01053421988,0.557491389,0.01876099654,0.01051207427,0.5603153463,0.9997339256,0.9917236159,0.9837382804,ok,,0.000246079713,0.0002431349859,0.01568692809,0.01559278634,0.01889575353,0.01053421988,0.01876099654,0.01051207427,0.3392751887260948,0.3372391011112981,0.4086753192359743,0.2278329713353827,0.40576080959124944,0.22735400847094564,0.11510765373151509,0.11373021134413468
1024,256,16,0,0.0002374214139,0.01540848513,0.7761708367,0.0002355109925,0.0153463674,0.7769978249,0.7753454085,0.8183588356,0.01889575353,0.01093746258,0.578831776,0.01876099654,0.01088547785,0.5802185311,0.9997339256,0.9858148151,0.9773506323,ok,,0.0002374214139,0.0002355109925,0.01540848513,0.0153463674,0.01889575353,0.01093746258,0.01876099654,0.01088547785,0.3332530544202919,0.3319095788559192,0.4086753192359743,0.23655426095690732,0.40576080959124944,0.2354299408235813,0.11105759823300804,0.11016396859441821
1024,256,32,0,0.000225793172,0.01502641581,0.7871333679,0.0002267523377,0.01505829797,0.7852912768,0.8121547095,0.8486190916,0.01889575353,0.01145671548,0.6063116486,0.01876099654,0.01134248244,0.6045778224,0.9997339256,0.9771780417,0.9608562237,ok,,0.000225793172,0.0002267523377,0.01502641581,0.01505829797,0.01889575353,0.01145671548,0.01876099654,0.01134248244,0.32498970037762986,0.32567924429527495,0.4086753192359743,0.24778460667108038,0.40576080959124944,0.24531398680322605,0.10561830530709547,0.1060669701398066
1024,256,64,0,0.0002116370802,0.01454775172,0.8004790309,0.0002176660965,0.01475351133,0.7938949157,0.8548292861,0.8789917787,0.01889575353,0.01205870728,0.638170225,0.01876099654,0.01184145971,0.6311743453,0.9997339256,0.9616969186,0.9325123819,ok,,0.0002116370802,0.0002176660965,0.01454775172,0.01475351133,0.01889575353,0.01205870728,0.01876099654,0.01184145971,0.31463720506819576,0.3190873517198821,0.4086753192359743,0.2608044203901705,0.40576080959124944,0.2561058133787045,0.09899657085673896,0.10181673799746568
1024,256,128,0,0.0001952031895,0.0139715135,0.81597209,0.0002101073379,0.01449507978,0.801052202,0.9018411404,0.9038326535,0.01889575353,0.01272188319,0.6732667831,0.01876099654,0.01237298596,0.6595057963,0.9997339256,0.9293991862,0.8588118857,ok,,0.0001952031895,0.0002101073379,0.0139715135,0.01449507978,0.01889575353,0.01272188319,0.01876099654,0.01237298596,0.30217438699954424,0.3134980220311127,0.4086753192359743,0.2751475174409742,0.40576080959124944,0.26760160578286435,0.09130936016758652,0.09828100985083496
1024,256,256,0,0.0001784485187,0.01335846244,0.8317675648,0.0002057970127,0.01434562695,0.8051335907,0.9473720367,0.9190495727,0.01889575353,0.01336416787,0.7072577363,0.01876099654,0.01296837916,0.6912414877,0.9997339256,0.8323844757,0.5199149154,ok,,0.0001784485187,0.0002057970127,0.01335846244,0.01434562695,0.01889575353,0.01336416787,0.01876099654,0.01296837916,0.2889153847980347,0.31026567234397273,0.4086753192359743,0.2890387812226825,0.40576080959124944,0.28047870569288463,0.08347209954451383,0.09626478748718231
1024,512,4,0,0.0002521754466,0.01588003295,0.7622614646,0.0002487475734,0.01577173337,0.7644642854,0.6833915719,0.7442934092,0.01889575353,0.01024080343,0.5419632201,0.01876099654,0.01017927662,0.5425765414,0.9997959168,0.9982524436,0.9960774293,ok,,0.0002521754466,0.0002487475734,0.01588003295,0.01577173337,0.01889575353,0.01024080343,0.01876099654,0.01017927662,0.3434516398097325,0.34110934817477045,0.4086753192359743,0.22148699200291225,0.40576080959124944,0.22015629679256243,0.11795902893800503,0.11635558736807303
1024,512,8,0,0.0002461524947,0.01568924774,0.7679396057,0.0002431621124,0.01559365616,0.7697530829,0.7027413372,0.7641884456,0.01889575353,0.01053076478,0.5573085382,0.01876099654,0.01051677827,0.5605660788,0.9997959168,0.9935231022,0.9876196898,ok,,0.0002461524947,0.0002431621124,0.01568924774,0.01559365616,0.01889575353,0.01053076478,0.01876099654,0.01051677827,0.3393253578660955,0.3372579134844387,0.4086753192359743,0.22775824480525253,0.40576080959124944,0.22745574607556854,0.11514169851570091,0.11374290019089446
1024,512,16,0,0.00023778119,0.01542015532,0.7758316576,0.0002359256229,0.01535987054,0.776605217,0.728782816,0.7891923919,0.01889575353,0.01092100323,0.5779607153,0.01876099654,0.01086440915,0.5790955254,0.9997959168,0.9887792193,0.9818834395,ok,,0.00023778119,0.0002359256229,0.01542015532,0.01535987054,0.01889575353,0.01092100323,0.01876099654,0.01086440915,0.333505456030856,0.3322016233113799,0.4086753192359743,0.2361982799104258,0.40576080959124944,0.23497426925246787,0.11122588915888243,0.11035791848133863
1024,512,32,0,0.0002264737005,0.01504904317,0.7864917993,0.0002275390972,0.01508439913,0.7845463048,0.7625475636,0.8172732369,0.01889575353,0.0114269769,0.6047378253,0.01876099654,0.01132317782,0.6035488462,0.9997959168,0.9823538826,0.9698384813,ok,,0.0002264737005,0.0002275390972,0.01504904317,0.01508439913,0.01889575353,0.0114269769,0.01876099654,0.01132317782,0.32547908247910495,0.3262437573684632,0.4086753192359743,0.24714142387046703,0.40576080959124944,0.24489646856407762,0.1059366332097797,0.10643498926252062
1024,512,64,0,0.000212759582,0.01458628061,0.7994207917,0.0002184271275,0.01477928035,0.7931743057,0.8015923871,0.846775967,0.01889575353,0.0120120739,0.635702296,0.01876099654,0.01181222111,0.6296158674,0.9997959168,0.970897814,0.9498967016,ok,,0.000212759582,0.0002184271275,0.01458628061,0.01477928035,0.01889575353,0.0120120739,0.01876099654,0.01181222111,0.31547050374535934,0.3196446813049753,0.4086753192359743,0.25979583867744355,0.40576080959124944,0.255473444091603,0.09952163871760486,0.10217272220989423
1024,512,128,0,0.0001969539862,0.01403402958,0.8143215255,0.0002109344572,0.01452358279,0.800269014,0.8443551791,0.8705982634,0.01889575353,0.01265288565,0.669615299,0.01876099654,0.01232579789,0.6569905741,0.9997959168,0.9491386294,0.9050436993,ok,,0.0001969539862,0.0002109344572,0.01403402958,0.01452358279,0.01889575353,0.01265288565,0.01876099654,0.01232579789,0.3035264780347506,0.31411448205703557,0.4086753192359743,0.27365524608798325,0.40576080959124944,0.2665810272946468,0.0921283228437088,0.09866790790438987
1024,512,256,0,0.0001795103315,0.01339814657,0.8307665402,0.0002063088872,0.01436345666,0.8046489037,0.8891656587,0.8860983643,0.01889575353,0.01332438254,0.7051522193,0.01876099654,0.01289787802,0.687483631,0.9997959168,0.8991003248,0.787401832,ok,,0.0001795103315,0.0002063088872,0.01339814657,0.01436345666,0.01889575353,0.01332438254,0.01876099654,0.01289787802,0.2897736688813131,0.31065129138872616,0.4086753192359743,0.28817830839671954,0.40576080959124944,0.27895391464127317,0.08396877917169664,0.09650422483039797
1024,512,512,0,0.0001663234972,0.01289664674,0.8431984352,0.0002064259057,0.01436752956,0.8045381005,0.9215959204,0.8885283632,0.01889575353,0.01381035859,0.7308710162,0.01876099654,0.01337955098,0.7131577978,0.9997959168,0.7423452936,0.2825635876,ok,,0.0001663234972,0.0002064259057,0.01289664674,0.01436752956,0.01889575353,0.01381035859,0.01876099654,0.01337955098,0.27892728465023997,0.31073937963062,0.4086753192359743,0.2986889459883598,0.40576080959124944,0.28937148546652813,0.07780043015212806,0.09655896207311486
1024,1024,4,0,0.0002522391685,0.01588203918,0.7622013908,0.0002488729035,0.01577570612,0.764345612,0.6437611334,0.7208563759,0.01889575353,0.01023769178,0.5417985457,0.01876099654,0.01019665527,0.5435028596,0.999852201,0.9987834087,0.9972710827,ok,,0.0002522391685,0.0002488729035,0.01588203918,0.01577570612,0.01889575353,0.01023769178,0.01876099654,0.01019665527,0.34349503033577894,0.3411952703832665,0.4086753192359743,0.22141969357233726,0.40576080959124944,0.22053216036028755,0.11798883585833543,0.11641421249233483
1024,1024,8,0,0.0002463041077,0.01569407875,0.7677966725,0.0002433376422,0.01559928339,0.7695868761,0.661737183,0.7399849624,0.01889575353,0.01052356374,0.5569274453,0.01876099654,0.01052868068,0.5612005021,0.999852201,0.9954960203,0.9913043799,ok,,0.0002463041077,0.0002433376422,0.01569407875,0.01559928339,0.01889575353,0.01052356374,0.01876099654,0.01052868068,0.33942984242929897,0.3373796186079212,0.4086753192359743,0.22760250148884237,0.40576080959124944,0.22771317011524517,0.11521261787956247,0.1138250070138895
1024,1024,16,0,0.0002377943523,0.0154205821,0.7758192488,0.0002361610704,0.015367533,0.7763822749,0.6866908688,0.7640521997,0.01889575353,0.0109204006,0.577928823,0.01876099654,0.01089201402,0.5805669224,0.999852201,0.9920499263,0.9871776435,ok,,0.0002377943523,0.0002361610704,0.0154205821,0.015367533,0.01889575353,0.0109204006,0.01876099654,0.01089201402,0.3335146863826632,0.3323673461697809,0.4086753192359743,0.23618524629378593,0.40576080959124944,0.23557130440334484,0.11123204603159755,0.11046805275031818
1024,1024,32,0,0.0002269316432,0.0150642505,0.7860600736,0.0002279822566,0.01509908132,0.7841266831,0.7172840202,0.7906443826,0.01889575353,0.01140692151,0.6036764552,0.01876099654,0.0113396651,0.6044276525,0.999852201,0.9876278541,0.9791080105,ok,,0.0002269316432,0.0002279822566,0.0150642505,0.01509908132,0.01889575353,0.01140692151,0.01876099654,0.0113396651,0.3258079849720703,0.32656130219015067,0.4086753192359743,0.2467076680587372,0.40576080959124944,0.2452530536775866,0.10615084310582454,0.10664228403762087
1024,1024,64,0,0.0002135257775,0.01461252126,0.7986984606,0.0002189827129,0.0147980645,0.7926482294,0.7533287631,0.8189332047,0.01889575353,0.01198013873,0.6340122247,0.01876099654,0.01181123492,0.6295633015,0.999852201,0.9796735222,0.9650488298,ok,,0.0002135257775,0.0002189827129,0.01461252126,0.0147980645,0.01889575353,0.01198013873,0.01876099654,0.01181123492,0.31603803369322214,0.32005094287510205,0.4086753192359743,0.2591051482652361,0.40576080959124944,0.2554521148806542,0.09988003870608601,0.10243260601364966
1024,1024,128,0,0.0001980930211,0.01407455225,0.8132476998,0.0002117100684,0.01455026008,0.7995345982,0.7927966775,0.8413947042,0.01889575353,0.01260779443,0.6672289839,0.01876099654,0.01230247917,0.6557476379,0.999852201,0.9649807162,0.9360960816,ok,,0.0001980930211,0.0002117100684,0.01407455225,0.01455026008,0.01889575353,0.01260779443,0.01876099654,0.01230247917,0.30440289797070347,0.3146914556077221,0.4086753192359743,0.27268001804539777,0.40576080959124944,0.2660766925336623,0.0926611243219733,0.09903071223454563
1024,1024,256,0,0.0001809606027,0.01345215978,0.8293992963,0.0002070126372,0.01438793374,0.8039825323,0.8344276586,0.8566144731,0.01889575353,0.01326984924,0.7022662111,0.01876099654,0.01286211203,0.6855772293,0.999852201,0.9337453683,0.8662298798,ok,,0.0001809606027,0.0002070126372,0.01345215978,0.01438793374,0.01889575353,0.01326984924,0.01876099654,0.01286211203,0.29094186076128575,0.31118067903484903,0.4086753192359743,0.28699886806632424,0.40576080959124944,0.27818037166730103,0.08464716632141828,0.09683341495471169
1024,1024,512,0,0.0001641940885,0.01281382412,0.8452059364,0.0002066339946,0.01437476937,0.8043410639,0.8732500494,0.8609259953,0.01889575353,0.01388723921,0.7349396885,0.01876099654,0.01344004148,0.7163820671,0.999852201,0.8516006789,0.6554336118,ok,,0.0001641940885,0.0002066339946,0.01281382412,0.01437476937,0.01889575353,0.01388723921,0.01876099654,0.01344004148,0.27713600595819304,0.3108959614604084,0.4086753192359743,0.30035171174531555,0.40576080959124944,0.2906797674759751,0.07680436576183647,0.09665629892691138
1024,1024,1024,0,0.0001576686575,0.01255661808,0.8513577899,0.0002086493907,0.01444470113,0.8024327126,0.8879007389,0.8576564357,0.01889575353,0.01412022819,0.7472699176,0.01876099654,0.01370100419,0.7302919201,0.999852201,0.5933788432,0.0003706295456,ok,,0.0001576686575,0.0002086493907,0.01255661808,0.01444470113,0.01889575353,0.01412022819,0.01876099654,0.01370100419,0.2715731814675192,0.3124084380227936,0.4086753192359743,0.3053907722743806,0.40576080959124944,0.29632384082021157,0.0737519928423472,0.097599032131459
2048,4,4,0,0.0002513030752,0.0158525416,0.7630838932,0.0002477902694,0.01574135539,0.7653707436,0.9993991728,0.9984202366,0.01889575353,0.01028330814,0.5442126521,0.01876099654,0.01026120762,0.5469436335,0.9997816698,0.99825367,0.9961866448,ok,,0.0002513030752,0.0002477902694,0.0158525416,0.01574135539,0.01889575353,0.01028330814,0.01876099654,0.01026120762,0.3428570598571711,0.34045233649992335,0.4086753192359743,0.22240627928620074,0.40576080959124944,0.22192829162342023,0.11755096350338518,0.11590779337479981
2048,8,4,0,0.0002514201248,0.015856233,0.7629735446,0.0002478759815,0.01574407767,0.765289584,0.9616306255,0.9636412616,0.01889575353,0.01027761532,0.5439113769,0.01876099654,0.01022907138,0.5452307053,0.9997882291,0.9983117087,0.9963317799,ok,,0.0002514201248,0.0002478759815,0.015856233,0.01574407767,0.01889575353,0.01027761532,0.01876099654,0.01022907138,0.34293689705821384,0.3405112136781361,0.4086753192359743,0.22228315558927278,0.40576080959124944,0.22123325249094036,0.1176057152936159,0.11594788655683062
2048,8,8,0,0.0002431931543,0.01559465146,0.7707295254,0.0002407585915,0.0155163975,0.7720289443,0.9983769619,0.9960526816,0.01889575353,0.01067034897,0.5646956051,0.01876099654,0.01060694909,0.5653723706,0.9997882291,0.9917469872,0.9801550748,ok,,0.0002431931543,0.0002407585915,0.01559465146,0.0155163975,0.01889575353,0.01067034897,0.01876099654,0.01060694909,0.33727943972548485,0.33558697151913863,0.4086753192359743,0.2307771566109118,0.40576080959124944,0.2294059508446328,0.113757420527548,0.11261861551045167
2048,16,4,0,0.0002515953267,0.01586175674,0.7628083729,0.0002481063836,0.01575139307,0.7650714194,0.9148820741,0.9185648325,0.01889575353,0.01026908831,0.5434601111,0.01876099654,0.01019404648,0.5433638058,0.9997946203,0.9984267052,0.9967090451,ok,,0.0002515953267,0.0002481063836,0.01586175674,0.01575139307,0.01889575353,0.01026908831,0.01876099654,0.01019404648,0.34305636391113886,0.3406694303602913,0.4086753192359743,0.22209873433672278,0.40576080959124944,0.22047573773155368,0.11768766873623189,0.11605566076065464
2048,16,8,0,0.0002442056937,0.01562708206,0.7697749534,0.00024143115,0.0155380549,0.7713921078,0.9463942563,0.9476242529,0.01889575353,0.01062279661,0.5621790416,0.01876099654,0.01053918481,0.5617603941,0.9997946203,0.9936849233,0.9871915756,ok,,0.0002442056937,0.00024143115,0.01562708206,0.0155380549,0.01889575353,0.01062279661,0.01876099654,0.01053918481,0.3379808452442947,0.3360553754303544,0.4086753192359743,0.22974869929786682,0.40576080959124944,0.22794035230590143,0.11423105174738252,0.11293321532036037
2048,16,16,0,0.0002318507742,0.01522664685,0.7814225602,0.0002307432884,0.01519023662,0.7815122995,0.9968577429,0.9923994755,0.01889575353,0.01118922371,0.5921554647,0.01876099654,0.01108836734,0.5910329613,0.9997946203,0.9868069625,0.9712321976,ok,,0.0002318507742,0.0002307432884,0.01522664685,0.01519023662,0.01889575353,0.01118922371,0.01876099654,0.01108836734,0.32932027571367206,0.32853279918646816,0.4086753192359743,0.24199932352139344,0.40576080959124944,0.239818012829481,0.10845184395187138,0.10793380006103276
2048,32,4,0,0.0002517124349,0.01586544783,0.7626979691,0.0002482414758,0.01575568075,0.7649435024,0.8669238188,0.8759022801,0.01889575353,0.01026338475,0.5431582676,0.01876099654,0.01019414434,0.5433690218,0.9998117937,0.9985039681,0.9968337944,ok,,0.0002517124349,0.0002482414758,0.01586544783,0.01575568075,0.01889575353,0.01026338475,0.01876099654,0.01019414434,0.343136194407535,0.3407621638408587,0.4086753192359743,0.22197537835623327,0.40576080959124944,0.22047785423707847,0.11774244793753369,0.1161188522606359
2048,32,8,0,0.0002451245901,0.01565645522,0.7689086633,0.0002422922386,0.01556573926,0.7705767547,0.8936216973,0.9006698159,0.01889575353,0.01057945705,0.5598854277,0.01876099654,0.01048894144,0.5590823185,0.9998117937,0.9942335948,0.988663514,ok,,0.0002451245901,0.0002422922386,0.01565645522,0.01556573926,0.01889575353,0.01057945705,0.01876099654,0.01048894144,0.3386161247805626,0.3366541297823775,0.4086753192359743,0.2288113559688259,0.40576080959124944,0.22685369411883094,0.11466087998205025,0.11333600304793283
2048,32,16,0,0.0002339790878,0.01529637499,0.7794160915,0.0002326717647,0.01525358203,0.7796862513,0.9370594734,0.9393450859,0.01889575353,0.01109371055,0.5871007223,0.01876099654,0.01096421919,0.5844156072,0.9998117937,0.9893959677,0.9812738651,ok,,0.0002339790878,0.0002326717647,0.01529637499,0.01525358203,0.01889575353,0.01109371055,0.01876099654,0.01096421919,0.33082834840465997,0.32990282688146233,0.4086753192359743,0.23993357519903816,0.40576080959124944,0.2371329500319983,0.10944739609192478,0.10883587516289145
2048,32,32,0,0.0002184850799,0.01478124081,0.7940230756,0.000220392896,0.01484563559,0.7913129461,0.994297144,0.9865581768,0.01889575353,0.01177133899,0.6229621364,0.01876099654,0.01160279006,0.6184527583,0.9998117937,0.9787330151,0.9460601221,ok,,0.0002184850799,0.000220392896,0.01478124081,0.01484563559,0.01889575353,0.01177133899,0.01876099654,0.01160279006,0.31968708192239853,0.32107980527856683,0.4086753192359743,0.25458925000982063,0.40576080959124944,0.25094389193160105,0.10219983035591239,0.1030922413244761
2048,64,4,0,0.0002517970873,0.01586811543,0.762618163,0.0002483410642,0.01575884083,0.7648492034,0.8192849372,0.8364693753,0.01889575353,0.01025925993,0.5429399737,0.01876099654,0.01019513403,0.5434217742,0.9998300373,0.9986240916,0.9970500598,ok,,0.0002517970873,0.0002483410642,0.01586811543,0.01575884083,0.01889575353,0.01025925993,0.01876099654,0.01019513403,0.34319388897260555,0.34083050971025,0.4086753192359743,0.2218861671941796,0.40576080959124944,0.22049925914564972,0.11778204542823276,0.11616543630010474
2048,64,8,0,0.000245417751,0.01566581473,0.7686322857,0.0002425749817,0.01557481883,0.7703090291,0.8437480937,0.8594250857,0.01889575353,0.01056559277,0.559151703,0.01876099654,0.0104789409,0.5585492688,0.9998300373,0.9947994397,0.9897106087,ok,,0.000245417751,0.0002425749817,0.01566581473,0.01557481883,0.01889575353,0.01056559277,0.01876099654,0.0104789409,0.3388185512533185,0.33685050174300796,0.4086753192359743,0.22851150081639807,0.40576080959124944,0.22663740351837708,0.11479801060104125,0.11346826057722284
2048,64,16,0,0.0002347654759,0.01532205847,0.7786747237,0.0002332194098,0.01527152284,0.7791676936,0.8830876291,0.8954361824,0.01889575353,0.01105821078,0.5852220057,0.01876099654,0.01096800783,0.5846175498,0.9998300373,0.9906165177,0.9840061478,ok,,0.0002347654759,0.0002332194098,0.01532205847,0.01527152284,0.01889575353,0.01105821078,0.01876099654,0.01096800783,0.33138382793985954,0.3302908487850324,0.4086753192359743,0.2391657900025113,0.40576080959124944,0.2372148903292726,0.10981524148645098,0.1090920447665132
2048,64,32,0,0.0002216574095,0.0148881634,0.7910323601,0.000222994062,0.0149329857,0.7888499372,0.929213662,0.9332318253,0.01889575353,0.01163581076,0.615789719,0.01876099654,0.01148713424,0.6122880635,0.9998300373,0.9840344231,0.9708399655,ok,,0.0002216574095,0.000222994062,0.0148881634,0.0149329857,0.01889575353,0.01163581076,0.01876099654,0.01148713424,0.3219995921661637,0.3229690040359951,0.4086753192359743,0.2516580600695624,0.40576080959124944,0.24844250033136894,0.10368373739021162,0.10430897760710575
2048,64,64,0,0.0002032008591,0.01425485388,0.8084322828,0.0002104507722,0.01450692153,0.8007270088,0.9905257528,0.9776827346,0.01889575353,0.01240357378,0.6564212301,0.01876099654,0.0121326547,0.6466956418,0.9998300373,0.9680986978,0.9116669425,ok,,0.0002032008591,0.0002104507722,0.01425485388,0.01450692153,0.01889575353,0.01240357378,0.01876099654,0.0121326547,0.3083024421768676,0.31375413412285225,0.4086753192359743,0.268263155854598,0.40576080959124944,0.26240374721390347,0.0950503958334395,0.09844165664289264
2048,128,4,0,0.0002518558666,0.01586996744,0.7625627488,0.0002483675838,0.01575968222,0.7648240924,0.7721652235,0.801746325,0.01889575353,0.01025639483,0.5427883472,0.01876099654,0.01018135129,0.542687126,0.9998455564,0.9987401293,0.9972835165,ok,,0.0002518558666,0.0002483675838,0.01586996744,0.01575968222,0.01889575353,0.01025639483,0.01876099654,0.01018135129,0.3432339440451263,0.34084870720241706,0.4086753192359743,0.2218242011204115,0.40576080959124944,0.2202011675315469,0.11780954036972344,0.11617784125985003
2048,128,8,0,0.0002455815557,0.01567104195,0.7684778587,0.0002426648038,0.01557770213,0.7702239777,0.7948597504,0.8235166047,0.01889575353,0.01055783812,0.5587413122,0.01876099654,0.01047070852,0.5581104658,0.9998455564,0.9952411565,0.9906615318,ok,,0.0002455815557,0.0002426648038,0.01567104195,0.01557770213,0.01889575353,0.01055783812,0.01876099654,0.01047070852,0.33893160500366637,0.3369128614444129,0.4086753192359743,0.22834378408262074,0.40576080959124944,0.22645935449168805,0.11487463282421166,0.11351027627635622
2048,128,16,0,0.0002355009482,0.01534604015,0.7779813568,0.0002337408753,0.01528858644,0.7786739249,0.8300235301,0.8564852191,0.01889575353,0.01102490605,0.5834594545,0.01876099654,0.01093505225,0.5828609489,0.9998455564,0.991756629,0.9865214491,ok,,0.0002355009482,0.0002337408753,0.01534604015,0.01528858644,0.01889575353,0.01102490605,0.01876099654,0.01093505225,0.3319025011282167,0.33065989848533905,0.4086753192359743,0.23844547889434575,0.40576080959124944,0.23650213059964745,0.11015927021521303,0.10933596845073389
2048,128,32,0,0.0002230048879,0.01493334818,0.7897620242,0.0002239973349,0.01496654051,0.7878999517,0.8716460985,0.8911049584,0.01889575353,0.01157776376,0.6127177588,0.01876099654,0.01142242287,0.6088388132,0.9998455564,0.9866716424,0.9771870855,ok,,0.0002230048879,0.0002239973349,0.01493334818,0.01496654051,0.01889575353,0.01157776376,0.01876099654,0.01142242287,0.3229768437143377,0.32369472384742687,0.4086753192359743,0.2504026258145575,0.40576080959124944,0.24704292980082831,0.10431404159199642,0.10477827427591083
2048,128,64,0,0.0002069506618,0.01438577985,0.8048971544,0.0002134965148,0.01461151994,0.7978430362,0.922367888,0.9270559147,0.01889575353,0.01225148317,0.6483722994,0.01876099654,0.01198579232,0.6388675728,0.9998455564,0.9770270828,0.9582086555,ok,,0.0002069506618,0.0002134965148,0.01438577985,0.01461151994,0.01889575353,0.01225148317,0.01876099654,0.01198579232,0.3111340949342493,0.3160163772522653,0.4086753192359743,0.26497375654613103,0.40576080959124944,0.2592274234999555,0.09680442498720847,0.09986635061819861
2048,128,128,0,0.000186011192,0.01363859201,0.8246378506,0.0002024081746,0.01422702269,0.8083424357,0.9846053808,0.9638704007,0.01889575353,0.01307816155,0.6921217261,0.01876099654,0.01265992673,0.6748003337,0.9998455564,0.951071453,0.8578185137,ok,,0.000186011192,0.0002024081746,0.01363859201,0.01422702269,0.01889575353,0.01307816155,0.01876099654,0.01265992673,0.2949739969229985,0.3077005122014417,0.4086753192359743,0.28285306738258953,0.40576080959124944,0.2738075298067668,0.08700965885360233,0.09467960519884404
2048,256,4,0,0.0002518879737,0.01587097898,0.7625324798,0.0002483938559,0.01576051572,0.7647992157,0.7269542549,0.7717425726,0.01889575353,0.01025482948,0.5427055062,0.01876099654,0.01019133831,0.5432194544,0.9998666794,0.9988938084,0.9975721267,ok,,0.0002518879737,0.0002483938559,0.01587097898,0.01576051572,0.01889575353,0.01025482948,0.01876099654,0.01019133831,0.34325582152314077,0.34086673405051504,0.4086753192359743,0.22179034589945143,0.40576080959124944,0.22041716572289907,0.1178245589704202,0.11619013044758003
2048,256,8,0,0.0002456953711,0.01567467292,0.7683705592,0.0002428165656,0.0155825725,0.7700802765,0.7480520283,0.7922525563,0.01889575353,0.01055244666,0.5584559853,0.01876099654,0.01048866608,0.5590676409,0.9998666794,0.9958799227,0.9922184434,ok,,0.0002456953711,0.0002428165656,0.01567467292,0.0155825725,0.01889575353,0.01055244666,0.01876099654,0.01048866608,0.3390101352311871,0.337018197281451,0.4086753192359743,0.22822717816726784,0.40576080959124944,0.22684773866245148,0.11492787176655599,0.11358126524375668
2048,256,16,0,0.000235783229,0.01535523458,0.7777152364,0.0002339139228,0.01529424476,0.7785100686,0.7806361406,0.823938586,0.01889575353,0.01101209665,0.582781556,0.01876099654,0.01093869705,0.5830552243,0.9998666794,0.9928678312,0.9883372391,ok,,0.000235783229,0.0002339139228,0.01535523458,0.01529424476,0.01889575353,0.01101209665,0.01876099654,0.01093869705,0.3321013572685382,0.3307822760199882,0.4086753192359743,0.23816843857277775,0.40576080959124944,0.2365809599409164,0.11029131149641144,0.10941691413888618
2048,256,32,0,0.000223605675,0.01495345027,0.7891956318,0.0002243988288,0.01497994756,0.7875197825,0.8188943653,0.8565312313,0.01889575353,0.01155178889,0.6113431183,0.01876099654,0.01142093683,0.6087596043,0.9998666794,0.9886483682,0.9808685007,ok,,0.000223605675,0.0002243988288,0.01495345027,0.01497994756,0.01889575353,0.01155178889,0.01876099654,0.01142093683,0.32341160954863046,0.3239846900787319,0.4086753192359743,0.24984084412786745,0.40576080959124944,0.24701078988799377,0.10459506920142458,0.1049660793584717
2048,256,64,0,0.0002088184924,0.01445055336,0.8031362561,0.0002148554154,0.01465794718,0.7965563116,0.8630742749,0.8880801921,0.01889575353,0.01217501578,0.6443254965,0.01876099654,0.01192306775,0.6355242231,0.9998666794,0.9813601972,0.9677701162,ok,,0.0002088184924,0.0002148554154,0.01445055336,0.01465794718,0.01889575353,0.01217501578,0.01876099654,0.01192306775,0.31253500942200746,0.3170205005913066,0.4086753192359743,0.263319928083044,0.40576080959124944,0.257870823265517,0.09767813210963967,0.10050199773357195
2048,256,128,0,0.0001902694206,0.0137938182,0.8206234033,0.0002053192922,0.01432896689,0.8055859378,0.9154839388,0.9187103416,0.01889575353,0.01291433625,0.6834517731,0.01876099654,0.0124808754,0.6652565269,0.9998666794,0.9670270417,0.9371995799,ok,,0.0001902694206,0.0002053192922,0.0137938182,0.01432896689,0.01889575353,0.01291433625,0.01876099654,0.0124808754,0.29833121221749936,0.30990535036325995,0.4086753192359743,0.2793098714645155,0.40576080959124944,0.26993502695414434,0.08900151221373054,0.0960413262143124
2048,256,256,0,0.0001677363241,0.01295130588,0.8418664919,0.0001978972956,0.01406759736,0.812613726,0.9753692546,0.9429621531,0.01889575353,0.01375911252,0.728158975,0.01876099654,0.01318611737,0.7028473858,0.9998666794,0.9234808037,0.7706298363,ok,,0.0001677363241,0.0001978972956,0.01295130588,0.01406759736,0.01889575353,0.01375911252,0.01876099654,0.01318611737,0.2801094466345821,0.3042524783599434,0.4086753192359743,0.29758060151384136,0.40576080959124944,0.2851879242133497,0.07846130214196076,0.09256957064285948
2048,512,4,0,0.0002519128788,0.01587176357,0.7625090005,0.0002483770491,0.01575998252,0.7648151298,0.6842465235,0.7456284867,0.01889575353,0.01025361511,0.5426412389,0.01876099654,0.01020081272,0.5437244601,0.9998911378,0.9990930935,0.9980081091,ok,,0.0002519128788,0.0002483770491,0.01587176357,0.01575998252,0.01889575353,0.01025361511,0.01876099654,0.01020081272,0.34327279055103427,0.34085520205842645,0.4086753192359743,0.2217640816360743,0.40576080959124944,0.22062207724046173,0.11783620872241318,0.11618226880270427
2048,512,8,0,0.000245675135,0.0156740274,0.7683896368,0.0002427855679,0.01558157784,0.7701096278,0.7042521991,0.7654902649,0.01889575353,0.01055340544,0.5585067263,0.01876099654,0.01049151425,0.5592194546,0.9998911378,0.9965824594,0.9936378491,ok,,0.000245675135,0.0002427855679,0.0156740274,0.01558157784,0.01889575353,0.01055340544,0.01876099654,0.01049151425,0.33899617399425336,0.3369966848822558,0.4086753192359743,0.2282479145576931,0.40576080959124944,0.22690933857600562,0.11491840601270217,0.11356676558234789
2048,512,16,0,0.000235860029,0.01535773515,0.7776428331,0.000233846113,0.01529202776,0.7785742768,0.7346289451,0.7962170039,0.01889575353,0.01100860902,0.582596984,0.01876099654,0.01093294449,0.5827486012,0.9998911378,0.9941195977,0.9905235698,ok,,0.000235860029,0.000233846113,0.01535773515,0.01529202776,0.01889575353,0.01100860902,0.01876099654,0.01093294449,0.3321554393267847,0.3307343269831156,0.4086753192359743,0.23809300848731627,0.40576080959124944,0.2364565441937121,0.11032723590358344,0.10938519503907561
2048,512,32,0,0.0002242258364,0.01497417231,0.7886109744,0.0002249144238,0.01499714719,0.7870315726,0.769083189,0.8258148679,0.01889575353,0.01152491497,0.6099208986,0.01876099654,0.01140855665,0.6080997149,0.9998911378,0.9907967493,0.9849518627,ok,,0.0002242258364,0.0002249144238,0.01497417231,0.01499714719,0.01889575353,0.01152491497,0.01876099654,0.01140855665,0.3238597835946549,0.32435668182120625,0.4086753192359743,0.24925961788474962,0.40576080959124944,0.24674303269028972,0.10488515944421048,0.1052072570240426
2048,512,64,0,0.0002098026734,0.01448456673,0.8022084189,0.0002155440479,0.01468141846,0.7959042548,0.8097641814,0.8557913547,0.01889575353,0.0121345304,0.6421829319,0.01876099654,0.01188513911,0.6335025481,0.9998911378,0.985122331,0.9748763076,ok,,0.0002098026734,0.0002155440479,0.01448456673,0.01468141846,0.01889575353,0.0121345304,0.01876099654,0.01188513911,0.3132706469196586,0.31752813490351584,0.4086753192359743,0.26244431465118895,0.40576080959124944,0.25705050673061003,0.09813849824212592,0.10082411640963797
2048,512,128,0,0.0001925289335,0.01387547958,0.8184932463,0.0002066476142,0.0143752431,0.8043281677,0.8559446634,0.883469175,0.01889575353,0.01282655714,0.6788063316,0.01876099654,0.0123991175,0.6608986612,0.9998911378,0.9749625862,0.9548609091,ok,,0.0001925289335,0.0002066476142,0.01387547958,0.0143752431,0.01889575353,0.01282655714,0.01876099654,0.0123991175,0.30009737573607853,0.3109062072417515,0.4086753192359743,0.2774113943413595,0.40576080959124944,0.26816677591141586,0.09005843488860009,0.09666266970888951
2048,512,256,0,0.0001718085111,0.01310757457,0.8380274355,0.0001997500868,0.0141332971,0.8108593431,0.9082473422,0.9051193623,0.01889575353,0.01361032661,0.7202849354,0.01876099654,0.01301369875,0.6936571156,0.9998911378,0.9529214266,0.9040232284,ok,,0.0001718085111,0.0001997500868,0.01310757457,0.0141332971,0.01889575353,0.01361032661,0.01876099654,0.01301369875,0.28348920900663804,0.3056734252502377,0.4086753192359743,0.2943626759005268,0.40576080959124944,0.28145887289719795,0.0803661316194154,0.0934362428495456
2048,512,512,0,0.0001496092417,0.01223148567,0.8589558084,0.0001975595174,0.0140555867,0.8129335636,0.9611299537,0.9147809686,0.01889575353,0.01440278653,0.7622234544,0.01876099654,0.0137199083,0.7312995486,0.9998911378,0.8777732353,0.6066120342,ok,,0.0001496092417,0.0001975595174,0.01223148567,0.0140555867,0.01889575353,0.01440278653,0.01876099654,0.0137199083,0.26454125277307716,0.30399271310094267,0.4086753192359743,0.3115019135749354,0.40576080959124944,0.2967326968722794,0.06998207442089364,0.09241156958048155
2048,1024,4,0,0.0002519728341,0.0158736522,0.7624524776,0.0002484583422,0.01576256141,0.7647381545,0.6445785475,0.7223068926,0.01889575353,0.01025069107,0.5424864931,0.01876099654,0.01022551924,0.5450413691,0.9999181689,0.9993276345,0.9985367392,ok,,0.0002519728341,0.0002484583422,0.0158736522,0.01576256141,0.01889575353,0.01025069107,0.01876099654,0.01022551924,0.3433136376369652,0.3409109780131853,0.4086753192359743,0.22170084081434357,0.40576080959124944,0.221156427190157,0.11786425375638868,0.11622029492802556
2048,1024,8,0,0.0002458373614,0.01567920156,0.7682366978,0.0002430332275,0.015589523,0.7698751223,0.6631301918,0.7409992092,0.01889575353,0.01054571667,0.5580998214,0.01876099654,0.01050626705,0.5600058091,0.9999181689,0.997470755,0.9951536771,ok,,0.0002458373614,0.0002430332275,0.01567920156,0.015589523,0.01889575353,0.01054571667,0.01876099654,0.01050626705,0.33910808016864447,0.3371685219457646,0.4086753192359743,0.2280816226694499,0.40576080959124944,0.22722841054315698,0.11499428996123924,0.11368261225305692
2048,1024,16,0,0.0002360487684,0.01536387869,0.777464899,0.0002343796854,0.01530946392,0.7780690443,0.691698292,0.769879872,0.01889575353,0.01100003332,0.5821431417,0.01876099654,0.01093990889,0.5831198182,0.9999181689,0.9956074665,0.9929309591,ok,,0.0002360487684,0.0002343796854,0.01536387869,0.01530946392,0.01889575353,0.01100003332,0.01876099654,0.01093990889,0.3322883111472577,0.33111143437091767,0.4086753192359743,0.237907534172698,0.40576080959124944,0.23660716948572644,0.11041552172461207,0.10963478191607222
2048,1024,32,0,0.0002246343645,0.01498780719,0.7882258343,0.0002254049443,0.01501349208,0.7865671053,0.7235882727,0.7987550998,0.01889575353,0.01150717763,0.608982204,0.01876099654,0.01139813425,0.6075441797,0.9999181689,0.993151803,0.9886613803,ok,,0.0002246343645,0.0002254049443,0.01498780719,0.01501349208,0.01889575353,0.01150717763,0.01876099654,0.01139813425,0.324154677308626,0.3247101873391535,0.4086753192359743,0.2488759966083931,0.40576080959124944,0.246517618147258,0.1050762548843876,0.10543670569810785
2048,1024,64,0,0.0002105472331,0.0145102458,0.8015064848,0.0002159551268,0.01469541176,0.7955150098,0.7611055292,0.8280872003,0.01889575353,0.01210381214,0.6405572619,0.01876099654,0.01186426435,0.6323898799,0.9999181689,0.9890425283,0.9815833006,ok,,0.0002105472331,0.0002159551268,0.0145102458,0.01469541176,0.01889575353,0.01210381214,0.01876099654,0.01186426435,0.31382603107585383,0.3178307804865875,0.4086753192359743,0.2617799434372047,0.40576080959124944,0.2565990296728981,0.09848677774507723,0.10101640502660955
2048,1024,128,0,0.0001938819601,0.01392415025,0.8172176798,0.0002073329138,0.01439905948,0.8036792667,0.8032293834,0.8541393613,0.01889575353,0.01277370508,0.6760092979,0.01876099654,0.01236823606,0.6592526165,0.9999181689,0.9818306689,0.9682232868,ok,,0.0001938819601,0.0002073329138,0.01392415025,0.01439905948,0.01889575353,0.01277370508,0.01876099654,0.01236823606,0.3011500197371817,0.31142130533953793,0.4086753192359743,0.2762683156883443,0.40576080959124944,0.26749887545799234,0.09069133434814362,0.09698322936859273
2048,1024,256,0,0.0001742452655,0.01320019945,0.835730184,0.0002006899381,0.01416650762,0.8099694106,0.8501896819,0.8742984853,0.01889575353,0.01352051168,0.7155317545,0.01876099654,0.01293510847,0.6894680911,0.9999181689,0.9674146851,0.9371137887,ok,,0.0001742452655,0.0002006899381,0.01320019945,0.01416650762,0.01889575353,0.01352051168,0.01876099654,0.01293510847,0.2854924899206855,0.3063916987946848,0.4086753192359743,0.29242016828199596,0.40576080959124944,0.2797591307981675,0.08150596179186016,0.09387587306806555
2048,1024,512,0,0.0001520475708,0.01233075711,0.8566570723,0.000197935095,0.01406894079,0.8125779343,0.9003299097,0.8848071276,0.01889575353,0.01431788849,0.7577304849,0.01876099654,0.01360232146,0.7250319261,0.9999181689,0.9311849985,0.8447034735,ok,,0.0001520475708,0.000197935095,0.01233075711,0.01406894079,0.01889575353,0.01431788849,0.01876099654,0.01360232146,0.2666882847699014,0.30428153391907997,0.4086753192359743,0.3096657479229849,0.40576080959124944,0.2941895413797686,0.07112264118401514,0.09258725190635501
2048,1024,1024,0,0.0001339428833,0.01157336957,0.8737252761,0.000201424625,0.01419241435,0.8092737455,0.9392450806,0.8807742111,0.01889575353,0.01493675394,0.7904820474,0.01876099654,0.0142434088,0.7592032103,0.9999181689,0.7960572546,0.3557148612,ok,,0.0001339428833,0.000201424625,0.01157336957,0.01419241435,0.01889575353,0.01493675394,0.01876099654,0.0142434088,0.25030758874719833,0.3069520067568045,0.4086753192359743,0.3230505031242698,0.40576080959124944,0.3080549092211029,0.06265388902943468,0.09421953441363239
4096,4,4,0,0.0002512206587,0.01584994191,0.7631615914,0.0002476822434,0.01573792373,0.765473032,0.9997885521,0.9989427299,0.01889575353,0.01028731466,0.5444246846,0.01876099654,0.01027552472,0.5477067647,0.9999262018,0.9993762407,0.9986544951,ok,,0.0002512206587,0.0002476822434,0.01584994191,0.01573792373,0.01889575353,0.01028731466,0.01876099654,0.01027552472,0.3428008340422557,0.3403781169275849,0.4086753192359743,0.2224929318686143,0.40576080959124944,0.22223794031796654,0.11751241189005587,0.11585726251530552
4096,8,4,0,0.0002513722,0.01585472169,0.7630187257,0.0002478054635,0.015741838,0.7653563565,0.9618487503,0.9639744596,0.01889575353,0.01027994657,0.5440347512,0.01876099654,0.01025300546,0.5465064417,0.9999283328,0.9994042603,0.9987351786,ok,,0.0002513722,0.0002478054635,0.01585472169,0.015741838,0.01889575353,0.01027994657,0.01876099654,0.01025300546,0.3429042106085449,0.34046277433694866,0.4086753192359743,0.2223335756128223,0.40576080959124944,0.22175089619163166,0.11758329771511541,0.11591490065390155
4096,8,8,0,0.0002429472717,0.01558676592,0.7709613313,0.0002404437159,0.01550624764,0.7723270958,0.9994544208,0.9974656836,0.01889575353,0.01068186453,0.5653050306,0.01876099654,0.01062891933,0.5665434298,0.9999283328,0.9972760113,0.9936892866,ok,,0.0002429472717,0.0002404437159,0.01558676592,0.01550624764,0.01889575353,0.01068186453,0.01876099654,0.01062891933,0.3371088921169054,0.33536745144183056,0.4086753192359743,0.23102621390051442,0.40576080959124944,0.22988112082562542,0.11364240507652054,0.11247132749921562
4096,16,4,0,0.0002514755087,0.01585797934,0.7629213314,0.0002479217615,0.01574553148,0.7652462355,0.9154016753,0.9193857241,0.01889575353,0.01027492057,0.5437687656,0.01876099654,0.01023409371,0.5454984062,0.9999289234,0.9994321595,0.998826261,ok,,0.0002514755087,0.0002479217615,0.01585797934,0.01574553148,0.01889575353,0.01027492057,0.01876099654,0.01023409371,0.3429746667113722,0.340542656524007,0.4086753192359743,0.22222487382693062,0.40576080959124944,0.2213418749024679,0.11763162198338639,0.11596930087141832
4096,16,8,0,0.0002439407386,0.01561860232,0.7700247399,0.0002411774218,0.01552988802,0.7716323596,0.9475046626,0.94871834,0.01889575353,0.01063526036,0.5628386475,0.01876099654,0.01057424429,0.563629137,0.9999289234,0.9978228423,0.9958042718,ok,,0.0002439407386,0.0002411774218,0.01561860232,0.01552988802,0.01889575353,0.01063526036,0.01876099654,0.01057424429,0.3377974463422062,0.3358787430306005,0.4086753192359743,0.23001826393851693,0.40576080959124944,0.2286986149577983,0.11410711483469115,0.11281452996661273
4096,16,16,0,0.000231322765,0.01520929864,0.7819203411,0.0002300498008,0.01516739268,0.7821689535,0.9989575896,0.9952364452,0.01889575353,0.01121279343,0.5934028198,0.01876099654,0.01112403051,0.592933882,0.9999289234,0.9956815632,0.9911902493,ok,,0.000231322765,0.0002300498008,0.01520929864,0.01516739268,0.01889575353,0.01121279343,0.01876099654,0.01112403051,0.3289450704989837,0.3280387329161136,0.4086753192359743,0.2425090868833049,0.40576080959124944,0.2405893320235834,0.10820485934911929,0.1076094103356274
4096,32,4,0,0.0002515792872,0.01586125112,0.7628234942,0.0002480416202,0.01574933714,0.7651327429,0.8674715483,0.8767503426,0.01889575353,0.01026986924,0.5435014394,0.01876099654,0.01022945581,0.5452511963,0.9999334072,0.9994557759,0.9988644066,ok,,0.0002515792872,0.0002480416202,0.01586125112,0.01574933714,0.01889575353,0.01026986924,0.01876099654,0.01022945581,0.3430454284163154,0.3406249649280055,0.4086753192359743,0.22211562420653105,0.40576080959124944,0.22124156690151545,0.11768016600799183,0.11602536666232854
4096,32,8,0,0.0002442670799,0.01562904603,0.7697170814,0.0002415450426,0.01554171942,0.7712842645,0.8970383968,0.9037359009,0.01889575353,0.01061990685,0.56202611,0.01876099654,0.01054181691,0.5619006904,0.9999334072,0.9979710919,0.9961204578,ok,,0.0002442670799,0.0002415450426,0.01562904603,0.01554171942,0.01889575353,0.01061990685,0.01876099654,0.01054181691,0.3380233217756194,0.3361346312736564,0.4086753192359743,0.2296861998802786,0.40576080959124944,0.22799727908080106,0.11425976610732447,0.11298649037421814
4096,32,16,0,0.0002333506107,0.01527581784,0.7800085886,0.0002320858127,0.01523436289,0.7802410813,0.9394490424,0.9416537015,0.01889575353,0.01112200031,0.5885978714,0.01876099654,0.01100358462,0.5865138666,0.9999334072,0.9963293988,0.9934165873,ok,,0.0002333506107,0.0002320858127,0.01527581784,0.01523436289,0.01889575353,0.01112200031,0.01876099654,0.01100358462,0.33038374058177034,0.32948715739453394,0.4086753192359743,0.24054542307696236,0.40576080959124944,0.23798434130605198,0.1091534160497545,0.1085617869046721
4096,32,32,0,0.0002174251898,0.01474534468,0.7950222875,0.0002190347456,0.01479982249,0.7925989604,0.9980926283,0.9916263117,0.01889575353,0.01181627317,0.6253401408,0.01876099654,0.01165149699,0.6210489388,0.9999334072,0.9929355431,0.9824335948,ok,,0.0002174251898,0.0002190347456,0.01474534468,0.01479982249,0.01889575353,0.01181627317,0.01876099654,0.01165149699,0.31891072429454337,0.3200889644932039,0.4086753192359743,0.2555610816082246,0.40576080959124944,0.2519973201600732,0.10170405010187633,0.1024569451269447
4096,64,4,0,0.0002516633556,0.01586390102,0.7627442387,0.0002481175126,0.01575174633,0.7650608815,0.819805256,0.8373754435,0.01889575353,0.01026577547,0.5432847889,0.01876099654,0.01022731454,0.5451370624,0.9999385859,0.999494016,0.9989316485,ok,,0.0002516633556,0.0002481175126,0.01586390102,0.01575174633,0.01889575353,0.01026577547,0.01876099654,0.01022731454,0.34310274016769515,0.3406770706294684,0.4086753192359743,0.2220270845905283,0.40576080959124944,0.22119525574491455,0.11771949032351134,0.11606086652533455
4096,64,8,0,0.000244655131,0.01564145553,0.7693512461,0.0002418988765,0.01555309861,0.7709492239,0.8466252498,0.8620844655,0.01889575353,0.01060162113,0.5610583938,0.01876099654,0.01054053716,0.5618324769,0.9999385859,0.9981467258,0.9963794307,ok,,0.000244655131,0.0002418988765,0.01564145553,0.01555309861,0.01889575353,0.01060162113,0.01876099654,0.01054053716,0.338291713103121,0.33638073916760797,0.4086753192359743,0.2292907183004308,0.40576080959124944,0.22796960078583592,0.1144412831088862,0.11315200174264074
4096,64,16,0,0.000234105599,0.01530050976,0.779296823,0.0002326944023,0.01525432405,0.7796648161,0.8854671102,0.8974185865,0.01889575353,0.01108800715,0.5867988874,0.01876099654,0.01100161157,0.586408699,0.9999385859,0.9966975981,0.9945477495,ok,,0.000234105599,0.0002326944023,0.01530050976,0.01525432405,0.01889575353,0.01108800715,0.01876099654,0.01100161157,0.3309177747642404,0.32991887520998747,0.4086753192359743,0.2398102226790114,0.40576080959124944,0.23794166839346673,0.10950657369427656,0.10884646425611798
4096,64,32,0,0.0002202005759,0.01483915685,0.7924057908,0.0002212314966,0.01487385278,0.7905188866,0.9341995058,0.9395720932,0.01889575353,0.01169824455,0.6190938367,0.01876099654,0.01154858081,0.615563293,0.9999385859,0.9944721571,0.9901514231,ok,,0.0002202005759,0.0002212314966,0.01483915685,0.01487385278,0.01889575353,0.01169824455,0.01876099654,0.01154858081,0.32093968378864884,0.32169008362035845,0.4086753192359743,0.25300837134552456,0.40576080959124944,0.24977146011965348,0.10300228057473966,0.10348450993657352
4096,64,64,0,0.0002012466231,0.01418614194,0.8102746398,0.0002080522246,0.01442401555,0.802998161,0.9967968928,0.9858809258,0.01889575353,0.01248210232,0.6605771133,0.01876099654,0.01219975705,0.6502723363,0.9999385859,0.989262224,0.9704859102,ok,,0.0002012466231,0.0002080522246,0.01418614194,0.01442401555,0.01889575353,0.01248210232,0.01876099654,0.01219975705,0.3068163477498716,0.31196105252971656,0.4086753192359743,0.2699615626475678,0.40576080959124944,0.2638550296019911,0.09413627122700492,0.09731969830169708
4096,128,4,0,0.0002517168724,0.01586558768,0.7626937857,0.0002481436443,0.0157525758,0.7650361377,0.772675193,0.8026157556,0.01889575353,0.01026316857,0.5431468269,0.01876099654,0.01021976197,0.5447344946,0.9999437052,0.9995285469,0.9989894586,ok,,0.0002517168724,0.0002481436443,0.01586558768,0.0157525758,0.01889575353,0.01026316857,0.01876099654,0.01021976197,0.3431392190682507,0.3406950103171611,0.4086753192359743,0.22197070283851061,0.40576080959124944,0.22103190957558067,0.11774452364790902,0.11607309003875768
4096,128,8,0,0.0002450105701,0.01565281349,0.7690161557,0.0002421373003,0.01556076156,0.7707234636,0.7968929526,0.8255092975,0.01889575353,0.01058484442,0.560170538,0.01876099654,0.01052927698,0.5612322864,0.9999437052,0.9982868808,0.9966734157,ok,,0.0002450105701,0.0002421373003,0.01565281349,0.01556076156,0.01889575353,0.01058484442,0.01876099654,0.01052927698,0.33853736183692246,0.33654647262367615,0.4086753192359743,0.22892787342609994,0.40576080959124944,0.2277260668273278,0.11460754533483997,0.11326352822272792
4096,128,16,0,0.0002346852582,0.01531944053,0.7787503489,0.0002332422655,0.01527227113,0.7791460519,0.8328039406,0.858296785,0.01889575353,0.01106183725,0.5854139254,0.01876099654,0.01097323468,0.5848961516,0.9999437052,0.9970081516,0.9951191486,ok,,0.0002346852582,0.0002332422655,0.01531944053,0.01527227113,0.01889575353,0.01106183725,0.01876099654,0.01097323468,0.33132720741591265,0.3303070327204413,0.4086753192359743,0.2392442229045174,0.40576080959124944,0.23732793607730046,0.10977771839638327,0.1091027358794429
4096,128,32,0,0.0002215291783,0.0148838563,0.7911532503,0.0002224072011,0.01491332294,0.7894056278,0.8764309819,0.8966174484,0.01889575353,0.01164131965,0.6160812605,0.01876099654,0.01148424478,0.612134049,0.9999437052,0.9951985389,0.9918914842,ok,,0.0002215291783,0.0002224072011,0.0148838563,0.01491332294,0.01889575353,0.01164131965,0.01876099654,0.01148424478,0.3219064386719309,0.3225437399835559,0.4086753192359743,0.25177720574828916,0.40576080959124944,0.24838000740214836,0.10362375523082419,0.10403446419662495
4096,128,64,0,0.0002050392943,0.01431919321,0.8066990971,0.0002112211915,0.01453345078,0.7999975091,0.9282220536,0.9345841347,0.01889575353,0.01232924196,0.6524874457,0.01876099654,0.01203939108,0.6417244976,0.9999437052,0.9918989756,0.9856847225,ok,,0.0002050392943,0.0002112211915,0.01431919321,0.01453345078,0.01889575353,0.01232924196,0.01876099654,0.01203939108,0.30969396626641676,0.31432790588038645,0.4086753192359743,0.2666555152691267,0.40576080959124944,0.260386651700031,0.09591035279547248,0.09880203238021511
4096,128,128,0,0.000182476634,0.01350839124,0.8279700569,0.0001984487727,0.0140871847,0.8120915398,0.9947269396,0.9763413083,0.01889575353,0.0132126026,0.6992366078,0.01876099654,0.01274094427,0.6791187368,0.9999437052,0.9833711607,0.9540072277,ok,,0.000182476634,0.0001984487727,0.01350839124,0.0140871847,0.01889575353,0.0132126026,0.01876099654,0.01274094427,0.2921580287129962,0.3046761112367575,0.4086753192359743,0.2857607439110719,0.40576080959124944,0.2755597684232711,0.08535631379155752,0.09282753272471407
4096,256,4,0,0.0002517706425,0.01586728214,0.7626430939,0.0002481989028,0.01575432965,0.7649838142,0.7273596821,0.7724778127,0.01889575353,0.01026054867,0.5430081766,0.01876099654,0.01023911792,0.5457662067,0.9999497256,0.9995747447,0.9990637557,ok,,0.0002517706425,0.0002481989028,0.01586728214,0.01575432965,0.01889575353,0.01026054867,0.01876099654,0.01023911792,0.3431758666663649,0.34073294239578944,0.4086753192359743,0.22191403992389508,0.40576080959124944,0.22145053797443268,0.1177696754573632,0.11609893807070708
4096,256,8,0,0.0002453355684,0.01566319151,0.7687097634,0.0002423776737,0.01556848335,0.7704958573,0.7492595904,0.7938490348,0.01889575353,0.01056948121,0.5593574871,0.01876099654,0.01052512525,0.5610109901,0.9999497256,0.9984712164,0.9970608785,ok,,0.0002453355684,0.0002423776737,0.01566319151,0.01556848335,0.01889575353,0.01056948121,0.01876099654,0.01052512525,0.33876181653410103,0.3367134786649178,0.4086753192359743,0.22859559957730788,0.40576080959124944,0.22763627365869665,0.11475956839811348,0.11337596665885966
4096,256,16,0,0.0002349557741,0.01532826716,0.7784953199,0.0002334078976,0.01527769281,0.7789892171,0.7832949303,0.8257147638,0.01889575353,0.01104960304,0.5847664675,0.01876099654,0.01098342641,0.585439392,0.9999497256,0.9973440799,0.9956352113,ok,,0.0002349557741,0.0002334078976,0.01532826716,0.01527769281,0.01889575353,0.01104960304,0.01876099654,0.01098342641,0.3315181088175054,0.3304242922306946,0.4086753192359743,0.23897962273022894,0.40576080959124944,0.23754836171445243,0.10990425646068143,0.10918021289768708
4096,256,32,0,0.0002222441565,0.01490785553,0.7904792042,0.0002228511505,0.01492819984,0.7889852582,0.823061326,0.8617127859,0.01889575353,0.0116105704,0.6144539503,0.01876099654,0.01149209367,0.6125524112,0.9999497256,0.9958005913,0.9930034746,ok,,0.0002222441565,0.0002228511505,0.01490785553,0.01492819984,0.01889575353,0.0116105704,0.01876099654,0.01149209367,0.32242549142979504,0.3228654959721217,0.4086753192359743,0.2511121642859275,0.40576080959124944,0.24854976234848092,0.10395819752217708,0.10424212850664272
4096,256,64,0,0.000206741371,0.01437850378,0.8050944634,0.0002123850489,0.01457343641,0.7988954683,0.8691002523,0.8959969616,0.01889575353,0.01226002164,0.6488241718,0.01876099654,0.01199132843,0.639162659,0.9999497256,0.9931931404,0.988494123,ok,,0.000206741371,0.0002123850489,0.01437850378,0.01457343641,0.01889575353,0.01226002164,0.01876099654,0.01199132843,0.31097672887709193,0.31519271077314487,0.4086753192359743,0.26515842565432496,0.40576080959124944,0.2593471578899063,0.09670652592579503,0.09934644497302426
4096,256,128,0,0.0001872399887,0.01368356637,0.8234794018,0.0002019557038,0.01421111198,0.8087708742,0.923761052,0.9290657657,0.01889575353,0.01303109791,0.689631027,0.01876099654,0.0125645831,0.6697183208,0.9999497256,0.9882287816,0.9779497545,ok,,0.0001872399887,0.0002019557038,0.01368356637,0.01421111198,0.01889575353,0.01303109791,0.01876099654,0.0125645831,0.2959466975301086,0.30735639708170337,0.4086753192359743,0.28183518005299085,0.40576080959124944,0.2717454480609659,0.08758444782472742,0.09446795487003362
4096,256,256,0,0.0001614748385,0.01270727502,0.8477695108,0.0001917633379,0.01384786402,0.8184218877,0.9913680876,0.9609427647,0.01889575353,0.01398480114,0.7401028555,0.01876099654,0.01329162555,0.7084711904,0.9999497256,0.9735499924,0.9170603135,ok,,0.0001614748385,0.0001917633379,0.01270727502,0.01384786402,0.01889575353,0.01398480114,0.01876099654,0.01329162555,0.27483157351586296,0.2995001093830346,0.4086753192359743,0.3024617706442489,0.40576080959124944,0.2874698437501943,0.075532393832117,0.0897003155127734
4096,512,4,0,0.0002518129741,0.01586861601,0.7626031857,0.0002482162712,0.01575488087,0.7649673682,0.6845715443,0.7462169857,0.01889575353,0.01025848563,0.5428989964,0.01876099654,0.01024403171,0.546028122,0.9999574826,0.9996460902,0.9992269373,ok,,0.0002518129741,0.0002482162712,0.01586861601,0.01575488087,0.01889575353,0.01025848563,0.01876099654,0.01024403171,0.3432047154628526,0.34074486412249444,0.4086753192359743,0.22186942071729618,0.40576080959124944,0.2215568128945474,0.1177894767286476,0.1161070624128103
4096,512,8,0,0.0002453771966,0.01566452031,0.7686705184,0.0002424959216,0.01557228055,0.77038389,0.7051935453,0.7665131405,0.01889575353,0.01056751177,0.5592532602,0.01876099654,0.01052766938,0.5611465977,0.9999574826,0.9986857502,0.9975141534,ok,,0.0002453771966,0.0002424959216,0.01566452031,0.01557228055,0.01889575353,0.01056751177,0.01876099654,0.01052766938,0.3387905556771756,0.3367956040969488,0.4086753192359743,0.2285530047414132,0.40576080959124944,0.2276912978279248,0.11477904064299159,0.11343127897275072
4096,512,16,0,0.0002351779243,0.01533551187,0.7782858877,0.0002334580476,0.015279334,0.7789417307,0.7366934428,0.797532514,0.01889575353,0.01103954606,0.5842342325,0.01876099654,0.01096881797,0.5846607321,0.9999574826,0.9977455413,0.9962911,ok,,0.0002351779243,0.0002334580476,0.01533551187,0.015279334,0.01889575353,0.01103954606,0.01876099654,0.01096881797,0.33167479662396526,0.33045978771099455,0.4086753192359743,0.23876211145154275,0.40576080959124944,0.23723241194981023,0.11000817070857388,0.10920367134846411
4096,512,32,0,0.0002227296383,0.0149241294,0.790021516,0.0002233824131,0.01494598318,0.7884822128,0.7734027446,0.8307663351,0.01889575353,0.01158964466,0.6133465192,0.01876099654,0.01146236843,0.6109679947,0.9999574826,0.9964508816,0.9942343627,ok,,0.0002227296383,0.0002233824131,0.0149241294,0.01494598318,0.01889575353,0.01158964466,0.01876099654,0.01146236843,0.3227774609348426,0.32325011213151666,0.4086753192359743,0.25065958463827426,0.40576080959124944,0.2479068680639487,0.10418528926511712,0.10449063493838301
4096,512,64,0,0.0002077718807,0.01441429432,0.8041229498,0.0002129513395,0.01459285234,0.7983592554,0.8153290957,0.8638281255,0.01889575353,0.01221792211,0.6465961833,0.01876099654,0.01194601563,0.6367473925,0.9999574826,0.9943882443,0.9907076081,ok,,0.0002077718807,0.0002129513395,0.01441429432,0.01459285234,0.01889575353,0.01221792211,0.01876099654,0.01194601563,0.3117508028158161,0.3156126364129674,0.4086753192359743,0.2642479015603734,0.40576080959124944,0.2583671375389806,0.09718856303591862,0.09961133630234816
4096,512,128,0,0.0001897254412,0.01377408586,0.8211362402,0.0002034355364,0.01426308299,0.8073696407,0.8632066667,0.8930426458,0.01889575353,0.01293538018,0.6845654584,0.01876099654,0.01245920175,0.6641012764,0.9999574826,0.990736391,0.9835002323,ok,,0.0001897254412,0.0002034355364,0.01377408586,0.01426308299,0.01889575353,0.01293538018,0.01876099654,0.01245920175,0.2979044432963251,0.3084804204803493,0.4086753192359743,0.2797650073127406,0.40576080959124944,0.2694662715896813,0.08874705729890268,0.09516016982926274
4096,512,256,0,0.0001673062575,0.01293469201,0.8422719375,0.0001949203528,0.01396138793,0.8154325529,0.9192184849,0.9188614425,0.01889575353,0.01377473209,0.7289855926,0.01876099654,0.01306671422,0.6964829504,0.9999574826,0.9831340775,0.966296198,ok,,0.0001673062575,0.0001949203528,0.01293469201,0.01396138793,0.01889575353,0.01377473209,0.01876099654,0.01306671422,0.2797501236462072,0.3019553922637362,0.4086753192359743,0.2979184198890622,0.40576080959124944,0.2826054857640676,0.0782601317298582,0.09117705885542526
4096,512,512,0,0.0001387615458,0.01177970907,0.8691824795,0.0001892084377,0.0137553058,0.8208410881,0.9859399746,0.9379294136,0.01889575353,0.01477457125,0.7818990245,0.01876099654,0.01388027414,0.73984738,0.9999574826,0.9569973757,0.8461084659,ok,,0.0001387615458,0.0001892084377,0.01177970907,0.0137553058,0.01889575353,0.01477457125,0.01876099654,0.01388027414,0.2547702771972572,0.29749827018427716,0.4086753192359743,0.3195428333981025,0.40576080959124944,0.30020107196261353,0.06490789415540392,0.08850522078531743
4096,1024,4,0,0.0002518583255,0.01587004491,0.7625604307,0.0002482709016,0.01575661454,0.7649156395,0.6449296708,0.7229789604,0.01889575353,0.01025627496,0.5427820035,0.01876099654,0.01027276892,0.5475598749,0.9999669388,0.9997297271,0.9994150495,ok,,0.0002518583255,0.0002482709016,0.01587004491,0.01575661454,0.01889575353,0.01025627496,0.01876099654,0.01027276892,0.3432356195579303,0.34078235975025944,0.4086753192359743,0.22182160858498082,0.40576080959124944,0.22217833817280927,0.11781069055884837,0.11613261664111196
4096,1024,8,0,0.0002454037127,0.01566536666,0.7686455203,0.000242590257,0.01557530921,0.7702945651,0.6644218034,0.7425158016,0.01889575353,0.01056625709,0.5591868601,0.01876099654,0.01054932598,0.5623009392,0.9999669388,0.99899828,0.9981174908,ok,,0.0002454037127,0.000242590257,0.01566536666,0.01557530921,0.01889575353,0.01056625709,0.01876099654,0.01054932598,0.33880886044368763,0.3368611076287552,0.4086753192359743,0.228525868657704,0.40576080959124944,0.22815968443682685,0.11479144396555685,0.1134754058389009
4096,1024,16,0,0.0002352531584,0.01533796461,0.7782149607,0.0002334372342,0.01527865289,0.7789614386,0.6939686102,0.7729626971,0.01889575353,0.01103613805,0.5840538739,0.01876099654,0.01098982273,0.5857803292,0.9999669388,0.9982671902,0.9971290509,ok,,0.0002352531584,0.0002334372342,0.01533796461,0.01527865289,0.01889575353,0.01103613805,0.01876099654,0.01098982273,0.33172784422013074,0.3304450567373796,0.4086753192359743,0.2386884033788534,0.40576080959124944,0.23768670063350028,0.11004336264140747,0.10919393555346105
4096,1024,32,0,0.0002231376714,0.01493779339,0.7896368425,0.0002236109902,0.014953628,0.7882657762,0.7276661541,0.8043740971,0.01889575353,0.01157202792,0.6124142071,0.01876099654,0.01145266836,0.6104509604,0.9999669388,0.997276981,0.9955989714,ok,,0.0002231376714,0.0002236109902,0.01493779339,0.014953628,0.01889575353,0.01157202792,0.01876099654,0.01145266836,0.3230729842367539,0.3234154534739004,0.4086753192359743,0.2502785716857097,0.40576080959124944,0.2476970759962459,0.10437615316126364,0.10459755546977094
4096,1024,64,0,0.0002086207675,0.01444371031,0.8033226614,0.0002134873928,0.01461120778,0.7978516737,0.7660933528,0.8355140855,0.01889575353,0.01218313318,0.6447550853,0.01876099654,0.01192301297,0.635521303,0.9999669388,0.9957457941,0.9929120005,ok,,0.0002086207675,0.0002134873928,0.01444371031,0.01461120778,0.01889575353,0.01218313318,0.01876099654,0.01192301297,0.3123870086747042,0.31600962588945514,0.4086753192359743,0.2634954903346948,0.40576080959124944,0.25786963848958566,0.0975856431797485,0.0998620836593155
4096,1024,128,0,0.0001913969004,0.01383462686,0.8195604711,0.000204292521,0.01429309347,0.8065581735,0.8093229058,0.8629188364,0.01889575353,0.01287060997,0.6811376933,0.01876099654,0.01240836847,0.6613917572,0.9999669388,0.993104382,0.9880529459,ok,,0.0001913969004,0.000204292521,0.01383462686,0.01429309347,0.01889575353,0.01287060997,0.01876099654,0.01240836847,0.2992138175143251,0.3091294839048353,0.4086753192359743,0.27836416419702653,0.40576080959124944,0.26836685489275897,0.08952890861234256,0.09556103784632695
4096,1024,256,0,0.0001704676149,0.01305632471,0.8392915661,0.0001963807416,0.01401359132,0.8140497306,0.8589293488,0.8861801363,0.01889575353,0.01365949804,0.7228871828,0.01876099654,0.01295731389,0.6906516858,0.9999669388,0.9880742093,0.9776130502,ok,,0.0001704676149,0.0001963807416,0.01305632471,0.01401359132,0.01889575353,0.01365949804,0.01876099654,0.01295731389,0.28238078256240834,0.3030844415519574,0.4086753192359743,0.29542615028489766,0.40576080959124944,0.2802393872268334,0.07973890634514216,0.09186017867157925
4096,1024,512,0,0.0001449197614,0.01203826239,0.8633768185,0.0001909006985,0.01381668189,0.8192387093,0.9158481709,0.9032932043,0.01889575353,0.01456467439,0.7707908747,0.01876099654,0.01363009614,0.7265123741,0.9999669388,0.9756855677,0.9464076269,ok,,0.0001449197614,0.0001909006985,0.01203826239,0.01381668189,0.01889575353,0.01456467439,0.01876099654,0.01363009614,0.2603622405144524,0.29882570563872374,0.4086753192359743,0.31500320674966326,0.40576080959124944,0.2947902491630098,0.06778849629951002,0.08929680237412486
4096,1024,1024,0,0.0001157986016,0.01076097587,0.8908308072,0.0001926932574,0.01388139969,0.8175413595,0.976690972,0.9050560407,0.01889575353,0.01553225354,0.8219970434,0.01876099654,0.01455043222,0.7755681949,0.9999669388,0.9256304053,0.7203218774,ok,,0.0001157986016,0.0001926932574,0.01076097587,0.01388139969,0.01889575353,0.01553225354,0.01876099654,0.01455043222,0.23273722542902295,0.30022541523661084,0.4086753192359743,0.3359299042420137,0.40576080959124944,0.3146951786330749,0.05416661606544734,0.09013529997573147
8192,4,4,0,0.0002511831402,0.01584875832,0.7631969619,0.0002476254126,0.01573611809,0.7655268443,0.9999657589,0.9992009989,0.01889575353,0.01028913802,0.5445211807,0.01876099654,0.01024791173,0.5462349352,0.9999879978,0.9998978418,0.9997787961,ok,,0.0002511831402,0.0002476254126,0.01584875832,0.01573611809,0.01889575353,0.01028913802,0.01876099654,0.01024791173,0.3427752354853987,0.3403390647404227,0.4086753192359743,0.22253236730202525,0.40576080959124944,0.2216407295486054,0.11749486202195061,0.11583067901531711
8192,8,4,0,0.0002513134161,0.01585286776,0.7630741443,0.0002477882635,0.01574129167,0.7653726429,0.9621162313,0.9640440165,0.01889575353,0.01028280533,0.5441860421,0.01876099654,0.01020817409,0.5441168368,0.9999883621,0.9999020101,0.9997909121,ok,,0.0002513134161,0.0002477882635,0.01585286776,0.01574129167,0.01889575353,0.01028280533,0.01876099654,0.01020817409,0.34286411401047123,0.34045095837063627,0.4086753192359743,0.2223954045657542,0.40576080959124944,0.22078128815681852,0.11755580062190243,0.11590685508354531
8192,8,8,0,0.0002428422052,0.01558339518,0.7710603829,0.0002402845077,0.01550111311,0.7724778479,0.999914469,0.9981617406,0.01889575353,0.01068678138,0.5655652401,0.01876099654,0.01060184481,0.5651003018,0.9999883621,0.99957748,0.9989976012,ok,,0.0002428422052,0.0002402845077,0.01558339518,0.01550111311,0.01889575353,0.01068678138,0.01876099654,0.01060184481,0.3370359901157561,0.335256402380805,0.4086753192359743,0.2311325550019791,0.40576080959124944,0.22929555602734447,0.1135932585696698,0.11239685536116978
8192,16,4,0,0.0002514257747,0.01585641116,0.7629682182,0.0002479186937,0.01574543406,0.7652491404,0.9156172646,0.9193945156,0.01889575353,0.01027734045,0.5438968304,0.01876099654,0.01019470952,0.5433991471,0.9999884478,0.9999068914,0.999807854,ok,,0.0002514257747,0.0002479186937,0.01585641116,0.01574543406,0.01889575353,0.01027734045,0.01876099654,0.01019470952,0.3429407502834773,0.3405405495347548,0.4086753192359743,0.22227721073056045,0.40576080959124944,0.22049007788915767,0.11760835812314821,0.11596786585974747
8192,16,8,0,0.000243788118,0.0156137157,0.7701686231,0.000240913402,0.01552138531,0.7718823564,0.9481436935,0.9498387887,0.01889575353,0.01064243316,0.5632182459,0.01876099654,0.01055122109,0.5624019528,0.9999884478,0.9996585115,0.9992951964,ok,,0.000243788118,0.000240913402,0.0156137157,0.01552138531,0.01889575353,0.01064243316,0.01876099654,0.01055122109,0.3376917590519209,0.3356948473358295,0.4086753192359743,0.23017339648325308,0.40576080959124944,0.2282006716714988,0.11403572415009174,0.11269103055519776
8192,16,16,0,0.0002311014155,0.01520202011,0.7821290185,0.0002297178277,0.01515644509,0.7824832944,0.9998365655,0.9965729991,0.01889575353,0.01122265949,0.5939249509,0.01876099654,0.01110637641,0.5919928821,0.9999884478,0.9993261162,0.9987429412,ok,,0.0002311014155,0.0002297178277,0.01520202011,0.01515644509,0.01889575353,0.01122265949,0.01876099654,0.01110637641,0.32878765123721165,0.3278019596204092,0.4086753192359743,0.24272246896482388,0.40576080959124944,0.24020751105296853,0.10810131964123752,0.10745412470002128
8192,32,4,0,0.0002515398255,0.01586000711,0.7628606967,0.0002480252069,0.01574881605,0.7651482845,0.8676338157,0.8768148233,0.01889575353,0.0102717903,0.5436031056,0.01876099654,0.01018698473,0.5429873996,0.999989417,0.9999118127,0.9998168985,ok,,0.0002515398255,0.0002480252069,0.01586000711,0.01574881605,0.01889575353,0.0102717903,0.01876099654,0.01018698473,0.34301852310221537,0.3406136948496907,0.4086753192359743,0.222157172685004,0.40576080959124944,0.2203230069642396,0.11766170717754264,0.11601768908326297
8192,32,8,0,0.0002442145712,0.0156273661,0.769766584,0.0002417101579,0.01554703052,0.771127919,0.8972471919,0.9030558667,0.01889575353,0.01062237875,0.5621569275,0.01876099654,0.01049133682,0.5592099969,0.999989417,0.9996855679,0.9993895496,ok,,0.0002442145712,0.0002417101579,0.0156273661,0.01554703052,0.01889575353,0.01062237875,0.01876099654,0.01049133682,0.337986988430778,0.33624949917159697,0.4086753192359743,0.22973966186685751,0.40576080959124944,0.22690550113910338,0.11423520433754747,0.11306372565113906
8192,32,16,0,0.000233039521,0.01526563202,0.7803018685,0.0002317035833,0.01522181275,0.7806030092,0.9406296083,0.9431424694,0.01889575353,0.01113597685,0.5893375374,0.01876099654,0.01097657973,0.5850744498,0.999989417,0.999415826,0.9989629134,ok,,0.000233039521,0.0002317035833,0.01526563202,0.01522181275,0.01889575353,0.01113597685,0.01876099654,0.01097657973,0.3301634427654609,0.3292157243202819,0.4086753192359743,0.24084770617656173,0.40576080959124944,0.2374002824579007,0.1090078989527517,0.10838299309479309
8192,32,32,0,0.000216975226,0.01473007895,0.7954464911,0.0002184367332,0.01477960531,0.7931652103,0.9996995988,0.9938276332,0.01889575353,0.01183529786,0.6263469643,0.01876099654,0.0116431119,0.6206019958,0.999989417,0.9988889377,0.9973026966,ok,,0.000216975226,0.0002184367332,0.01473007895,0.01477960531,0.01889575353,0.01183529786,0.01876099654,0.0116431119,0.31858055873267704,0.31965170950480487,0.4086753192359743,0.25597254555152654,0.40576080959124944,0.2518159683379756,0.1014935724617219,0.10217721542705532
8192,64,4,0,0.0002516170043,0.01586244005,0.7627879364,0.0002480925092,0.01575095264,0.7650845569,0.8199855207,0.837472295,0.01889575353,0.01026803278,0.5434042503,0.01876099654,0.01017403513,0.5422971595,0.9999902093,0.9999174914,0.9998264583,ok,,0.0002516170043,0.0002480925092,0.01586244005,0.01575095264,0.01889575353,0.01026803278,0.01876099654,0.01017403513,0.3430711424661165,0.3406599047877564,0.4086753192359743,0.2220759054477331,0.40576080959124944,0.2200429344121937,0.11769780877436876,0.11604917079197147
8192,64,8,0,0.00024457813,0.01563899389,0.7694238389,0.0002418319545,0.01555094706,0.7710125915,0.8469152104,0.8623378063,0.01889575353,0.01060525207,0.5612505506,0.01876099654,0.01050746151,0.5600694762,0.9999902093,0.9997142286,0.9994497204,ok,,0.00024457813,0.0002418319545,0.01563899389,0.01555094706,0.01889575353,0.01060525207,0.01876099654,0.01050746151,0.3382384730187154,0.33633420567627587,0.4086753192359743,0.22936924787911472,0.40576080959124944,0.22725424419520157,0.11440526468080481,0.11312069792523496
8192,64,16,0,0.0002341962308,0.0153034712,0.7792113797,0.0002327215402,0.01525521354,0.7796391196,0.8851406755,0.8972972087,0.01889575353,0.01108391946,0.5865825591,0.01876099654,0.01095549782,0.5839507405,0.9999902093,0.9994812707,0.9991329921,ok,,0.0002341962308,0.0002327215402,0.0153034712,0.01525521354,0.01889575353,0.01108391946,0.01876099654,0.01095549782,0.33098182446913715,0.32993811300376635,0.4086753192359743,0.23972181456059283,0.40576080959124944,0.23694432518233213,0.10954896814331212,0.10885915843540694
8192,64,32,0,0.0002196155464,0.01481943138,0.7929573277,0.0002203484533,0.01484413869,0.7913550283,0.936194229,0.9427169523,0.01889575353,0.0117232229,0.6204157395,0.01876099654,0.01155478809,0.6158941538,0.9999902093,0.9991325565,0.9984621457,ok,,0.0002196155464,0.0002203484533,0.01481943138,0.01484413869,0.01889575353,0.0117232229,0.01876099654,0.01155478809,0.32051306345109354,0.3210474304868236,0.4086753192359743,0.25354860040514005,0.40576080959124944,0.24990571050197138,0.10272862383039551,0.10307145255298361
8192,64,64,0,0.0002004023416,0.0141563534,0.8110705867,0.0002069935398,0.01438727006,0.8040006154,0.9994940194,0.9894493138,0.01889575353,0.01251587631,0.6623644987,0.01876099654,0.01220272593,0.6504305839,0.9999902093,0.9983081123,0.9953251698,ok,,0.0002004023416,0.0002069935398,0.0141563534,0.01438727006,0.01889575353,0.01251587631,0.01876099654,0.01220272593,0.306172084419767,0.3111663250353941,0.4086753192359743,0.2706920228603986,0.40576080959124944,0.26391924021840535,0.09374134528463791,0.09682448184568139
8192,128,4,0,0.0002516889448,0.01586470752,0.7627201144,0.0002481444153,0.01575260027,0.7650354076,0.7727776185,0.8026110262,0.01889575353,0.01026452905,0.5432188262,0.01876099654,0.01016866881,0.5420111234,0.9999911173,0.9999246376,0.9998412465,ok,,0.0002516889448,0.0002481444153,0.01586470752,0.01575260027,0.01889575353,0.01026452905,0.01876099654,0.01016866881,0.3431201830627054,0.34069553955168175,0.4086753192359743,0.22200012715320816,0.40576080959124944,0.21992687222204918,0.11773146007403225,0.11607345068612657
8192,128,8,0,0.0002447991199,0.01564605765,0.7692155005,0.0002421300207,0.01556052765,0.7707303565,0.7976445829,0.825527763,0.01889575353,0.01059482806,0.5606988915,0.01876099654,0.01047652367,0.5584204256,0.9999911173,0.9997411289,0.9995117291,ok,,0.0002447991199,0.0002421300207,0.01564605765,0.01556052765,0.01889575353,0.01059482806,0.01876099654,0.01047652367,0.33839124725809266,0.3365414136434259,0.4086753192359743,0.22914379851517666,0.40576080959124944,0.2265851239286614,0.11450863618013422,0.11326012307540435
8192,128,16,0,0.000234745056,0.0153213921,0.7786939746,0.0002332084448,0.01527116383,0.7791780762,0.8326004257,0.858399829,0.01889575353,0.01105913403,0.5852708659,0.01876099654,0.01092139179,0.5821328185,0.9999911173,0.9995344882,0.9992307691,ok,,0.000234745056,0.0002332084448,0.0153213921,0.01527116383,0.01889575353,0.01105913403,0.01876099654,0.01092139179,0.33136941576137474,0.3302830841554755,0.4086753192359743,0.23918575795392888,0.40576080959124944,0.23620668364419542,0.10980568975725813,0.1090869157154111
8192,128,32,0,0.0002211726936,0.01487187593,0.7914893264,0.0002217840633,0.0148924163,0.7899956686,0.8775829457,0.8987474166,0.01889575353,0.01165662078,0.6168910256,0.01876099654,0.01146890324,0.6113163134,0.9999911173,0.9992479969,0.9987458121,ok,,0.0002211726936,0.0002217840633,0.01487187593,0.0148924163,0.01889575353,0.01165662078,0.01876099654,0.01146890324,0.32164732852178307,0.32209157342864253,0.4086753192359743,0.2521081369375372,0.40576080959124944,0.24804820222977897,0.1034570039090353,0.10374298169595486
8192,128,64,0,0.0002042754834,0.01429249745,0.8074191802,0.000210199642,0.01449826341,0.8009648005,0.9305511659,0.9379096446,0.01889575353,0.01236017872,0.6541246796,0.01876099654,0.01201907782,0.6406417585,0.9999911173,0.9987299142,0.9976911091,ok,,0.0002042754834,0.000210199642,0.01429249745,0.01449826341,0.01889575353,0.01236017872,0.01876099654,0.01201907782,0.3091165932485625,0.3135668772373639,0.4086753192359743,0.2673246121775434,0.40576080959124944,0.2599473187037552,0.0955530682411234,0.09832418654448137
8192,128,128,0,0.0001809164514,0.01345051863,0.82944092,0.0001965751583,0.01402052632,0.8138656399,0.9991620607,0.9821586883,0.01889575353,0.01327151273,0.7023542463,0.01876099654,0.01275594493,0.6799183027,0.9999911173,0.9973684514,0.9929062565,ok,,0.0001809164514,0.0001965751583,0.01345051863,0.01402052632,0.01889575353,0.01327151273,0.01876099654,0.01275594493,0.2909063661461015,0.30323443098394287,0.4086753192359743,0.28703484584861894,0.40576080959124944,0.2758842010797681,0.08462651385685613,0.09195112013892086
8192,256,4,0,0.0002517689086,0.0158672275,0.7626447285,0.0002482106371,0.01575470206,0.7649727031,0.7273656717,0.7724243797,0.01889575353,0.01026063316,0.5430126482,0.01876099654,0.01017784089,0.5425000144,0.9999921548,0.9999330522,0.9998570164,ok,,0.0002517689086,0.0002482106371,0.0158672275,0.01575470206,0.01889575353,0.01026063316,0.01876099654,0.01017784089,0.3431746849183384,0.34074099683910103,0.4086753192359743,0.2219158672645019,0.40576080959124944,0.2201252449789814,0.11776886439838409,0.11610442697397633
8192,256,8,0,0.0002449257062,0.01565010243,0.7690961612,0.0002423186807,0.0155665886,0.770551717,0.7506327943,0.79405129,0.01889575353,0.01058885241,0.5603826484,0.01876099654,0.01046868961,0.558002854,0.9999921548,0.9997709203,0.9995677031,ok,,0.0002449257062,0.0002423186807,0.01565010243,0.0155665886,0.01889575353,0.01058885241,0.01876099654,0.01046868961,0.3384787273236595,0.33667249921628706,0.4086753192359743,0.22901455780151497,0.40576080959124944,0.22641568972396928,0.11456784891169147,0.11334837175583494
8192,256,16,0,0.0002350944488,0.01533278999,0.7783645843,0.0002335028929,0.01528080145,0.7788992673,0.7828499686,0.8253549696,0.01889575353,0.01104332616,0.5844342827,0.01876099654,0.01090795752,0.5814167439,0.9999921548,0.9995973506,0.9993295996,ok,,0.0002350944488,0.0002335028929,0.01533278999,0.01528080145,0.01889575353,0.01104332616,0.01876099654,0.01090795752,0.3316159280969093,0.3304915255613142,0.4086753192359743,0.23884386704661817,0.40576080959124944,0.23591612870166637,0.1099691237313488,0.1092246484424348
8192,256,32,0,0.000222199182,0.01490634704,0.7905216038,0.0002224914908,0.01491614866,0.7893258151,0.8231986115,0.8628700779,0.01889575353,0.01161250703,0.6145564403,0.01876099654,0.01144136607,0.6098485252,0.9999921548,0.9993622165,0.9989552586,ok,,0.000222199182,0.0002224914908,0.01490634704,0.01491614866,0.01889575353,0.01161250703,0.01876099654,0.01144136607,0.322392865970782,0.3226048543509315,0.4086753192359743,0.25115404951068104,0.40576080959124944,0.24745263128719983,0.10393715999287556,0.10407389202869793
8192,256,64,0,0.0002065840233,0.01437303111,0.805242803,0.0002119754978,0.01455937835,0.7992832667,0.8695550352,0.8972479023,0.01889575353,0.01226643706,0.6491636886,0.01876099654,0.01193882627,0.6363641847,0.9999921548,0.9989706986,0.9982279438,ok,,0.0002065840233,0.0002119754978,0.01437303111,0.01455937835,0.01889575353,0.01226643706,0.01876099654,0.01193882627,0.31085836656061844,0.3148886645677783,0.4086753192359743,0.26529717766611266,0.40576080959124944,0.2582116468363506,0.09663292406586822,0.09915487100851722
8192,256,128,0,0.0001864719393,0.01365547287,0.8242034808,0.0002006911666,0.01416655098,0.8099682474,0.9258477834,0.9328117952,0.01889575353,0.01306053453,0.69118887,0.01876099654,0.01251616355,0.6671374586,0.9999921548,0.9982034231,0.9965517331,ok,,0.0001864719393,0.0002006911666,0.01365547287,0.01416655098,0.01889575353,0.01306053453,0.01876099654,0.01251616355,0.2953390943422956,0.306392636580088,0.4086753192359743,0.2824718320952938,0.40576080959124944,0.2706982352561367,0.08722518064538096,0.09387644771825059
8192,256,256,0,0.0001586033188,0.01259378096,0.8504766375,0.0001886183899,0.01373384105,0.8213997965,0.9986194352,0.9699975995,0.01889575353,0.01408709277,0.7455163271,0.01876099654,0.01332024593,0.7099967161,0.9999921548,0.9958023956,0.9864006434,ok,,0.0001586033188,0.0001886183899,0.01259378096,0.01373384105,0.01889575353,0.01408709277,0.01876099654,0.01332024593,0.2723769362277417,0.297034032886482,0.4086753192359743,0.30467412298463314,0.40576080959124944,0.2880888422418176,0.07418919535678871,0.08822921665226871
8192,512,4,0,0.0002518690029,0.01587038131,0.7625503646,0.0002482657214,0.01575645015,0.7649205446,0.6843892844,0.7460286047,0.01889575353,0.01025575441,0.5427544553,0.01876099654,0.01020362099,0.5438741469,0.9999938685,0.9999459225,0.9998844397,ok,,0.0002518690029,0.0002482657214,0.01587038131,0.01575645015,0.01889575353,0.01025575441,0.01876099654,0.01020362099,0.34324289518084594,0.34077880434107066,0.4086753192359743,0.22181035018572773,0.40576080959124944,0.22068281420111951,0.11781568508052986,0.1161301935211376
8192,512,8,0,0.000245054748,0.01565422461,0.7689745069,0.000242224976,0.01556357851,0.7706404447,0.7062109181,0.7674480123,0.01889575353,0.01058275737,0.560060087,0.01876099654,0.01049632547,0.5594759021,0.9999938685,0.9998182717,0.9996608081,ok,,0.000245054748,0.000242224976,0.01565422461,0.01556357851,0.01889575353,0.01058275737,0.01876099654,0.01049632547,0.3385678813880779,0.33660739731443773,0.4086753192359743,0.22888273493381078,0.40576080959124944,0.22701339512322363,0.11462821024197023,0.11330453990952337
8192,512,16,0,0.0002353298982,0.01534046603,0.7781426143,0.0002334785991,0.01528000651,0.7789222708,0.7362339711,0.7974451268,0.01889575353,0.01103266076,0.5838698487,0.01876099654,0.01092167368,0.5821478433,0.9999938685,0.9996832193,0.9994756439,ok,,0.0002353298982,0.0002334785991,0.01534046603,0.01528000651,0.01889575353,0.01103266076,0.01876099654,0.01092167368,0.3317819446620856,0.3304743326847371,0.4086753192359743,0.23861319692579663,0.40576080959124944,0.23621278033071055,0.11007925888908322,0.1092132846356255
8192,512,32,0,0.0002232730004,0.01494232246,0.789509261,0.0002232597105,0.01494187774,0.7885983983,0.771836842,0.8311220278,0.01889575353,0.01156617919,0.6121046812,0.01876099654,0.01139327443,0.6072851412,0.9999938685,0.9995068204,0.9991994609,ok,,0.0002232730004,0.0002232597105,0.01494232246,0.01494187774,0.01889575353,0.01156617919,0.01876099654,0.01139327443,0.32317093847420486,0.3231613201180127,0.4086753192359743,0.2501520759841183,0.40576080959124944,0.24641251048448198,0.10443945542816702,0.10443323886854625
8192,512,64,0,0.0002085062811,0.01443974657,0.8034305935,0.0002132164345,0.01460193256,0.7981082405,0.8133210377,0.8629531143,0.01889575353,0.01218783084,0.6450036943,0.01876099654,0.01186541267,0.6324510876,0.9999938685,0.999222227,0.9986969475,ok,,0.0002085062811,0.0002132164345,0.01443974657,0.01460193256,0.01889575353,0.01218783084,0.01876099654,0.01186541267,0.31230128133351637,0.31580902243172765,0.4086753192359743,0.26359709081848154,0.40576080959124944,0.2566238654139994,0.09753209036660715,0.09973533865546352
8192,512,128,0,0.0001903480572,0.01379666834,0.8205492686,0.0002031026438,0.01425140848,0.8076848522,0.8615991658,0.8939167388,0.01889575353,0.01291129135,0.6832906309,0.01876099654,0.01237661934,0.6596994628,0.9999938685,0.9987139332,0.9976890451,ok,,0.0001903480572,0.0002031026438,0.01379666834,0.01425140848,0.01889575353,0.01291129135,0.01876099654,0.01237661934,0.298392854738001,0.30822792543729116,0.4086753192359743,0.2792440166957408,0.40576080959124944,0.26768018813360517,0.08903829571942092,0.09500445408307856
8192,512,256,0,0.0001663408866,0.01289732091,0.8431820413,0.0001932988491,0.01390319564,0.8169679329,0.9215539064,0.9233035945,0.01889575353,0.01380972899,0.730837697,0.01876099654,0.01302508538,0.6942640468,0.9999938685,0.9975744014,0.9949898208,ok,,0.0001663408866,0.0001932988491,0.01289732091,0.01390319564,0.01889575353,0.01380972899,0.01876099654,0.01302508538,0.2789418655262835,0.30069681569228246,0.4086753192359743,0.298675329067469,0.40576080959124944,0.2817051417026671,0.07780856431731135,0.09041857501233021
8192,512,512,0,0.0001335091046,0.011554614,0.8741342211,0.0001843556014,0.01357776128,0.8254361732,0.9977313012,0.9509860053,0.01889575353,0.0149512674,0.791250128,0.01876099654,0.01393164072,0.7425853252,0.9999938685,0.9931697196,0.9718642395,ok,,0.0001335091046,0.0001843556014,0.011554614,0.01357776128,0.01889575353,0.0149512674,0.01876099654,0.01393164072,0.24990194530222884,0.29365835645580896,0.4086753192359743,0.32336439867171657,0.40576080959124944,0.3013120228144137,0.062450982224208904,0.08623523032724124
8192,1024,4,0,0.0002520056524,0.0158746859,0.7624215382,0.0002483548905,0.0157592795,0.7648361116,0.6444778801,0.7226700441,0.01889575353,0.01024909016,0.54240177,0.01876099654,0.01023678758,0.5456419947,0.9999961012,0.9999652726,0.9999245196,ok,,0.0002520056524,0.0002483548905,0.0158746859,0.0157592795,0.01889575353,0.01024909016,0.01876099654,0.01023678758,0.3433359943890695,0.34083999721769476,0.4086753192359743,0.221666216505539,0.40576080959124944,0.221400137632265,0.11787960503206436,0.11617190376925687
8192,1024,8,0,0.0002453028383,0.01566214667,0.7687406197,0.00024241113,0.0155695578,0.770464178,0.6647218954,0.7431023756,0.01889575353,0.01057102943,0.5594394218,0.01876099654,0.01051116082,0.5602666571,0.9999961012,0.9998874486,0.9997987226,ok,,0.0002453028383,0.00024241113,0.01566214667,0.0155695578,0.01889575353,0.01057102943,0.01876099654,0.01051116082,0.33873921884727837,0.33673671675362676,0.4086753192359743,0.22862908431247564,0.40576080959124944,0.22733425247287112,0.11474425837937414,0.11339161636906367
8192,1024,16,0,0.0002360302833,0.0153632771,0.7774823258,0.0002339746824,0.01529623099,0.7784525362,0.6917511247,0.7711832991,0.01889575353,0.01100087352,0.5821876064,0.01876099654,0.01091430633,0.5817551486,0.9999961012,0.9998048182,0.9996698557,ok,,0.0002360302833,0.0002339746824,0.0153632771,0.01529623099,0.01889575353,0.01100087352,0.01876099654,0.01091430633,0.33227530002362565,0.3308252339881919,0.4086753192359743,0.23792570592767337,0.40576080959124944,0.2360534400795587,0.11040687502853114,0.10944533539682899
8192,1024,32,0,0.0002247872458,0.01499290652,0.7880817053,0.0002243131832,0.01497708861,0.7876008791,0.7231704386,0.802139535,0.01889575353,0.01150053284,0.6086305489,0.01876099654,0.01136857952,0.6059688512,0.9999961012,0.9996996171,0.9995222756,ok,,0.0002247872458,0.0002243131832,0.01499290652,0.01497708861,0.01889575353,0.01150053284,0.01876099654,0.01136857952,0.32426496506784824,0.3239228570165005,0.4086753192359743,0.24873228380698537,0.40576080959124944,0.24587841163461446,0.10514776751550979,0.10492601728286115
8192,1024,64,0,0.0002114822891,0.01454243064,0.8006249604,0.000215283793,0.01467255237,0.7961506867,0.7586727497,0.8300223786,0.01889575353,0.01206512381,0.6385097999,0.01876099654,0.01176419363,0.6270559029,0.9999961012,0.9995392463,0.9992558849,ok,,0.0002114822891,0.000215283793,0.01454243064,0.01467255237,0.01889575353,0.01206512381,0.01876099654,0.01176419363,0.3145221213238916,0.3173363800652993,0.4086753192359743,0.26094319640891844,0.40576080959124944,0.2544347109344448,0.0989241648866478,0.10070237808937617
8192,1024,128,0,0.0001946347721,0.01395115666,0.8165079659,0.0002060614805,0.01435484171,0.8048831697,0.8013742969,0.8576372842,0.01889575353,0.01274420376,0.6744480307,0.01876099654,0.01225405965,0.6531667773,0.9999961012,0.9992582863,0.9987032567,ok,,0.0001946347721,0.0002060614805,0.01395115666,0.01435484171,0.01889575353,0.01274420376,0.01876099654,0.01225405965,0.30173411145972906,0.31046496817934144,0.4086753192359743,0.2756302643214199,0.40576080959124944,0.2650294803776699,0.09104347399413276,0.09638849645763913
8192,1024,256,0,0.0001726673035,0.01314029313,0.8372178085,0.0001970318311,0.01403680274,0.8134332227,0.8538512063,0.8840854522,0.01889575353,0.01357874066,0.7186133456,0.01876099654,0.01282813066,0.6837659519,0.9999961012,0.9986581365,0.9973422642,ok,,0.0001726673035,0.0001970318311,0.01314029313,0.01403680274,0.01889575353,0.01357874066,0.01876099654,0.01282813066,0.2841968424932684,0.3035864556401154,0.4086753192359743,0.2936795383808123,0.40576080959124944,0.27744542626219837,0.08076784526334531,0.09216473601927994
8192,1024,512,0,0.0001436976771,0.01198739659,0.8645289391,0.0001888528086,0.01374237274,0.8211778285,0.9184824933,0.908452348,0.01889575353,0.01460656785,0.773007958,0.01876099654,0.01358899154,0.7243214139,0.9999961012,0.9969501613,0.9925621827,ok,,0.0001436976771,0.0001888528086,0.01198739659,0.01374237274,0.01889575353,0.01460656785,0.01876099654,0.01358899154,0.25926212047847763,0.2972185553575672,0.4086753192359743,0.31590927398388163,0.40576080959124944,0.2939012433077843,0.06721684715899301,0.08833886968387716
8192,1024,1024,0,0.0001060739211,0.01029921944,0.8999987549,0.0001865467894,0.01365821326,0.823361367,0.996181417,0.9210107615,0.01889575353,0.01584220882,0.8384004797,0.01876099654,0.01467064877,0.7819759862,0.9999961012,0.988206049,0.9455152328,ok,,0.0001060739211,0.0001865467894,0.01029921944,0.01365821326,0.01889575353,0.01584220882,0.01876099654,0.01467064877,0.22275040716639535,0.29539836320163504,0.4086753192359743,0.3426335836058329,0.40576080959124944,0.31729520920982307,0.04961774390529646,0.08726019295617868
10592,4,4,0,0.0002511758899,0.01584852958,0.7632037972,0.0002476254562,0.01573611948,0.765526803,1,0.9991982027,0.01889575353,0.01028949035,0.5445398264,0.01876099654,0.01023817657,0.5457160308,1,1,1,ok,,0.0002511758899,0.0002476254562,0.01584852958,0.01573611948,0.01889575353,0.01028949035,0.01876099654,0.01023817657,0.34277028832135076,0.34033909480319274,0.4086753192359743,0.22253998745726267,0.40576080959124944,0.2214301785581674,0.11749147058016261,0.11583069940990243
10592,8,4,0,0.0002908659788,0.01705479343,0.7257859449,0.0002819274859,0.01679069641,0.7330466748,0.761186132,0.7951850193,0.01889575353,0.008135325606,0.4305372417,0.01876099654,0.00750411919,0.399985106,1,1,1,ok,,0.0002908659788,0.0002819274859,0.01705479343,0.01679069641,0.01889575353,0.008135325606,0.01876099654,0.00750411919,0.36885923276058136,0.363147370897734,0.4086753192359743,0.17594994472393746,0.40576080959124944,0.1622982804411109,0.13605713352725102,0.13187601297459983
10592,8,8,0,0.0002428226662,0.01558276824,0.7710788033,0.0002402861989,0.01550116766,0.7724762465,1,0.9981519734,0.01889575353,0.01068769551,0.5656136176,0.01876099654,0.01059326632,0.5646430507,1,1,1,ok,,0.0002428226662,0.0002402861989,0.01558276824,0.01550116766,0.01889575353,0.01068769551,0.01876099654,0.01059326632,0.33702243072505833,0.3352575821823212,0.4086753192359743,0.23115232570702032,0.40576080959124944,0.22911002137090716,0.11358411889529826,0.11239764644655272
10592,16,4,0,0.0003454079384,0.01858515371,0.6743664837,0.000342701819,0.0185122073,0.6755002804,0.3039757072,0.275211604,0.01889575353,0.003411973488,0.180568268,0.01876099654,0.003278764216,0.1747649283,1,1,1,ok,,0.0003454079384,0.000342701819,0.01858515371,0.0185122073,0.01889575353,0.003411973488,0.01876099654,0.003278764216,0.4019576998305556,0.4003800227431329,0.4086753192359743,0.07379379458031493,0.40576080959124944,0.07091275881355598,0.16156999244169185,0.1603041625565142
10592,16,8,0,0.0003243579827,0.01800994122,0.6942113406,0.0003216871869,0.01793564013,0.6953987514,0.5093904267,0.4961784373,0.01889575353,0.005717649767,0.3025891377,0.01876099654,0.005367238457,0.286084934,1,1,1,ok,,0.0003243579827,0.0003216871869,0.01800994122,0.01793564013,0.01889575353,0.005717649767,0.01876099654,0.005367238457,0.38951706613970805,0.3879100901793622,0.4086753192359743,0.12366071245046659,0.40576080959124944,0.11608205443342662,0.15172354479170075,0.15047423807565308
10592,16,16,0,0.0002310602369,0.01520066567,0.7821678397,0.0002297093818,0.01515616646,0.7824912916,1,0.9966054278,0.01889575353,0.01122449396,0.5940220346,0.01876099654,0.01110149479,0.5917326813,1,1,1,ok,,0.0002310602369,0.0002297093818,0.01520066567,0.01515616646,0.01889575353,0.01122449396,0.01876099654,0.01110149479,0.3287583575549826,0.3277959334408225,0.4086753192359743,0.2427621446841165,0.40576080959124944,0.2401019319021439,0.10808205770382642,0.10745017399754035
10592,32,4,0,0.0003520874925,0.01876399458,0.6680693306,0.000346730874,0.01862071089,0.6716852226,0.1881564448,0.1981364363,0.01889575353,0.00222755673,0.1178866313,0.01876099654,0.002051031944,0.1093242536,1,1,1,ok,,0.0003520874925,0.000346730874,0.01876399458,0.01862071089,0.01889575353,0.00222755673,0.01876099654,0.002051031944,0.40582565087699846,0.40272672668437015,0.4086753192359743,0.04817735669041578,0.40576080959124944,0.0443594976589103,0.1646944588637724,0.16218881636300345
10592,32,8,0,0.0003474040073,0.01863877698,0.6724846887,0.0003423293943,0.01850214567,0.6758529243,0.2623327836,0.2676896509,0.01889575353,0.003105719596,0.1643607168,0.01876099654,0.002904764859,0.1548299874,1,1,1,ok,,0.0003474040073,0.0003423293943,0.01863877698,0.01850214567,0.01889575353,0.003105719596,0.01876099654,0.002904764859,0.4031174581302675,0.40016241089474824,0.4086753192359743,0.06717016843692505,0.40576080959124944,0.06282394106022533,0.16250368504464707,0.16012995504917424
10592,32,16,0,0.0002672040275,0.01634637659,0.748093262,0.0002621728716,0.0161917532,0.751752052,0.8006421087,0.8153237276,0.01889575353,0.009478685246,0.5016304447,0.01876099654,0.009199558848,0.4903555538,1,1,1,ok,,0.0002672040275,0.0002621728716,0.01634637659,0.0161917532,0.01889575353,0.009478685246,0.01876099654,0.009199558848,0.35353766975545997,0.3501934917543406,0.4086753192359743,0.2050039821220281,0.40576080959124944,0.19896706649287735,0.12498888387900646,0.12263548162513407
10592,32,32,0,0.0002168910311,0.01472722075,0.7955258659,0.0002184083626,0.01477864549,0.793192074,1,0.9939303413,0.01889575353,0.01183885427,0.6265351763,0.01876099654,0.01163977964,0.6204243794,1,1,1,ok,,0.0002168910311,0.0002184083626,0.01472722075,0.01477864549,0.01889575353,0.01183885427,0.01876099654,0.01163977964,0.31851874189136475,0.3196309506213718,0.4086753192359743,0.2560494632034093,0.40576080959124944,0.2517438985781158,0.10145418897383902,0.10216394463296531
10592,64,4,0,0.0003540086963,0.01881511882,0.6662581147,0.0003497429026,0.01870141445,0.6688331735,0.1392557824,0.1227766666,0.01889575353,0.001743790473,0.09228478079,0.01876099654,0.001519380025,0.0809861044,1,1,1,ok,,0.0003540086963,0.0003497429026,0.01881511882,0.01870141445,0.01889575353,0.001743790473,0.01876099654,0.001519380025,0.40693136042541767,0.40447217457530055,0.4086753192359743,0.037714512263429464,0.40576080959124944,0.03286098729917322,0.16559313213944413,0.1635977400848798
10592,64,8,0,0.0003509071337,0.01873251541,0.6691821144,0.0003472219008,0.01863389119,0.6712202759,0.1979187072,0.1791677234,0.01889575353,0.002478380072,0.13116069,0.01876099654,0.002220542442,0.1183595145,1,1,1,ok,,0.0003509071337,0.0003472219008,0.01873251541,0.01863389119,0.01889575353,0.002478380072,0.01876099654,0.002220542442,0.4051448227836066,0.40301178879113264,0.4086753192359743,0.05360213687718845,0.40576080959124944,0.0480256524261184,0.16414232748173788,0.16241850186685192
10592,64,16,0,0.000343817968,0.01854232909,0.6758654292,0.0003418386498,0.01848887908,0.6763176036,0.290485212,0.2617117176,0.01889575353,0.003637517497,0.1925044953,0.01876099654,0.003277797378,0.1747133938,1,1,1,ok,,0.000343817968,0.0003418386498,0.01854232909,0.01848887908,0.01889575353,0.003637517497,0.01876099654,0.003277797378,0.4010314935682929,0.3998754825171731,0.4086753192359743,0.0786718360796124,0.40576080959124944,0.07089184814557589,0.16082625879532433,0.15990040159558808
10592,64,32,0,0.0003183596951,0.017842637,0.6998662294,0.0003186824129,0.01785167815,0.6982439313,0.4967263694,0.4741745218,0.01889575353,0.006220113057,0.3291804715,0.01876099654,0.005871377392,0.3129565841,1,1,1,ok,,0.0003183596951,0.0003186824129,0.017842637,0.01785167815,0.01889575353,0.006220113057,0.01876099654,0.005871377392,0.3858986285151131,0.38609416953212755,0.4086753192359743,0.1345279342905002,0.40576080959124944,0.12698551694278382,0.14891775148340458,0.14906870780695733
10592,64,64,0,0.0002002437004,0.01415074911,0.8112201458,0.0002069381067,0.01438534347,0.8040531042,1,0.9896372307,0.01889575353,0.01252221231,0.6626998119,0.01876099654,0.01220392722,0.6504946151,1,1,1,ok,,0.0002002437004,0.0002069381067,0.01415074911,0.01438534347,0.01889575353,0.01252221231,0.01876099654,0.01220392722,0.3060508754401301,0.3111246569546776,0.4086753192359743,0.27082905718499267,0.40576080959124944,0.2639452215889533,0.0936671383697544,0.09679855214183757
10592,128,4,0,0.0003552324402,0.01884761099,0.6651044295,0.0003505532551,0.01872306746,0.6680658616,0.1014846364,0.09397498974,0.01889575353,0.001347984172,0.07133794214,0.01876099654,0.001151713868,0.06138873623,1,1,1,ok,,0.0003552324402,0.0003505532551,0.01884761099,0.01872306746,0.01889575353,0.001347984172,0.01876099654,0.001151713868,0.40763409757354657,0.40494048354006984,0.4086753192359743,0.029154056277380987,0.40576080959124944,0.02490914331233864,0.16616555758394738,0.16397679520418768
10592,128,8,0,0.0003533341936,0.01879718579,0.6668940024,0.0003497685954,0.01870210136,0.6688088453,0.1451152021,0.1176451748,0.01889575353,0.001927513391,0.1020077547,0.01876099654,0.001649886116,0.08794234956,1,1,1,ok,,0.0003533341936,0.0003497685954,0.01879718579,0.01870210136,0.01889575353,0.001927513391,0.01876099654,0.001649886116,0.4065435067868484,0.40448703099068994,0.4086753192359743,0.041688051717434754,0.40576080959124944,0.03568355895883141,0.16527762289942574,0.1636097582959291
10592,128,16,0,0.0003496505871,0.01869894615,0.6703667244,0.0003477379189,0.01864773227,0.6707316654,0.2047856439,0.1632000855,0.01889575353,0.002720094554,0.1439526902,0.01876099654,0.002308370348,0.1230409239,1,1,1,ok,,0.0003496505871,0.0003477379189,0.01869894615,0.01864773227,0.01889575353,0.002720094554,0.01876099654,0.002308370348,0.40441879044913337,0.40331114217646286,0.4086753192359743,0.05882991162236996,0.40576080959124944,0.04992518490389926,0.16355455805870417,0.1626598774440983
10592,128,32,0,0.0003413405136,0.01847540293,0.6782010506,0.0003418140427,0.01848821362,0.6763409037,0.2983936728,0.2516404749,0.01889575353,0.003963456563,0.2097538241,0.01876099654,0.003408249804,0.1816667786,1,1,1,ok,,0.0003413405136,0.0003418140427,0.01847540293,0.01848821362,0.01889575353,0.003963456563,0.01876099654,0.003408249804,0.3995840217985212,0.3998610900200701,0.4086753192359743,0.08572121104301587,0.40576080959124944,0.07371325914440242,0.1596673905581413,0.1598888912377792
10592,128,64,0,0.0002807512485,0.01675563334,0.7353216123,0.000285245413,0.01688920996,0.7299049745,0.6576166558,0.6434385849,0.01889575353,0.008734887123,0.4622672025,0.01876099654,0.00821311064,0.4377758197,1,1,1,ok,,0.0002807512485,0.000285245413,0.01675563334,0.01688920996,0.01889575353,0.008734887123,0.01876099654,0.00821311064,0.3623890306017044,0.3652780113313849,0.4086753192359743,0.18891719654443576,0.40576080959124944,0.17763227104933438,0.13132580944219707,0.13342802552808167
10592,128,128,0,0.0001806209023,0.01343952761,0.829719549,0.0001964625859,0.01401651119,0.8139722332,1,0.982519728,0.01889575353,0.01328264278,0.7029432701,0.01876099654,0.012763579,0.6803252146,1,1,1,ok,,0.0001806209023,0.0001964625859,0.01343952761,0.01401651119,0.01889575353,0.01328264278,0.01876099654,0.012763579,0.29066865355104154,0.30314759218537796,0.4086753192359743,0.2872755653695229,0.40576080959124944,0.2760493099223113,0.08448826611977647,0.09189846262936449
10592,256,4,0,0.0003559748456,0.01886729566,0.6644045264,0.0003513866494,0.01874531007,0.6672767318,0.07348747927,0.05861581172,0.01889575353,0.001036656109,0.05486185598,0.01876099654,0.0008689074996,0.04631457064,1,1,1,ok,,0.0003559748456,0.0003513866494,0.01886729566,0.01874531007,0.01889575353,0.001036656109,0.01876099654,0.0008689074996,0.40805983549310254,0.40542154431004446,0.4086753192359743,0.02242068651090719,0.40576080959124944,0.018792637680301188,0.16651282937921158,0.16436662848762545
10592,256,8,0,0.0003548931461,0.01883860786,0.6654242991,0.000350748254,0.01872827419,0.6678812198,0.1040971422,0.08464234954,0.01889575353,0.001468453394,0.07771340749,0.01876099654,0.001254963558,0.06689215872,1,1,1,ok,,0.0003548931461,0.000350748254,0.01883860786,0.01872827419,0.01889575353,0.001468453394,0.01876099654,0.001254963558,0.40743937884899123,0.4050530941349079,0.4086753192359743,0.03175955161689177,0.40576080959124944,0.027142216471065714,0.16600684743551694,0.16406800900473054
10592,256,16,0,0.0003527590025,0.01878187963,0.6674362642,0.0003498569646,0.01870446376,0.6687251697,0.1468359993,0.1124206149,0.01889575353,0.00207135198,0.1096199724,0.01876099654,0.001765369221,0.09409783841,1,1,1,ok,,0.0003527590025,0.0003498569646,0.01878187963,0.01870446376,0.01889575353,0.00207135198,0.01876099654,0.001765369221,0.4062124668093029,0.40453812472307965,0.4086753192359743,0.0447989772057832,0.40576080959124944,0.0381812150976727,0.16500856822132537,0.16365109437825023
10592,256,32,0,0.0003480854067,0.01865704711,0.671842299,0.0003471109061,0.01863091265,0.6713253754,0.2122422588,0.1687577339,0.01889575353,0.002994009815,0.1584488181,0.01876099654,0.002523624054,0.1345143926,1,1,1,ok,,0.0003480854067,0.0003471109061,0.01865704711,0.01863091265,0.01889575353,0.002994009815,0.01876099654,0.002523624054,0.4035126025312769,0.4029473692492803,0.4086753192359743,0.06475412134256206,0.40576080959124944,0.05458066883983291,0.16282242032449543,0.16236658235126947
10592,256,64,0,0.0003369682026,0.01835669367,0.6823230491,0.0003387164961,0.01840425212,0.6792739287,0.3176687836,0.276316128,0.01889575353,0.004481216235,0.2371546722,0.01876099654,0.003785406945,0.2017700359,1,1,1,ok,,0.0003369682026,0.0003387164961,0.01835669367,0.01840425212,0.01889575353,0.004481216235,0.01876099654,0.003785406945,0.3970165907273156,0.39804517975422365,0.4086753192359743,0.09691926138306567,0.40576080959124944,0.08187037310948399,0.15762217336222198,0.15843996512719796
10592,256,128,0,0.000255551746,0.01598598592,0.7590784566,0.0002559933148,0.01599979109,0.7576033908,0.7141786428,0.743750739,0.01889575353,0.01007460945,0.5331679116,0.01876099654,0.009337244452,0.4976944818,1,1,1,ok,,0.000255551746,0.0002559933148,0.01598598592,0.01599979109,0.01889575353,0.01007460945,0.01876099654,0.009337244452,0.34574317921672165,0.3460417559444451,0.4086753192359743,0.21789256652928587,0.40576080959124944,0.2019449158853116,0.11953834605233021,0.11974489679927879
10592,256,256,0,0.0001580542464,0.01257196271,0.8509942758,0.000188448563,0.01372765686,0.8215606032,1,0.9705342716,0.01889575353,0.0141065678,0.7465469836,0.01876099654,0.01333790695,0.7109380847,1,1,1,ok,,0.0001580542464,0.000188448563,0.01257196271,0.01372765686,0.01889575353,0.0141065678,0.01876099654,0.01333790695,0.2719050534700753,0.2969002818921936,0.4086753192359743,0.30509532683288104,0.40576080959124944,0.288470812877446,0.07393235811115711,0.08814977745038904
10592,512,4,0,0.0003564443584,0.01887973406,0.663961893,0.0003519037525,0.01875909786,0.6667870939,0.05191162856,0.02796924021,0.01889575353,0.0007779094822,0.04116848163,0.01876099654,0.0006548040962,0.03490241548,1,1,1,ok,,0.0003564443584,0.0003519037525,0.01887973406,0.01875909786,0.01889575353,0.0007779094822,0.01876099654,0.0006548040962,0.40832885186668694,0.40571974514500253,0.4086753192359743,0.01682454237509185,0.40576080959124944,0.014162032364927796,0.1667324513713947,0.16460851159067627
10592,512,8,0,0.0003558162397,0.018863092,0.6645540522,0.0003515461614,0.0187495643,0.6671256921,0.07410768298,0.05144473067,0.01889575353,0.001110523228,0.05877104746,0.01876099654,0.0009558942527,0.05095114487,1,1,1,ok,,0.0003558162397,0.0003515461614,0.018863092,0.0187495643,0.01889575353,0.001110523228,0.01876099654,0.0009558942527,0.4079689191880327,0.4055135543376198,0.4086753192359743,0.02401827659327353,0.40576080959124944,0.020673977793888253,0.1664386389764579,0.16444124273289656
10592,512,16,0,0.0003546202794,0.01883136425,0.6656815444,0.0003510627996,0.01873666992,0.6675833809,0.1040085883,0.07368670235,0.01889575353,0.001558596201,0.08248394001,0.01876099654,0.001321450989,0.07043607657,1,1,1,ok,,0.0003546202794,0.0003510627996,0.01883136425,0.01873666992,0.01889575353,0.001558596201,0.01876099654,0.001321450989,0.40728271483321277,0.40523467607777786,0.4086753192359743,0.033709150523813576,0.40576080959124944,0.028580199457347015,0.16587920974756798,0.1642151426532795
10592,512,32,0,0.000352113954,0.01876469968,0.6680443839,0.0003504131925,0.01871932671,0.668198485,0.1482529197,0.09901431152,0.01889575353,0.002221609207,0.1175718768,0.01876099654,0.001866448896,0.09948559459,1,1,1,ok,,0.000352113954,0.0003504131925,0.01876469968,0.01871932671,0.01889575353,0.002221609207,0.01876099654,0.001866448896,0.40584090070374584,0.40485957900255015,0.4086753192359743,0.048048724304476285,0.40576080959124944,0.04036735540603931,0.16470683664632946,0.16391127872147973
10592,512,64,0,0.0003462762687,0.0186084999,0.6735478649,0.0003479496548,0.01865340866,0.6705311756,0.2190325261,0.1545767732,0.01889575353,0.003282260327,0.1737035954,0.01876099654,0.002763598407,0.147305523,1,1,1,ok,,0.0003462762687,0.0003479496548,0.0186084999,0.01865340866,0.01889575353,0.003282260327,0.01876099654,0.002763598407,0.40246262870973715,0.4034339105271229,0.4086753192359743,0.07098837232517069,0.40576080959124944,0.05977080826269409,0.16197616758826713,0.16275892023946975
10592,512,128,0,0.0003296325906,0.0181557867,0.6892387012,0.0003347121599,0.01829514034,0.6830655805,0.3494176583,0.305009548,0.01889575353,0.005236116014,0.2771054356,0.01876099654,0.00443306578,0.2362915941,1,1,1,ok,,0.0003296325906,0.0003347121599,0.0181557867,0.01829514034,0.01889575353,0.005236116014,0.01876099654,0.00443306578,0.39267139645013965,0.39568532194526623,0.4086753192359743,0.11324615237919264,0.40576080959124944,0.0958778685358717,0.1541908255452455,0.15656687392794835
10592,512,256,0,0.000275315414,0.01659263132,0.7404462481,0.000295090153,0.01717818829,0.7205831232,0.6033053794,0.552912936,0.01889575353,0.009040690657,0.4784509198,0.01876099654,0.007833910964,0.4175636911,1,1,1,ok,,0.000275315414,0.000295090153,0.01659263132,0.01717818829,0.01889575353,0.009040690657,0.01876099654,0.007833910964,0.35886364049467073,0.37152800348319454,0.4086753192359743,0.1955310823935776,0.40576080959124944,0.16943098135758228,0.12878311241228052,0.13803305740649904
10592,512,512,0,0.0001324913508,0.01151048873,0.8750937091,0.0001842324631,0.01357322597,0.8255527712,1,0.9514953919,0.01889575353,0.01498526445,0.7930493181,0.01876099654,0.01396836053,0.7445425672,1,1,1,ok,,0.0001324913508,0.0001842324631,0.01151048873,0.01357322597,0.01889575353,0.01498526445,0.01876099654,0.01396836053,0.24894760872205526,0.2935602672603111,0.4086753192359743,0.324099683202168,0.40576080959124944,0.30210619490446605,0.06197491188681245,0.08617763045188098
10592,1024,4,0,0.000356708277,0.01888672224,0.6637130836,0.0003520007098,0.01876168196,0.6666952864,0.03673185115,0.01694462583,0.01889575353,0.0005841442599,0.03091404949,0.01876099654,0.0005262377654,0.02804956358,1,1,1,ok,,0.000356708277,0.0003520007098,0.01888672224,0.01876168196,0.01889575353,0.0005841442599,0.01876099654,0.0005262377654,0.4084799914699764,0.40577563378107945,0.4086753192359743,0.01263380904685702,0.40576080959124944,0.011381413629651145,0.16685590344491896,0.16465386489176348
10592,1024,8,0,0.000356371839,0.01887781341,0.6640302607,0.0003519183071,0.01875948579,0.6667733123,0.05176419241,0.02931150218,0.01889575353,0.0008232026134,0.04356548216,0.01876099654,0.0007502079705,0.03998763972,1,1,1,ok,,0.000356371839,0.0003519183071,0.01887781341,0.01875948579,0.01889575353,0.0008232026134,0.01876099654,0.0007502079705,0.40828731225564974,0.40572813525320006,0.4086753192359743,0.017804137331332633,0.40576080959124944,0.016225417067951133,0.1666985292821568,0.16461531973360108
10592,1024,16,0,0.0003556747402,0.01885934093,0.664687451,0.0003519151343,0.01875940122,0.6667763166,0.07372866323,0.03956383951,0.01889575353,0.001172502176,0.06205109387,0.01876099654,0.001058020981,0.05639471115,1,1,1,ok,,0.0003556747402,0.0003519151343,0.01885934093,0.01875940122,0.01889575353,0.001172502176,0.01876099654,0.001058020981,0.407887791450666,0.4057263061823619,0.4086753192359743,0.025358750595519355,0.40576080959124944,0.022882763658091262,0.16637245036118922,0.16461383560652978
10592,1024,32,0,0.0003543249883,0.01882352221,0.6659599302,0.0003519660467,0.01876075816,0.6667281084,0.1037927842,0.05332303603,0.01889575353,0.001650609953,0.08735348662,0.01876099654,0.001496242495,0.0797528261,1,1,1,ok,,0.0003543249883,0.0003519660467,0.01882352221,0.01876075816,0.01889575353,0.001650609953,0.01876099654,0.001496242495,0.4071131080379414,0.4057556539343212,0.4086753192359743,0.03569921402739378,0.40576080959124944,0.032360571295965444,0.1657410826940437,0.1646376506818905
10592,1024,64,0,0.0003508950224,0.01873219214,0.6691935324,0.000351144494,0.01873884986,0.6675060255,0.1559977564,0.09164337007,0.01889575353,0.002480822259,0.1312899353,0.01876099654,0.002205170094,0.1175401365,1,1,1,ok,,0.0003508950224,0.000351144494,0.01873219214,0.01873884986,0.01889575353,0.002480822259,0.01876099654,0.002205170094,0.4051378311349147,0.4052818235849678,0.4086753192359743,0.05365495623420824,0.40576080959124944,0.04769318094164797,0.1641366622307928,0.16425335649298356
10592,1024,128,0,0.0003423541794,0.01850281545,0.6772454166,0.0003466707672,0.01861909684,0.6717421369,0.2410528423,0.175395978,0.01889575353,0.003833447805,0.202873508,0.01876099654,0.003364954746,0.1793590622,1,1,1,ok,,0.0003423541794,0.0003466707672,0.01850281545,0.01861909684,0.01889575353,0.003833447805,0.01876099654,0.003364954746,0.40017689682434526,0.40269181818506283,0.4086753192359743,0.08290939564783897,0.40576080959124944,0.0727768782998175,0.160141548669281,0.1621607004625216
10592,1024,256,0,0.0003149947849,0.01774809243,0.7030385002,0.0003294107726,0.01814967693,0.6880853925,0.4077838836,0.3429825524,0.01889575353,0.0064849608,0.3431967288,0.01876099654,0.005712684791,0.3044979396,1,1,1,ok,,0.0003149947849,0.0003294107726,0.01774809243,0.01814967693,0.01889575353,0.0064849608,0.01876099654,0.005712684791,0.38385382875280494,0.3925392550035843,0.4086753192359743,0.14025603270941792,0.40576080959124944,0.12355333048506481,0.14734376184639927,0.15408706668912467
10592,1024,512,0,0.0002303100548,0.01517596965,0.7828750743,0.0002604245399,0.01613767455,0.7534075236,0.7079109106,0.6801610273,0.01889575353,0.01125786155,0.5957879126,0.01876099654,0.01007145015,0.536829167,1,1,1,ok,,0.0002303100548,0.0002604245399,0.01517596965,0.01613767455,0.01889575353,0.01125786155,0.01876099654,0.01007145015,0.32822423469815476,0.34902388454510647,0.4086753192359743,0.24348381532158195,0.40576080959124944,0.21782423752965044,0.10773114823490007,0.12181767199150764
10592,1024,1024,0,0.0001041461439,0.01020520181,0.9018161679,0.000186826717,0.01366845701,0.8230963073,1,0.9209557272,0.01889575353,0.0159029355,0.8416142536,0.01876099654,0.01474476079,0.7859263102,1,1,0.9999999999,ok,,0.0001041461439,0.000186826717,0.01020520181,0.01366845701,0.01889575353,0.0159029355,0.01876099654,0.01474476079,0.220717004005571,0.29561991392173603,0.4086753192359743,0.34394697369084537,0.40576080959124944,0.3188980959846022,0.04871599581845149,0.08739113349108857
