climate,spectrum,quantity,index,method,power_K2
present_day,spherical,prediction_error,1,bilinear,4.1772424395e-07
present_day,spherical,prediction_error,1,cca,2.5240672795e-08
present_day,spherical,prediction_error,1,unet,2.8096297404e-07
present_day,spherical,prediction_error,2,bilinear,1.0850251907e-05
present_day,spherical,prediction_error,2,cca,3.1317222664e-08
present_day,spherical,prediction_error,2,unet,1.7177033068e-07
present_day,spherical,prediction_error,3,bilinear,3.0799921986e-07
present_day,spherical,prediction_error,3,cca,4.1209049251e-08
present_day,spherical,prediction_error,3,unet,8.9109452648e-08
present_day,spherical,prediction_error,4,bilinear,3.4728880104e-06
present_day,spherical,prediction_error,4,cca,6.2405159349e-08
present_day,spherical,prediction_error,4,unet,1.3502143828e-07
present_day,spherical,prediction_error,5,bilinear,3.2435951094e-06
present_day,spherical,prediction_error,5,cca,1.0640215523e-07
present_day,spherical,prediction_error,5,unet,8.1290121358e-08
present_day,spherical,prediction_error,6,bilinear,4.5226243455e-06
present_day,spherical,prediction_error,6,cca,1.6515786385e-07
present_day,spherical,prediction_error,6,unet,8.7225003914e-08
present_day,spherical,prediction_error,7,bilinear,3.3137990630e-06
present_day,spherical,prediction_error,7,cca,2.4272971661e-07
present_day,spherical,prediction_error,7,unet,5.3153648518e-08
present_day,spherical,prediction_error,8,bilinear,8.6070598395e-06
present_day,spherical,prediction_error,8,cca,3.4147665484e-07
present_day,spherical,prediction_error,8,unet,5.2859300636e-08
present_day,spherical,prediction_error,9,bilinear,6.2006651901e-06
present_day,spherical,prediction_error,9,cca,4.4376776508e-07
present_day,spherical,prediction_error,9,unet,4.5514761321e-08
present_day,spherical,prediction_error,10,bilinear,5.1332564366e-06
present_day,spherical,prediction_error,10,cca,5.8236187826e-07
present_day,spherical,prediction_error,10,unet,4.5993117577e-08
present_day,spherical,prediction_error,11,bilinear,5.2943936542e-06
present_day,spherical,prediction_error,11,cca,6.9557644591e-07
present_day,spherical,prediction_error,11,unet,4.4916719352e-08
present_day,spherical,prediction_error,12,bilinear,6.6881874578e-06
present_day,spherical,prediction_error,12,cca,8.4164020284e-07
present_day,spherical,prediction_error,12,unet,4.5965361436e-08
present_day,spherical,prediction_error,13,bilinear,9.2946736145e-06
present_day,spherical,prediction_error,13,cca,9.3789139704e-07
present_day,spherical,prediction_error,13,unet,4.5559479783e-08
present_day,spherical,prediction_error,14,bilinear,8.7286735398e-06
present_day,spherical,prediction_error,14,cca,1.1169977617e-06
present_day,spherical,prediction_error,14,unet,4.6986549757e-08
present_day,spherical,prediction_error,15,bilinear,8.0199514244e-06
present_day,spherical,prediction_error,15,cca,1.2864389893e-06
present_day,spherical,prediction_error,15,unet,4.1956581210e-08
present_day,spherical,prediction_error,16,bilinear,1.2784001075e-05
present_day,spherical,prediction_error,16,cca,1.4319087144e-06
present_day,spherical,prediction_error,16,unet,4.8463932090e-08
present_day,spherical,prediction_error,17,bilinear,1.2056331596e-05
present_day,spherical,prediction_error,17,cca,1.5724721758e-06
present_day,spherical,prediction_error,17,unet,4.2570722469e-08
present_day,spherical,prediction_error,18,bilinear,1.1733836303e-05
present_day,spherical,prediction_error,18,cca,1.7117453515e-06
present_day,spherical,prediction_error,18,unet,5.7545427240e-08
present_day,spherical,prediction_error,19,bilinear,9.3613910483e-06
present_day,spherical,prediction_error,19,cca,1.8612057184e-06
present_day,spherical,prediction_error,19,unet,4.1441912831e-08
present_day,spherical,prediction_error,20,bilinear,1.3255369355e-05
present_day,spherical,prediction_error,20,cca,1.9924443045e-06
present_day,spherical,prediction_error,20,unet,4.6030547670e-08
present_day,spherical,prediction_error,21,bilinear,1.4344772882e-05
present_day,spherical,prediction_error,21,cca,2.1119629428e-06
present_day,spherical,prediction_error,21,unet,4.3479414721e-08
present_day,spherical,prediction_error,22,bilinear,1.0868322099e-05
present_day,spherical,prediction_error,22,cca,2.1930243288e-06
present_day,spherical,prediction_error,22,unet,4.8866880039e-08
present_day,spherical,prediction_error,23,bilinear,1.4631753912e-05
present_day,spherical,prediction_error,23,cca,2.3399004880e-06
present_day,spherical,prediction_error,23,unet,4.2216953504e-08
present_day,spherical,prediction_error,24,bilinear,1.5074028526e-05
present_day,spherical,prediction_error,24,cca,2.4027118498e-06
present_day,spherical,prediction_error,24,unet,4.9782985287e-08
present_day,spherical,prediction_error,25,bilinear,1.4131129553e-05
present_day,spherical,prediction_error,25,cca,2.5933403123e-06
present_day,spherical,prediction_error,25,unet,4.3716355682e-08
present_day,spherical,prediction_error,26,bilinear,1.8424838950e-05
present_day,spherical,prediction_error,26,cca,2.6135790799e-06
present_day,spherical,prediction_error,26,unet,4.4393777504e-08
present_day,spherical,prediction_error,27,bilinear,1.6186774092e-05
present_day,spherical,prediction_error,27,cca,2.7249081030e-06
present_day,spherical,prediction_error,27,unet,4.3522652477e-08
present_day,spherical,prediction_error,28,bilinear,1.6343174500e-05
present_day,spherical,prediction_error,28,cca,2.7572960287e-06
present_day,spherical,prediction_error,28,unet,4.6976178210e-08
present_day,spherical,prediction_error,29,bilinear,1.2823591572e-05
present_day,spherical,prediction_error,29,cca,2.8792300756e-06
present_day,spherical,prediction_error,29,unet,4.5435028760e-08
present_day,spherical,prediction_error,30,bilinear,1.5660486160e-05
present_day,spherical,prediction_error,30,cca,2.9706020381e-06
present_day,spherical,prediction_error,30,unet,4.7687821807e-08
present_day,spherical,prediction_error,31,bilinear,1.5025377742e-05
present_day,spherical,prediction_error,31,cca,3.0500750719e-06
present_day,spherical,prediction_error,31,unet,4.6050732785e-08
present_day,spherical,prediction_error,32,bilinear,1.5516231864e-05
present_day,spherical,prediction_error,32,cca,3.1348642146e-06
present_day,spherical,prediction_error,32,unet,4.9548086369e-08
present_day,spherical,prediction_error,33,bilinear,1.5142221120e-05
present_day,spherical,prediction_error,33,cca,3.1400671074e-06
present_day,spherical,prediction_error,33,unet,4.6943970601e-08
present_day,spherical,prediction_error,34,bilinear,1.8119988678e-05
present_day,spherical,prediction_error,34,cca,3.2873988442e-06
present_day,spherical,prediction_error,34,unet,5.0533760800e-08
present_day,spherical,prediction_error,35,bilinear,1.7912467117e-05
present_day,spherical,prediction_error,35,cca,3.2948315618e-06
present_day,spherical,prediction_error,35,unet,4.9911174761e-08
present_day,spherical,prediction_error,36,bilinear,2.1425306607e-05
present_day,spherical,prediction_error,36,cca,3.3424676837e-06
present_day,spherical,prediction_error,36,unet,5.2580468824e-08
present_day,spherical,prediction_error,37,bilinear,2.0616662954e-05
present_day,spherical,prediction_error,37,cca,3.5122253789e-06
present_day,spherical,prediction_error,37,unet,5.2020841172e-08
present_day,spherical,prediction_error,38,bilinear,1.7503958587e-05
present_day,spherical,prediction_error,38,cca,3.4503746502e-06
present_day,spherical,prediction_error,38,unet,5.5577019810e-08
present_day,spherical,prediction_error,39,bilinear,1.8050011746e-05
present_day,spherical,prediction_error,39,cca,3.5076596263e-06
present_day,spherical,prediction_error,39,unet,5.3420419358e-08
present_day,spherical,prediction_error,40,bilinear,2.3100587269e-05
present_day,spherical,prediction_error,40,cca,3.6351591410e-06
present_day,spherical,prediction_error,40,unet,6.1080402675e-08
present_day,spherical,prediction_error,41,bilinear,2.1670129842e-05
present_day,spherical,prediction_error,41,cca,3.5831608297e-06
present_day,spherical,prediction_error,41,unet,5.6678066288e-08
present_day,spherical,prediction_error,42,bilinear,2.2657814066e-05
present_day,spherical,prediction_error,42,cca,3.6867777810e-06
present_day,spherical,prediction_error,42,unet,5.9741872317e-08
present_day,spherical,prediction_error,43,bilinear,2.2206909604e-05
present_day,spherical,prediction_error,43,cca,3.7198679988e-06
present_day,spherical,prediction_error,43,unet,5.9421783169e-08
present_day,spherical,prediction_error,44,bilinear,2.2618895599e-05
present_day,spherical,prediction_error,44,cca,3.7900772042e-06
present_day,spherical,prediction_error,44,unet,6.5431342468e-08
present_day,spherical,prediction_error,45,bilinear,2.4263534177e-05
present_day,spherical,prediction_error,45,cca,3.8360394499e-06
present_day,spherical,prediction_error,45,unet,6.2014938673e-08
present_day,spherical,prediction_error,46,bilinear,2.3878000986e-05
present_day,spherical,prediction_error,46,cca,3.8043442322e-06
present_day,spherical,prediction_error,46,unet,7.0008125547e-08
present_day,spherical,prediction_error,47,bilinear,2.5392613701e-05
present_day,spherical,prediction_error,47,cca,3.9389990127e-06
present_day,spherical,prediction_error,47,unet,6.6257615651e-08
present_day,spherical,prediction_error,48,bilinear,2.8036968137e-05
present_day,spherical,prediction_error,48,cca,3.9726547935e-06
present_day,spherical,prediction_error,48,unet,6.8269150002e-08
present_day,spherical,prediction_error,49,bilinear,2.5228548081e-05
present_day,spherical,prediction_error,49,cca,4.0567355548e-06
present_day,spherical,prediction_error,49,unet,6.8526465886e-08
present_day,spherical,prediction_error,50,bilinear,2.8093228337e-05
present_day,spherical,prediction_error,50,cca,4.1037862511e-06
present_day,spherical,prediction_error,50,unet,7.3345223140e-08
present_day,spherical,prediction_error,51,bilinear,2.8627733089e-05
present_day,spherical,prediction_error,51,cca,4.1235946675e-06
present_day,spherical,prediction_error,51,unet,7.2154245725e-08
present_day,spherical,prediction_error,52,bilinear,2.7336605038e-05
present_day,spherical,prediction_error,52,cca,4.1415236052e-06
present_day,spherical,prediction_error,52,unet,7.4081381801e-08
present_day,spherical,prediction_error,53,bilinear,3.0674530222e-05
present_day,spherical,prediction_error,53,cca,4.2282697024e-06
present_day,spherical,prediction_error,53,unet,7.7147672225e-08
present_day,spherical,prediction_error,54,bilinear,3.4849131952e-05
present_day,spherical,prediction_error,54,cca,4.2069586528e-06
present_day,spherical,prediction_error,54,unet,7.9947640995e-08
present_day,spherical,prediction_error,55,bilinear,2.9970513583e-05
present_day,spherical,prediction_error,55,cca,4.2632042576e-06
present_day,spherical,prediction_error,55,unet,8.0333358179e-08
present_day,spherical,prediction_error,56,bilinear,3.4145938989e-05
present_day,spherical,prediction_error,56,cca,4.3395223782e-06
present_day,spherical,prediction_error,56,unet,8.4242538193e-08
present_day,spherical,prediction_error,57,bilinear,3.1743756377e-05
present_day,spherical,prediction_error,57,cca,4.3710880959e-06
present_day,spherical,prediction_error,57,unet,8.5810706918e-08
present_day,spherical,prediction_error,58,bilinear,3.0015242143e-05
present_day,spherical,prediction_error,58,cca,4.4058789018e-06
present_day,spherical,prediction_error,58,unet,8.9119050639e-08
present_day,spherical,prediction_error,59,bilinear,3.0881101809e-05
present_day,spherical,prediction_error,59,cca,4.4590597382e-06
present_day,spherical,prediction_error,59,unet,8.8509087028e-08
present_day,spherical,prediction_error,60,bilinear,2.8959593119e-05
present_day,spherical,prediction_error,60,cca,4.4732291886e-06
present_day,spherical,prediction_error,60,unet,9.1702049294e-08
present_day,spherical,prediction_error,61,bilinear,3.0368647047e-05
present_day,spherical,prediction_error,61,cca,4.4614752671e-06
present_day,spherical,prediction_error,61,unet,9.5413904794e-08
present_day,spherical,prediction_error,62,bilinear,2.6433740941e-05
present_day,spherical,prediction_error,62,cca,4.6138950225e-06
present_day,spherical,prediction_error,62,unet,9.9911831768e-08
present_day,spherical,prediction_error,63,bilinear,3.0167978854e-05
present_day,spherical,prediction_error,63,cca,4.6054746908e-06
present_day,spherical,prediction_error,63,unet,9.9523125488e-08
present_day,spherical,prediction_error,64,bilinear,3.1883759253e-05
present_day,spherical,prediction_error,64,cca,4.6033148721e-06
present_day,spherical,prediction_error,64,unet,1.0372116486e-07
present_day,spherical,prediction_error,65,bilinear,2.8136532201e-05
present_day,spherical,prediction_error,65,cca,4.7053280912e-06
present_day,spherical,prediction_error,65,unet,1.0498763167e-07
present_day,spherical,prediction_error,66,bilinear,2.8751980579e-05
present_day,spherical,prediction_error,66,cca,4.6976182987e-06
present_day,spherical,prediction_error,66,unet,1.1072717183e-07
present_day,spherical,prediction_error,67,bilinear,3.0930558937e-05
present_day,spherical,prediction_error,67,cca,4.7358583178e-06
present_day,spherical,prediction_error,67,unet,1.1117366762e-07
present_day,spherical,prediction_error,68,bilinear,3.1128271900e-05
present_day,spherical,prediction_error,68,cca,4.7150357471e-06
present_day,spherical,prediction_error,68,unet,1.1653772182e-07
present_day,spherical,prediction_error,69,bilinear,3.1837990096e-05
present_day,spherical,prediction_error,69,cca,4.8154128694e-06
present_day,spherical,prediction_error,69,unet,1.1740057992e-07
present_day,spherical,prediction_error,70,bilinear,2.7367427547e-05
present_day,spherical,prediction_error,70,cca,4.8445346255e-06
present_day,spherical,prediction_error,70,unet,1.2138049529e-07
present_day,spherical,prediction_error,71,bilinear,3.0772177473e-05
present_day,spherical,prediction_error,71,cca,4.8525589475e-06
present_day,spherical,prediction_error,71,unet,1.2339830298e-07
present_day,spherical,prediction_error,72,bilinear,2.9131899669e-05
present_day,spherical,prediction_error,72,cca,4.8671729412e-06
present_day,spherical,prediction_error,72,unet,1.3040890396e-07
present_day,spherical,prediction_error,73,bilinear,3.0294916885e-05
present_day,spherical,prediction_error,73,cca,4.9282254288e-06
present_day,spherical,prediction_error,73,unet,1.3067090704e-07
present_day,spherical,prediction_error,74,bilinear,3.1874677530e-05
present_day,spherical,prediction_error,74,cca,4.9753382130e-06
present_day,spherical,prediction_error,74,unet,1.3505565881e-07
present_day,spherical,prediction_error,75,bilinear,3.1204748012e-05
present_day,spherical,prediction_error,75,cca,5.0071568238e-06
present_day,spherical,prediction_error,75,unet,1.3642911600e-07
present_day,spherical,prediction_error,76,bilinear,3.1701544087e-05
present_day,spherical,prediction_error,76,cca,5.0055487086e-06
present_day,spherical,prediction_error,76,unet,1.4079771324e-07
present_day,spherical,prediction_error,77,bilinear,3.4425133221e-05
present_day,spherical,prediction_error,77,cca,5.0485702303e-06
present_day,spherical,prediction_error,77,unet,1.4529874573e-07
present_day,spherical,prediction_error,78,bilinear,3.2251918942e-05
present_day,spherical,prediction_error,78,cca,5.0923079149e-06
present_day,spherical,prediction_error,78,unet,1.4895191567e-07
present_day,spherical,prediction_error,79,bilinear,3.3521166080e-05
present_day,spherical,prediction_error,79,cca,5.1115220297e-06
present_day,spherical,prediction_error,79,unet,1.5116774340e-07
present_day,spherical,prediction_error,80,bilinear,3.1865943484e-05
present_day,spherical,prediction_error,80,cca,5.1667736251e-06
present_day,spherical,prediction_error,80,unet,1.5729943517e-07
present_day,spherical,prediction_error,81,bilinear,3.6591473328e-05
present_day,spherical,prediction_error,81,cca,5.2239135662e-06
present_day,spherical,prediction_error,81,unet,1.6002574513e-07
present_day,spherical,prediction_error,82,bilinear,3.9794282169e-05
present_day,spherical,prediction_error,82,cca,5.3179583605e-06
present_day,spherical,prediction_error,82,unet,1.6577586959e-07
present_day,spherical,prediction_error,83,bilinear,3.7492080466e-05
present_day,spherical,prediction_error,83,cca,5.2558001539e-06
present_day,spherical,prediction_error,83,unet,1.6793710284e-07
present_day,spherical,prediction_error,84,bilinear,3.7035417518e-05
present_day,spherical,prediction_error,84,cca,5.2929080625e-06
present_day,spherical,prediction_error,84,unet,1.7562602387e-07
present_day,spherical,prediction_error,85,bilinear,3.5707886992e-05
present_day,spherical,prediction_error,85,cca,5.2770714644e-06
present_day,spherical,prediction_error,85,unet,1.7899753071e-07
present_day,spherical,prediction_error,86,bilinear,3.9211771248e-05
present_day,spherical,prediction_error,86,cca,5.3494347184e-06
present_day,spherical,prediction_error,86,unet,1.8412785387e-07
present_day,spherical,prediction_error,87,bilinear,3.3949649217e-05
present_day,spherical,prediction_error,87,cca,5.3346159575e-06
present_day,spherical,prediction_error,87,unet,1.8594367594e-07
present_day,spherical,prediction_error,88,bilinear,3.6430173250e-05
present_day,spherical,prediction_error,88,cca,5.4005729872e-06
present_day,spherical,prediction_error,88,unet,1.9359891486e-07
present_day,spherical,prediction_error,89,bilinear,3.7264064184e-05
present_day,spherical,prediction_error,89,cca,5.4192572335e-06
present_day,spherical,prediction_error,89,unet,1.9759381715e-07
present_day,spherical,prediction_error,90,bilinear,3.5397580161e-05
present_day,spherical,prediction_error,90,cca,5.4613133629e-06
present_day,spherical,prediction_error,90,unet,2.0309496793e-07
present_day,spherical,prediction_error,91,bilinear,3.6605877879e-05
present_day,spherical,prediction_error,91,cca,5.5119822134e-06
present_day,spherical,prediction_error,91,unet,2.0609449682e-07
present_day,spherical,prediction_error,92,bilinear,3.9902840369e-05
present_day,spherical,prediction_error,92,cca,5.5756315056e-06
present_day,spherical,prediction_error,92,unet,2.1178973721e-07
present_day,spherical,prediction_error,93,bilinear,3.7306655735e-05
present_day,spherical,prediction_error,93,cca,5.5345810095e-06
present_day,spherical,prediction_error,93,unet,2.1746787481e-07
present_day,spherical,prediction_error,94,bilinear,3.9497385400e-05
present_day,spherical,prediction_error,94,cca,5.5310253087e-06
present_day,spherical,prediction_error,94,unet,2.2549784807e-07
present_day,spherical,prediction_error,95,bilinear,3.9390558805e-05
present_day,spherical,prediction_error,95,cca,5.5945283067e-06
present_day,spherical,prediction_error,95,unet,2.3014735429e-07
present_day,spherical,prediction_error,96,bilinear,3.8401564716e-05
present_day,spherical,prediction_error,96,cca,5.6477622697e-06
present_day,spherical,prediction_error,96,unet,2.3686582857e-07
present_day,spherical,prediction_error,97,bilinear,4.8446554607e-05
present_day,spherical,prediction_error,97,cca,5.6539811261e-06
present_day,spherical,prediction_error,97,unet,2.4172604703e-07
present_day,spherical,prediction_error,98,bilinear,3.7607915740e-05
present_day,spherical,prediction_error,98,cca,5.7280955856e-06
present_day,spherical,prediction_error,98,unet,2.4834025350e-07
present_day,spherical,prediction_error,99,bilinear,4.0867233092e-05
present_day,spherical,prediction_error,99,cca,5.7324182977e-06
present_day,spherical,prediction_error,99,unet,2.5282505325e-07
present_day,spherical,prediction_error,100,bilinear,4.4704732634e-05
present_day,spherical,prediction_error,100,cca,5.8155513593e-06
present_day,spherical,prediction_error,100,unet,2.5847165536e-07
present_day,spherical,prediction_error,101,bilinear,4.0956890978e-05
present_day,spherical,prediction_error,101,cca,5.7848343408e-06
present_day,spherical,prediction_error,101,unet,2.6797261034e-07
present_day,spherical,prediction_error,102,bilinear,4.0840128791e-05
present_day,spherical,prediction_error,102,cca,5.8381652859e-06
present_day,spherical,prediction_error,102,unet,2.7432427198e-07
present_day,spherical,prediction_error,103,bilinear,4.0407658040e-05
present_day,spherical,prediction_error,103,cca,5.8149737250e-06
present_day,spherical,prediction_error,103,unet,2.8075487114e-07
present_day,spherical,prediction_error,104,bilinear,4.0161370477e-05
present_day,spherical,prediction_error,104,cca,5.8690688211e-06
present_day,spherical,prediction_error,104,unet,2.9078113384e-07
present_day,spherical,prediction_error,105,bilinear,3.9209395645e-05
present_day,spherical,prediction_error,105,cca,5.8752835551e-06
present_day,spherical,prediction_error,105,unet,2.9641029052e-07
present_day,spherical,prediction_error,106,bilinear,3.7914311387e-05
present_day,spherical,prediction_error,106,cca,5.8954813324e-06
present_day,spherical,prediction_error,106,unet,3.0375446761e-07
present_day,spherical,prediction_error,107,bilinear,4.4543563329e-05
present_day,spherical,prediction_error,107,cca,5.9241873503e-06
present_day,spherical,prediction_error,107,unet,3.1156527973e-07
present_day,spherical,prediction_error,108,bilinear,4.8594980956e-05
present_day,spherical,prediction_error,108,cca,5.9704556571e-06
present_day,spherical,prediction_error,108,unet,3.1644441357e-07
present_day,spherical,prediction_error,109,bilinear,4.5054842141e-05
present_day,spherical,prediction_error,109,cca,5.9910256071e-06
present_day,spherical,prediction_error,109,unet,3.2594617059e-07
present_day,spherical,prediction_error,110,bilinear,4.7047821881e-05
present_day,spherical,prediction_error,110,cca,5.9735110779e-06
present_day,spherical,prediction_error,110,unet,3.3778972946e-07
present_day,spherical,prediction_error,111,bilinear,4.5492638218e-05
present_day,spherical,prediction_error,111,cca,6.0651069125e-06
present_day,spherical,prediction_error,111,unet,3.4299114983e-07
present_day,spherical,prediction_error,112,bilinear,5.0640338682e-05
present_day,spherical,prediction_error,112,cca,6.0778431065e-06
present_day,spherical,prediction_error,112,unet,3.5192257109e-07
present_day,spherical,prediction_error,113,bilinear,5.1925909676e-05
present_day,spherical,prediction_error,113,cca,6.0564944491e-06
present_day,spherical,prediction_error,113,unet,3.6132970329e-07
present_day,spherical,prediction_error,114,bilinear,5.3346202367e-05
present_day,spherical,prediction_error,114,cca,6.0988673792e-06
present_day,spherical,prediction_error,114,unet,3.7047811840e-07
present_day,spherical,prediction_error,115,bilinear,4.8306810556e-05
present_day,spherical,prediction_error,115,cca,6.1052675503e-06
present_day,spherical,prediction_error,115,unet,3.8118692298e-07
present_day,spherical,prediction_error,116,bilinear,4.8595222346e-05
present_day,spherical,prediction_error,116,cca,6.1531518443e-06
present_day,spherical,prediction_error,116,unet,3.8764084536e-07
present_day,spherical,prediction_error,117,bilinear,5.3749405720e-05
present_day,spherical,prediction_error,117,cca,6.1725458436e-06
present_day,spherical,prediction_error,117,unet,3.9989548602e-07
present_day,spherical,prediction_error,118,bilinear,4.9638384365e-05
present_day,spherical,prediction_error,118,cca,6.1571278142e-06
present_day,spherical,prediction_error,118,unet,4.0816535311e-07
present_day,spherical,prediction_error,119,bilinear,5.0231992905e-05
present_day,spherical,prediction_error,119,cca,6.1973389085e-06
present_day,spherical,prediction_error,119,unet,4.2127851507e-07
present_day,spherical,prediction_error,120,bilinear,5.1212055173e-05
present_day,spherical,prediction_error,120,cca,6.2140773760e-06
present_day,spherical,prediction_error,120,unet,4.3056509945e-07
present_day,spherical,prediction_error,121,bilinear,4.3615391813e-05
present_day,spherical,prediction_error,121,cca,6.2850414288e-06
present_day,spherical,prediction_error,121,unet,4.4100473206e-07
present_day,spherical,prediction_error,122,bilinear,4.8767031576e-05
present_day,spherical,prediction_error,122,cca,6.3167472197e-06
present_day,spherical,prediction_error,122,unet,4.5191092452e-07
present_day,spherical,prediction_error,123,bilinear,4.7946515607e-05
present_day,spherical,prediction_error,123,cca,6.2767173286e-06
present_day,spherical,prediction_error,123,unet,4.6338294637e-07
present_day,spherical,prediction_error,124,bilinear,4.6859970566e-05
present_day,spherical,prediction_error,124,cca,6.2886411615e-06
present_day,spherical,prediction_error,124,unet,4.7703426931e-07
present_day,spherical,prediction_error,125,bilinear,4.9952639838e-05
present_day,spherical,prediction_error,125,cca,6.2658147159e-06
present_day,spherical,prediction_error,125,unet,4.8133269613e-07
present_day,spherical,prediction_error,126,bilinear,4.9762824157e-05
present_day,spherical,prediction_error,126,cca,6.2920754828e-06
present_day,spherical,prediction_error,126,unet,5.0387216861e-07
present_day,spherical,prediction_error,127,bilinear,5.0951610912e-05
present_day,spherical,prediction_error,127,cca,6.3291449253e-06
present_day,spherical,prediction_error,127,unet,5.1246260325e-07
present_day,spherical,prediction_error,128,bilinear,5.1595946457e-05
present_day,spherical,prediction_error,128,cca,6.4338007474e-06
present_day,spherical,prediction_error,128,unet,5.2112488741e-07
present_day,spherical,prediction_error,129,bilinear,4.9530737763e-05
present_day,spherical,prediction_error,129,cca,6.4345767203e-06
present_day,spherical,prediction_error,129,unet,5.3937349218e-07
present_day,spherical,prediction_error,130,bilinear,4.6841531309e-05
present_day,spherical,prediction_error,130,cca,6.3938069289e-06
present_day,spherical,prediction_error,130,unet,5.5771265221e-07
present_day,spherical,prediction_error,131,bilinear,4.7285348054e-05
present_day,spherical,prediction_error,131,cca,6.4256284487e-06
present_day,spherical,prediction_error,131,unet,5.6104738346e-07
present_day,spherical,prediction_error,132,bilinear,4.8275228479e-05
present_day,spherical,prediction_error,132,cca,6.4294445649e-06
present_day,spherical,prediction_error,132,unet,5.7747540922e-07
present_day,spherical,prediction_error,133,bilinear,4.9679765315e-05
present_day,spherical,prediction_error,133,cca,6.4909318507e-06
present_day,spherical,prediction_error,133,unet,5.9046711604e-07
present_day,spherical,prediction_error,134,bilinear,5.1589541676e-05
present_day,spherical,prediction_error,134,cca,6.4617538905e-06
present_day,spherical,prediction_error,134,unet,6.0845268341e-07
present_day,spherical,prediction_error,135,bilinear,4.5506110876e-05
present_day,spherical,prediction_error,135,cca,6.4081127454e-06
present_day,spherical,prediction_error,135,unet,6.1836974261e-07
present_day,spherical,prediction_error,136,bilinear,4.6879414351e-05
present_day,spherical,prediction_error,136,cca,6.4801812384e-06
present_day,spherical,prediction_error,136,unet,6.3334735361e-07
present_day,spherical,prediction_error,137,bilinear,5.1932928685e-05
present_day,spherical,prediction_error,137,cca,6.4891064149e-06
present_day,spherical,prediction_error,137,unet,6.4716343386e-07
present_day,spherical,prediction_error,138,bilinear,4.9872552276e-05
present_day,spherical,prediction_error,138,cca,6.5355089235e-06
present_day,spherical,prediction_error,138,unet,6.5897626117e-07
present_day,spherical,prediction_error,139,bilinear,5.2904396382e-05
present_day,spherical,prediction_error,139,cca,6.5214776205e-06
present_day,spherical,prediction_error,139,unet,6.7837701047e-07
present_day,spherical,prediction_error,140,bilinear,5.0152004543e-05
present_day,spherical,prediction_error,140,cca,6.5492954029e-06
present_day,spherical,prediction_error,140,unet,6.9428318767e-07
present_day,spherical,prediction_error,141,bilinear,4.7128501321e-05
present_day,spherical,prediction_error,141,cca,6.5489062379e-06
present_day,spherical,prediction_error,141,unet,7.0558755448e-07
present_day,spherical,prediction_error,142,bilinear,4.6283744668e-05
present_day,spherical,prediction_error,142,cca,6.5025575566e-06
present_day,spherical,prediction_error,142,unet,7.2767375542e-07
present_day,spherical,prediction_error,143,bilinear,4.7826011625e-05
present_day,spherical,prediction_error,143,cca,6.6034768184e-06
present_day,spherical,prediction_error,143,unet,7.3476446013e-07
present_day,spherical,prediction_error,144,bilinear,4.4315736963e-05
present_day,spherical,prediction_error,144,cca,6.5552521848e-06
present_day,spherical,prediction_error,144,unet,7.5549628714e-07
present_day,spherical,prediction_error,145,bilinear,4.4035291822e-05
present_day,spherical,prediction_error,145,cca,6.5951089473e-06
present_day,spherical,prediction_error,145,unet,7.7271869311e-07
present_day,spherical,prediction_error,146,bilinear,5.0753189189e-05
present_day,spherical,prediction_error,146,cca,6.5990754160e-06
present_day,spherical,prediction_error,146,unet,7.9622736877e-07
present_day,spherical,prediction_error,147,bilinear,4.6532380828e-05
present_day,spherical,prediction_error,147,cca,6.6062533527e-06
present_day,spherical,prediction_error,147,unet,8.1129643609e-07
present_day,spherical,prediction_error,148,bilinear,4.2771154064e-05
present_day,spherical,prediction_error,148,cca,6.6379505255e-06
present_day,spherical,prediction_error,148,unet,8.3242666703e-07
present_day,spherical,prediction_error,149,bilinear,4.3814718530e-05
present_day,spherical,prediction_error,149,cca,6.6915374914e-06
present_day,spherical,prediction_error,149,unet,8.5113516721e-07
present_day,spherical,prediction_error,150,bilinear,5.1932114946e-05
present_day,spherical,prediction_error,150,cca,6.6462985518e-06
present_day,spherical,prediction_error,150,unet,8.6807798785e-07
present_day,spherical,prediction_error,151,bilinear,5.5171547681e-05
present_day,spherical,prediction_error,151,cca,6.6711230221e-06
present_day,spherical,prediction_error,151,unet,8.9097277807e-07
present_day,spherical,prediction_error,152,bilinear,5.0105182194e-05
present_day,spherical,prediction_error,152,cca,6.6844729253e-06
present_day,spherical,prediction_error,152,unet,9.1335584210e-07
present_day,spherical,prediction_error,153,bilinear,4.8939512711e-05
present_day,spherical,prediction_error,153,cca,6.6610931977e-06
present_day,spherical,prediction_error,153,unet,9.2956504452e-07
present_day,spherical,prediction_error,154,bilinear,5.3468846903e-05
present_day,spherical,prediction_error,154,cca,6.6157900478e-06
present_day,spherical,prediction_error,154,unet,9.5211150314e-07
present_day,spherical,prediction_error,155,bilinear,4.8755922805e-05
present_day,spherical,prediction_error,155,cca,6.6706858647e-06
present_day,spherical,prediction_error,155,unet,9.6733937563e-07
present_day,spherical,prediction_error,156,bilinear,4.9485544108e-05
present_day,spherical,prediction_error,156,cca,6.6766891096e-06
present_day,spherical,prediction_error,156,unet,9.9299100536e-07
present_day,spherical,prediction_error,157,bilinear,4.9664968189e-05
present_day,spherical,prediction_error,157,cca,6.6185602520e-06
present_day,spherical,prediction_error,157,unet,1.0094632110e-06
present_day,spherical,prediction_error,158,bilinear,4.9916959174e-05
present_day,spherical,prediction_error,158,cca,6.6379899650e-06
present_day,spherical,prediction_error,158,unet,1.0247260747e-06
present_day,spherical,prediction_error,159,bilinear,5.0661297540e-05
present_day,spherical,prediction_error,159,cca,6.6882221938e-06
present_day,spherical,prediction_error,159,unet,1.0510764882e-06
present_day,spherical,prediction_error,160,bilinear,5.0117881887e-05
present_day,spherical,prediction_error,160,cca,6.6542335563e-06
present_day,spherical,prediction_error,160,unet,1.0713726116e-06
present_day,spherical,prediction_error,161,bilinear,5.1978564200e-05
present_day,spherical,prediction_error,161,cca,6.6251388294e-06
present_day,spherical,prediction_error,161,unet,1.0921117278e-06
present_day,spherical,prediction_error,162,bilinear,5.3434850034e-05
present_day,spherical,prediction_error,162,cca,6.6418039518e-06
present_day,spherical,prediction_error,162,unet,1.1093608336e-06
present_day,spherical,prediction_error,163,bilinear,4.8870389265e-05
present_day,spherical,prediction_error,163,cca,6.7061975705e-06
present_day,spherical,prediction_error,163,unet,1.1440423550e-06
present_day,spherical,prediction_error,164,bilinear,5.1558930894e-05
present_day,spherical,prediction_error,164,cca,6.6593483130e-06
present_day,spherical,prediction_error,164,unet,1.1609129857e-06
present_day,spherical,prediction_error,165,bilinear,5.2758440331e-05
present_day,spherical,prediction_error,165,cca,6.6535316248e-06
present_day,spherical,prediction_error,165,unet,1.1794849204e-06
present_day,spherical,prediction_error,166,bilinear,4.9240456169e-05
present_day,spherical,prediction_error,166,cca,6.6598027245e-06
present_day,spherical,prediction_error,166,unet,1.2115617359e-06
present_day,spherical,prediction_error,167,bilinear,4.5431970797e-05
present_day,spherical,prediction_error,167,cca,6.6411920805e-06
present_day,spherical,prediction_error,167,unet,1.2211175547e-06
present_day,spherical,prediction_error,168,bilinear,5.9719303792e-05
present_day,spherical,prediction_error,168,cca,6.6473759450e-06
present_day,spherical,prediction_error,168,unet,1.2462691950e-06
present_day,spherical,prediction_error,169,bilinear,5.0392467394e-05
present_day,spherical,prediction_error,169,cca,6.6746369186e-06
present_day,spherical,prediction_error,169,unet,1.2676235064e-06
present_day,spherical,prediction_error,170,bilinear,4.8546282449e-05
present_day,spherical,prediction_error,170,cca,6.6721232527e-06
present_day,spherical,prediction_error,170,unet,1.2983643142e-06
present_day,spherical,prediction_error,171,bilinear,5.5232895722e-05
present_day,spherical,prediction_error,171,cca,6.7448797996e-06
present_day,spherical,prediction_error,171,unet,1.3281292294e-06
present_day,spherical,prediction_error,172,bilinear,4.8037102185e-05
present_day,spherical,prediction_error,172,cca,6.6616358369e-06
present_day,spherical,prediction_error,172,unet,1.3410789858e-06
present_day,spherical,prediction_error,173,bilinear,5.5213586151e-05
present_day,spherical,prediction_error,173,cca,6.6465508153e-06
present_day,spherical,prediction_error,173,unet,1.3692630500e-06
present_day,spherical,prediction_error,174,bilinear,5.3742353543e-05
present_day,spherical,prediction_error,174,cca,6.6794306219e-06
present_day,spherical,prediction_error,174,unet,1.3852726854e-06
present_day,spherical,prediction_error,175,bilinear,5.1405173212e-05
present_day,spherical,prediction_error,175,cca,6.6266446243e-06
present_day,spherical,prediction_error,175,unet,1.4037511853e-06
present_day,spherical,prediction_error,176,bilinear,4.9757749657e-05
present_day,spherical,prediction_error,176,cca,6.6745310603e-06
present_day,spherical,prediction_error,176,unet,1.4342570273e-06
present_day,spherical,prediction_error,177,bilinear,5.4610334037e-05
present_day,spherical,prediction_error,177,cca,6.6383585901e-06
present_day,spherical,prediction_error,177,unet,1.4576130095e-06
present_day,spherical,prediction_error,178,bilinear,4.9365484117e-05
present_day,spherical,prediction_error,178,cca,6.6574167250e-06
present_day,spherical,prediction_error,178,unet,1.4819258604e-06
present_day,spherical,prediction_error,179,bilinear,5.3571522842e-05
present_day,spherical,prediction_error,179,cca,6.6216817465e-06
present_day,spherical,prediction_error,179,unet,1.5012702279e-06
present_day,spherical,prediction_error,180,bilinear,4.6321752876e-05
present_day,spherical,prediction_error,180,cca,6.6055862302e-06
present_day,spherical,prediction_error,180,unet,1.5283225822e-06
present_day,spherical,prediction_error,181,bilinear,4.5507165711e-05
present_day,spherical,prediction_error,181,cca,6.5780710837e-06
present_day,spherical,prediction_error,181,unet,1.5499697761e-06
present_day,spherical,prediction_error,182,bilinear,4.7189096771e-05
present_day,spherical,prediction_error,182,cca,6.5875950956e-06
present_day,spherical,prediction_error,182,unet,1.5638660155e-06
present_day,spherical,prediction_error,183,bilinear,4.8301681262e-05
present_day,spherical,prediction_error,183,cca,6.5916081411e-06
present_day,spherical,prediction_error,183,unet,1.5941881059e-06
present_day,spherical,prediction_error,184,bilinear,4.7174407485e-05
present_day,spherical,prediction_error,184,cca,6.5929977416e-06
present_day,spherical,prediction_error,184,unet,1.6129715199e-06
present_day,spherical,prediction_error,185,bilinear,4.4115227898e-05
present_day,spherical,prediction_error,185,cca,6.6350951870e-06
present_day,spherical,prediction_error,185,unet,1.6395332466e-06
present_day,spherical,prediction_error,186,bilinear,4.9781488177e-05
present_day,spherical,prediction_error,186,cca,6.5332210491e-06
present_day,spherical,prediction_error,186,unet,1.6504872099e-06
present_day,spherical,prediction_error,187,bilinear,4.6199957282e-05
present_day,spherical,prediction_error,187,cca,6.5377227799e-06
present_day,spherical,prediction_error,187,unet,1.6761084728e-06
present_day,spherical,prediction_error,188,bilinear,5.1815000633e-05
present_day,spherical,prediction_error,188,cca,6.5517270717e-06
present_day,spherical,prediction_error,188,unet,1.6970991695e-06
present_day,spherical,prediction_error,189,bilinear,4.8292754228e-05
present_day,spherical,prediction_error,189,cca,6.5774551766e-06
present_day,spherical,prediction_error,189,unet,1.7298871015e-06
present_day,spherical,prediction_error,190,bilinear,4.4953834878e-05
present_day,spherical,prediction_error,190,cca,6.5087991706e-06
present_day,spherical,prediction_error,190,unet,1.7458014956e-06
present_day,spherical,prediction_error,191,bilinear,4.9461293786e-05
present_day,spherical,prediction_error,191,cca,6.5524399776e-06
present_day,spherical,prediction_error,191,unet,1.7617781739e-06
present_day,spherical,prediction_error,192,bilinear,5.6174046535e-05
present_day,spherical,prediction_error,192,cca,6.4279250498e-06
present_day,spherical,prediction_error,192,unet,1.7844515498e-06
present_day,spherical,prediction_error,193,bilinear,4.6498046893e-05
present_day,spherical,prediction_error,193,cca,6.4551641948e-06
present_day,spherical,prediction_error,193,unet,1.7942421145e-06
present_day,spherical,prediction_error,194,bilinear,4.8715023984e-05
present_day,spherical,prediction_error,194,cca,6.4778291649e-06
present_day,spherical,prediction_error,194,unet,1.8123736259e-06
present_day,spherical,prediction_error,195,bilinear,5.1973584867e-05
present_day,spherical,prediction_error,195,cca,6.4805354097e-06
present_day,spherical,prediction_error,195,unet,1.8411692922e-06
present_day,spherical,prediction_error,196,bilinear,4.7024788882e-05
present_day,spherical,prediction_error,196,cca,6.4241943234e-06
present_day,spherical,prediction_error,196,unet,1.8468924306e-06
present_day,spherical,prediction_error,197,bilinear,5.0128401855e-05
present_day,spherical,prediction_error,197,cca,6.4024144838e-06
present_day,spherical,prediction_error,197,unet,1.8600845934e-06
present_day,spherical,prediction_error,198,bilinear,4.9701377115e-05
present_day,spherical,prediction_error,198,cca,6.3800658441e-06
present_day,spherical,prediction_error,198,unet,1.8848025008e-06
present_day,spherical,prediction_error,199,bilinear,4.9738655080e-05
present_day,spherical,prediction_error,199,cca,6.4144500299e-06
present_day,spherical,prediction_error,199,unet,1.9016284969e-06
present_day,spherical,prediction_error,200,bilinear,4.5986458410e-05
present_day,spherical,prediction_error,200,cca,6.3944123890e-06
present_day,spherical,prediction_error,200,unet,1.9195061632e-06
present_day,spherical,prediction_error,201,bilinear,4.9931059201e-05
present_day,spherical,prediction_error,201,cca,6.3915710706e-06
present_day,spherical,prediction_error,201,unet,1.9356648063e-06
present_day,spherical,prediction_error,202,bilinear,4.8188223414e-05
present_day,spherical,prediction_error,202,cca,6.3351140870e-06
present_day,spherical,prediction_error,202,unet,1.9441647221e-06
present_day,spherical,prediction_error,203,bilinear,4.4359994560e-05
present_day,spherical,prediction_error,203,cca,6.3773200012e-06
present_day,spherical,prediction_error,203,unet,1.9800255979e-06
present_day,spherical,prediction_error,204,bilinear,4.8521113355e-05
present_day,spherical,prediction_error,204,cca,6.3184723219e-06
present_day,spherical,prediction_error,204,unet,1.9827127786e-06
present_day,spherical,prediction_error,205,bilinear,4.8757599964e-05
present_day,spherical,prediction_error,205,cca,6.3249724897e-06
present_day,spherical,prediction_error,205,unet,2.0032830778e-06
present_day,spherical,prediction_error,206,bilinear,4.6778266001e-05
present_day,spherical,prediction_error,206,cca,6.3104900782e-06
present_day,spherical,prediction_error,206,unet,2.0065497859e-06
present_day,spherical,prediction_error,207,bilinear,4.5959239322e-05
present_day,spherical,prediction_error,207,cca,6.3199669654e-06
present_day,spherical,prediction_error,207,unet,2.0237981374e-06
present_day,spherical,prediction_error,208,bilinear,4.6374182632e-05
present_day,spherical,prediction_error,208,cca,6.2960158763e-06
present_day,spherical,prediction_error,208,unet,2.0339594073e-06
present_day,spherical,prediction_error,209,bilinear,4.3177659673e-05
present_day,spherical,prediction_error,209,cca,6.2654378284e-06
present_day,spherical,prediction_error,209,unet,2.0454930820e-06
present_day,spherical,prediction_error,210,bilinear,4.6171891118e-05
present_day,spherical,prediction_error,210,cca,6.2067641192e-06
present_day,spherical,prediction_error,210,unet,2.0628016792e-06
present_day,spherical,prediction_error,211,bilinear,4.6459432854e-05
present_day,spherical,prediction_error,211,cca,6.2239140266e-06
present_day,spherical,prediction_error,211,unet,2.0703334801e-06
present_day,spherical,prediction_error,212,bilinear,4.1681215332e-05
present_day,spherical,prediction_error,212,cca,6.2051176390e-06
present_day,spherical,prediction_error,212,unet,2.0785054367e-06
present_day,spherical,prediction_error,213,bilinear,4.5672758037e-05
present_day,spherical,prediction_error,213,cca,6.1789320382e-06
present_day,spherical,prediction_error,213,unet,2.0951295926e-06
present_day,spherical,prediction_error,214,bilinear,4.7137618856e-05
present_day,spherical,prediction_error,214,cca,6.1585050467e-06
present_day,spherical,prediction_error,214,unet,2.1110198420e-06
present_day,spherical,prediction_error,215,bilinear,4.3019974034e-05
present_day,spherical,prediction_error,215,cca,6.1374084024e-06
present_day,spherical,prediction_error,215,unet,2.1102236816e-06
present_day,spherical,prediction_error,216,bilinear,4.5520088106e-05
present_day,spherical,prediction_error,216,cca,6.1107869978e-06
present_day,spherical,prediction_error,216,unet,2.1249776324e-06
present_day,spherical,prediction_error,217,bilinear,4.4634085072e-05
present_day,spherical,prediction_error,217,cca,6.1244426508e-06
present_day,spherical,prediction_error,217,unet,2.1333055180e-06
present_day,spherical,prediction_error,218,bilinear,4.3516413298e-05
present_day,spherical,prediction_error,218,cca,6.0909865086e-06
present_day,spherical,prediction_error,218,unet,2.1449602514e-06
present_day,spherical,prediction_error,219,bilinear,4.3922639039e-05
present_day,spherical,prediction_error,219,cca,6.0884562959e-06
present_day,spherical,prediction_error,219,unet,2.1461546672e-06
present_day,spherical,prediction_error,220,bilinear,4.4494995239e-05
present_day,spherical,prediction_error,220,cca,6.0635323630e-06
present_day,spherical,prediction_error,220,unet,2.1550868128e-06
present_day,spherical,prediction_error,221,bilinear,4.1773295897e-05
present_day,spherical,prediction_error,221,cca,6.0000574039e-06
present_day,spherical,prediction_error,221,unet,2.1591020709e-06
present_day,spherical,prediction_error,222,bilinear,4.3017999736e-05
present_day,spherical,prediction_error,222,cca,6.0024800837e-06
present_day,spherical,prediction_error,222,unet,2.1616167397e-06
present_day,spherical,prediction_error,223,bilinear,4.2465923258e-05
present_day,spherical,prediction_error,223,cca,6.0034017839e-06
present_day,spherical,prediction_error,223,unet,2.1658061114e-06
present_day,spherical,prediction_error,224,bilinear,3.9017980671e-05
present_day,spherical,prediction_error,224,cca,5.9347506823e-06
present_day,spherical,prediction_error,224,unet,2.1654888283e-06
present_day,spherical,prediction_error,225,bilinear,3.6652187842e-05
present_day,spherical,prediction_error,225,cca,5.9355860046e-06
present_day,spherical,prediction_error,225,unet,2.1679692094e-06
present_day,spherical,prediction_error,226,bilinear,3.8724752227e-05
present_day,spherical,prediction_error,226,cca,5.8678712167e-06
present_day,spherical,prediction_error,226,unet,2.1630466945e-06
present_day,spherical,prediction_error,227,bilinear,3.9040168185e-05
present_day,spherical,prediction_error,227,cca,5.8762480611e-06
present_day,spherical,prediction_error,227,unet,2.1751898821e-06
present_day,spherical,prediction_error,228,bilinear,3.5637892232e-05
present_day,spherical,prediction_error,228,cca,5.8590807216e-06
present_day,spherical,prediction_error,228,unet,2.1675886945e-06
present_day,spherical,prediction_error,229,bilinear,4.1301650667e-05
present_day,spherical,prediction_error,229,cca,5.8262267427e-06
present_day,spherical,prediction_error,229,unet,2.1839072583e-06
present_day,spherical,prediction_error,230,bilinear,4.0094045743e-05
present_day,spherical,prediction_error,230,cca,5.8540803170e-06
present_day,spherical,prediction_error,230,unet,2.1904810347e-06
present_day,spherical,prediction_error,231,bilinear,3.7199144213e-05
present_day,spherical,prediction_error,231,cca,5.8068503347e-06
present_day,spherical,prediction_error,231,unet,2.1756358117e-06
present_day,spherical,prediction_error,232,bilinear,3.8491838829e-05
present_day,spherical,prediction_error,232,cca,5.7742238305e-06
present_day,spherical,prediction_error,232,unet,2.1902864495e-06
present_day,spherical,prediction_error,233,bilinear,3.8316422371e-05
present_day,spherical,prediction_error,233,cca,5.7965328545e-06
present_day,spherical,prediction_error,233,unet,2.1960652384e-06
present_day,spherical,prediction_error,234,bilinear,3.6600236957e-05
present_day,spherical,prediction_error,234,cca,5.7361976564e-06
present_day,spherical,prediction_error,234,unet,2.1860342390e-06
present_day,spherical,prediction_error,235,bilinear,4.0097806202e-05
present_day,spherical,prediction_error,235,cca,5.7236866284e-06
present_day,spherical,prediction_error,235,unet,2.1872207796e-06
present_day,spherical,prediction_error,236,bilinear,4.0592297222e-05
present_day,spherical,prediction_error,236,cca,5.6998523551e-06
present_day,spherical,prediction_error,236,unet,2.1804123544e-06
present_day,spherical,prediction_error,237,bilinear,3.7763176700e-05
present_day,spherical,prediction_error,237,cca,5.6492659490e-06
present_day,spherical,prediction_error,237,unet,2.1891502821e-06
present_day,spherical,prediction_error,238,bilinear,3.9957500789e-05
present_day,spherical,prediction_error,238,cca,5.6283467019e-06
present_day,spherical,prediction_error,238,unet,2.1794504480e-06
present_day,spherical,prediction_error,239,bilinear,4.1020324867e-05
present_day,spherical,prediction_error,239,cca,5.6125588105e-06
present_day,spherical,prediction_error,239,unet,2.1827978047e-06
present_day,spherical,prediction_error,240,bilinear,3.9390135096e-05
present_day,spherical,prediction_error,240,cca,5.5724286488e-06
present_day,spherical,prediction_error,240,unet,2.1724016362e-06
present_day,spherical,prediction_error,241,bilinear,4.1748537950e-05
present_day,spherical,prediction_error,241,cca,5.5534795887e-06
present_day,spherical,prediction_error,241,unet,2.1773563349e-06
present_day,spherical,prediction_error,242,bilinear,3.8491003977e-05
present_day,spherical,prediction_error,242,cca,5.5351488023e-06
present_day,spherical,prediction_error,242,unet,2.1805293492e-06
present_day,spherical,prediction_error,243,bilinear,3.7393897057e-05
present_day,spherical,prediction_error,243,cca,5.5210887482e-06
present_day,spherical,prediction_error,243,unet,2.1723396860e-06
present_day,spherical,prediction_error,244,bilinear,3.9701160721e-05
present_day,spherical,prediction_error,244,cca,5.5018883574e-06
present_day,spherical,prediction_error,244,unet,2.1756481157e-06
present_day,spherical,prediction_error,245,bilinear,3.7642390915e-05
present_day,spherical,prediction_error,245,cca,5.4448003698e-06
present_day,spherical,prediction_error,245,unet,2.1608693355e-06
present_day,spherical,prediction_error,246,bilinear,3.8826159565e-05
present_day,spherical,prediction_error,246,cca,5.4538357275e-06
present_day,spherical,prediction_error,246,unet,2.1638256226e-06
present_day,spherical,prediction_error,247,bilinear,3.5693857566e-05
present_day,spherical,prediction_error,247,cca,5.3830842069e-06
present_day,spherical,prediction_error,247,unet,2.1671182501e-06
present_day,spherical,prediction_error,248,bilinear,3.4745031486e-05
present_day,spherical,prediction_error,248,cca,5.3774314425e-06
present_day,spherical,prediction_error,248,unet,2.1590624886e-06
present_day,spherical,prediction_error,249,bilinear,3.5295974083e-05
present_day,spherical,prediction_error,249,cca,5.3606465340e-06
present_day,spherical,prediction_error,249,unet,2.1552337831e-06
present_day,spherical,prediction_error,250,bilinear,3.7032186726e-05
present_day,spherical,prediction_error,250,cca,5.3576560827e-06
present_day,spherical,prediction_error,250,unet,2.1625471587e-06
present_day,spherical,prediction_error,251,bilinear,3.3922658068e-05
present_day,spherical,prediction_error,251,cca,5.3085033127e-06
present_day,spherical,prediction_error,251,unet,2.1540743032e-06
present_day,spherical,prediction_error,252,bilinear,3.4325261785e-05
present_day,spherical,prediction_error,252,cca,5.3013089108e-06
present_day,spherical,prediction_error,252,unet,2.1567645690e-06
present_day,spherical,prediction_error,253,bilinear,3.4828684919e-05
present_day,spherical,prediction_error,253,cca,5.2761043643e-06
present_day,spherical,prediction_error,253,unet,2.1495285673e-06
present_day,spherical,prediction_error,254,bilinear,3.5657041348e-05
present_day,spherical,prediction_error,254,cca,5.2673051528e-06
present_day,spherical,prediction_error,254,unet,2.1482139734e-06
present_day,spherical,prediction_error,255,bilinear,3.3321149231e-05
present_day,spherical,prediction_error,255,cca,5.2242928309e-06
present_day,spherical,prediction_error,255,unet,2.1300558085e-06
present_day,spherical,prediction_error,256,bilinear,3.5065510994e-05
present_day,spherical,prediction_error,256,cca,5.2379859519e-06
present_day,spherical,prediction_error,256,unet,2.1400684137e-06
present_day,spherical,prediction_error,257,bilinear,3.3378789443e-05
present_day,spherical,prediction_error,257,cca,5.1573415069e-06
present_day,spherical,prediction_error,257,unet,2.1159197782e-06
present_day,spherical,prediction_error,258,bilinear,3.0657345471e-05
present_day,spherical,prediction_error,258,cca,5.1467756841e-06
present_day,spherical,prediction_error,258,unet,2.1214239394e-06
present_day,spherical,prediction_error,259,bilinear,3.5671678632e-05
present_day,spherical,prediction_error,259,cca,5.1023238019e-06
present_day,spherical,prediction_error,259,unet,2.1105662480e-06
present_day,spherical,prediction_error,260,bilinear,3.4619759054e-05
present_day,spherical,prediction_error,260,cca,5.1022172605e-06
present_day,spherical,prediction_error,260,unet,2.1098199492e-06
present_day,spherical,prediction_error,261,bilinear,3.1575265062e-05
present_day,spherical,prediction_error,261,cca,5.0874572400e-06
present_day,spherical,prediction_error,261,unet,2.1092003799e-06
present_day,spherical,prediction_error,262,bilinear,3.2300891896e-05
present_day,spherical,prediction_error,262,cca,5.0264273642e-06
present_day,spherical,prediction_error,262,unet,2.0937980152e-06
present_day,spherical,prediction_error,263,bilinear,3.2465866693e-05
present_day,spherical,prediction_error,263,cca,4.9992900810e-06
present_day,spherical,prediction_error,263,unet,2.0825812418e-06
present_day,spherical,prediction_error,264,bilinear,3.2328470742e-05
present_day,spherical,prediction_error,264,cca,4.9920283165e-06
present_day,spherical,prediction_error,264,unet,2.0855117373e-06
present_day,spherical,prediction_error,265,bilinear,3.5136110787e-05
present_day,spherical,prediction_error,265,cca,4.9393701757e-06
present_day,spherical,prediction_error,265,unet,2.0943608212e-06
present_day,spherical,prediction_error,266,bilinear,3.1352321256e-05
present_day,spherical,prediction_error,266,cca,4.9158953216e-06
present_day,spherical,prediction_error,266,unet,2.0793103100e-06
present_day,spherical,prediction_error,267,bilinear,3.0089502488e-05
present_day,spherical,prediction_error,267,cca,4.8859210362e-06
present_day,spherical,prediction_error,267,unet,2.0753173546e-06
present_day,spherical,prediction_error,268,bilinear,3.3073637267e-05
present_day,spherical,prediction_error,268,cca,4.8878203257e-06
present_day,spherical,prediction_error,268,unet,2.0668141164e-06
present_day,spherical,prediction_error,269,bilinear,3.1407116323e-05
present_day,spherical,prediction_error,269,cca,4.8752822016e-06
present_day,spherical,prediction_error,269,unet,2.0718476953e-06
present_day,spherical,prediction_error,270,bilinear,2.9224380369e-05
present_day,spherical,prediction_error,270,cca,4.8380126572e-06
present_day,spherical,prediction_error,270,unet,2.0594152944e-06
present_day,spherical,prediction_error,271,bilinear,3.1336830473e-05
present_day,spherical,prediction_error,271,cca,4.8036232907e-06
present_day,spherical,prediction_error,271,unet,2.0557301263e-06
present_day,spherical,prediction_error,272,bilinear,2.8834034149e-05
present_day,spherical,prediction_error,272,cca,4.8090901963e-06
present_day,spherical,prediction_error,272,unet,2.0510129985e-06
present_day,spherical,prediction_error,273,bilinear,3.0008422915e-05
present_day,spherical,prediction_error,273,cca,4.7784859582e-06
present_day,spherical,prediction_error,273,unet,2.0351460595e-06
present_day,spherical,prediction_error,274,bilinear,3.0502519469e-05
present_day,spherical,prediction_error,274,cca,4.7106388466e-06
present_day,spherical,prediction_error,274,unet,2.0336549157e-06
present_day,spherical,prediction_error,275,bilinear,2.8083516089e-05
present_day,spherical,prediction_error,275,cca,4.7021567160e-06
present_day,spherical,prediction_error,275,unet,2.0316286778e-06
present_day,spherical,prediction_error,276,bilinear,3.1311713795e-05
present_day,spherical,prediction_error,276,cca,4.6811266035e-06
present_day,spherical,prediction_error,276,unet,2.0331038716e-06
present_day,spherical,prediction_error,277,bilinear,3.0442251302e-05
present_day,spherical,prediction_error,277,cca,4.6426633297e-06
present_day,spherical,prediction_error,277,unet,2.0144594800e-06
present_day,spherical,prediction_error,278,bilinear,2.9627057456e-05
present_day,spherical,prediction_error,278,cca,4.6167591821e-06
present_day,spherical,prediction_error,278,unet,2.0088236401e-06
present_day,spherical,prediction_error,279,bilinear,2.9126833127e-05
present_day,spherical,prediction_error,279,cca,4.6109183191e-06
present_day,spherical,prediction_error,279,unet,1.9960371047e-06
present_day,spherical,prediction_error,280,bilinear,3.0086564613e-05
present_day,spherical,prediction_error,280,cca,4.5739996573e-06
present_day,spherical,prediction_error,280,unet,1.9889286850e-06
present_day,spherical,prediction_error,281,bilinear,2.8798178962e-05
present_day,spherical,prediction_error,281,cca,4.5484010547e-06
present_day,spherical,prediction_error,281,unet,1.9828041916e-06
present_day,spherical,prediction_error,282,bilinear,3.0212899222e-05
present_day,spherical,prediction_error,282,cca,4.5112512321e-06
present_day,spherical,prediction_error,282,unet,1.9712023241e-06
present_day,spherical,prediction_error,283,bilinear,3.1268240862e-05
present_day,spherical,prediction_error,283,cca,4.4823362408e-06
present_day,spherical,prediction_error,283,unet,1.9656674757e-06
present_day,spherical,prediction_error,284,bilinear,2.9102624957e-05
present_day,spherical,prediction_error,284,cca,4.4509913468e-06
present_day,spherical,prediction_error,284,unet,1.9534043290e-06
present_day,spherical,prediction_error,285,bilinear,3.1152901817e-05
present_day,spherical,prediction_error,285,cca,4.4657217077e-06
present_day,spherical,prediction_error,285,unet,1.9634661657e-06
present_day,spherical,prediction_error,286,bilinear,2.9489362071e-05
present_day,spherical,prediction_error,286,cca,4.4266873692e-06
present_day,spherical,prediction_error,286,unet,1.9470496995e-06
present_day,spherical,prediction_error,287,bilinear,2.7319973436e-05
present_day,spherical,prediction_error,287,cca,4.3864808024e-06
present_day,spherical,prediction_error,287,unet,1.9365510423e-06
present_day,spherical,prediction_error,288,bilinear,2.7939354621e-05
present_day,spherical,prediction_error,288,cca,4.3833896496e-06
present_day,spherical,prediction_error,288,unet,1.9306315165e-06
present_day,spherical,prediction_error,289,bilinear,2.9410419604e-05
present_day,spherical,prediction_error,289,cca,4.3691934268e-06
present_day,spherical,prediction_error,289,unet,1.9336293712e-06
present_day,spherical,prediction_error,290,bilinear,2.9147992924e-05
present_day,spherical,prediction_error,290,cca,4.3257823143e-06
present_day,spherical,prediction_error,290,unet,1.9194201230e-06
present_day,spherical,prediction_error,291,bilinear,2.8349274198e-05
present_day,spherical,prediction_error,291,cca,4.2897195189e-06
present_day,spherical,prediction_error,291,unet,1.9097626692e-06
present_day,spherical,prediction_error,292,bilinear,3.0466405508e-05
present_day,spherical,prediction_error,292,cca,4.2659702029e-06
present_day,spherical,prediction_error,292,unet,1.9106336202e-06
present_day,spherical,prediction_error,293,bilinear,2.6921495358e-05
present_day,spherical,prediction_error,293,cca,4.2642452386e-06
present_day,spherical,prediction_error,293,unet,1.8969537985e-06
present_day,spherical,prediction_error,294,bilinear,2.7494155022e-05
present_day,spherical,prediction_error,294,cca,4.1777913948e-06
present_day,spherical,prediction_error,294,unet,1.8793343983e-06
present_day,spherical,prediction_error,295,bilinear,2.8318571655e-05
present_day,spherical,prediction_error,295,cca,4.1926888740e-06
present_day,spherical,prediction_error,295,unet,1.8872867060e-06
present_day,spherical,prediction_error,296,bilinear,2.8970298645e-05
present_day,spherical,prediction_error,296,cca,4.1801287779e-06
present_day,spherical,prediction_error,296,unet,1.8799102129e-06
present_day,spherical,prediction_error,297,bilinear,2.6682845730e-05
present_day,spherical,prediction_error,297,cca,4.1444799822e-06
present_day,spherical,prediction_error,297,unet,1.8655660014e-06
present_day,spherical,prediction_error,298,bilinear,2.5641244209e-05
present_day,spherical,prediction_error,298,cca,4.1235275407e-06
present_day,spherical,prediction_error,298,unet,1.8592177999e-06
present_day,spherical,prediction_error,299,bilinear,2.6489261460e-05
present_day,spherical,prediction_error,299,cca,4.0826057359e-06
present_day,spherical,prediction_error,299,unet,1.8467092266e-06
present_day,spherical,prediction_error,300,bilinear,2.7891122581e-05
present_day,spherical,prediction_error,300,cca,4.0610808456e-06
present_day,spherical,prediction_error,300,unet,1.8409029211e-06
present_day,spherical,prediction_error,301,bilinear,2.4410794760e-05
present_day,spherical,prediction_error,301,cca,4.0208381119e-06
present_day,spherical,prediction_error,301,unet,1.8327954181e-06
present_day,spherical,prediction_error,302,bilinear,2.5609955951e-05
present_day,spherical,prediction_error,302,cca,4.0108971179e-06
present_day,spherical,prediction_error,302,unet,1.8337680259e-06
present_day,spherical,prediction_error,303,bilinear,2.6554391570e-05
present_day,spherical,prediction_error,303,cca,3.9994467491e-06
present_day,spherical,prediction_error,303,unet,1.8261728850e-06
present_day,spherical,prediction_error,304,bilinear,2.3659733108e-05
present_day,spherical,prediction_error,304,cca,3.9608296721e-06
present_day,spherical,prediction_error,304,unet,1.8092695683e-06
present_day,spherical,prediction_error,305,bilinear,2.4133757810e-05
present_day,spherical,prediction_error,305,cca,3.9432297295e-06
present_day,spherical,prediction_error,305,unet,1.8049456567e-06
present_day,spherical,prediction_error,306,bilinear,2.5744859100e-05
present_day,spherical,prediction_error,306,cca,3.9249521123e-06
present_day,spherical,prediction_error,306,unet,1.7969436427e-06
present_day,spherical,prediction_error,307,bilinear,2.4944126357e-05
present_day,spherical,prediction_error,307,cca,3.9000594228e-06
present_day,spherical,prediction_error,307,unet,1.7930458346e-06
present_day,spherical,prediction_error,308,bilinear,2.2927215024e-05
present_day,spherical,prediction_error,308,cca,3.8799571272e-06
present_day,spherical,prediction_error,308,unet,1.7850925148e-06
present_day,spherical,prediction_error,309,bilinear,2.5606365245e-05
present_day,spherical,prediction_error,309,cca,3.8403477507e-06
present_day,spherical,prediction_error,309,unet,1.7820770396e-06
present_day,spherical,prediction_error,310,bilinear,2.4670822415e-05
present_day,spherical,prediction_error,310,cca,3.8047941358e-06
present_day,spherical,prediction_error,310,unet,1.7696077082e-06
present_day,spherical,prediction_error,311,bilinear,2.4501362104e-05
present_day,spherical,prediction_error,311,cca,3.8129461840e-06
present_day,spherical,prediction_error,311,unet,1.7648976258e-06
present_day,spherical,prediction_error,312,bilinear,2.3853472215e-05
present_day,spherical,prediction_error,312,cca,3.7743610529e-06
present_day,spherical,prediction_error,312,unet,1.7468816948e-06
present_day,spherical,prediction_error,313,bilinear,2.3958167586e-05
present_day,spherical,prediction_error,313,cca,3.7708193968e-06
present_day,spherical,prediction_error,313,unet,1.7432795266e-06
present_day,spherical,prediction_error,314,bilinear,2.3381837759e-05
present_day,spherical,prediction_error,314,cca,3.7442757421e-06
present_day,spherical,prediction_error,314,unet,1.7408320289e-06
present_day,spherical,prediction_error,315,bilinear,2.3725562505e-05
present_day,spherical,prediction_error,315,cca,3.7155322553e-06
present_day,spherical,prediction_error,315,unet,1.7330528856e-06
present_day,spherical,prediction_error,316,bilinear,2.1825481960e-05
present_day,spherical,prediction_error,316,cca,3.7026388667e-06
present_day,spherical,prediction_error,316,unet,1.7205914688e-06
present_day,spherical,prediction_error,317,bilinear,2.1439598555e-05
present_day,spherical,prediction_error,317,cca,3.6676185046e-06
present_day,spherical,prediction_error,317,unet,1.7112819700e-06
present_day,spherical,prediction_error,318,bilinear,2.2789394322e-05
present_day,spherical,prediction_error,318,cca,3.6647826980e-06
present_day,spherical,prediction_error,318,unet,1.7082301313e-06
present_day,spherical,prediction_error,319,bilinear,2.1658533990e-05
present_day,spherical,prediction_error,319,cca,3.6199868053e-06
present_day,spherical,prediction_error,319,unet,1.7004502219e-06
present_day,spherical,prediction_error,320,bilinear,2.2881053957e-05
present_day,spherical,prediction_error,320,cca,3.6045105345e-06
present_day,spherical,prediction_error,320,unet,1.6971378290e-06
present_day,spherical,prediction_error,321,bilinear,2.3886647077e-05
present_day,spherical,prediction_error,321,cca,3.5695107163e-06
present_day,spherical,prediction_error,321,unet,1.6835631160e-06
present_day,spherical,prediction_error,322,bilinear,2.2239913356e-05
present_day,spherical,prediction_error,322,cca,3.5550795303e-06
present_day,spherical,prediction_error,322,unet,1.6746812139e-06
present_day,spherical,prediction_error,323,bilinear,2.1145527677e-05
present_day,spherical,prediction_error,323,cca,3.5306362671e-06
present_day,spherical,prediction_error,323,unet,1.6747522672e-06
present_day,spherical,prediction_error,324,bilinear,2.1642056055e-05
present_day,spherical,prediction_error,324,cca,3.5103348486e-06
present_day,spherical,prediction_error,324,unet,1.6575643554e-06
present_day,spherical,prediction_error,325,bilinear,2.2621437690e-05
present_day,spherical,prediction_error,325,cca,3.4708343641e-06
present_day,spherical,prediction_error,325,unet,1.6458255977e-06
present_day,spherical,prediction_error,326,bilinear,2.0839239023e-05
present_day,spherical,prediction_error,326,cca,3.4589936435e-06
present_day,spherical,prediction_error,326,unet,1.6378858398e-06
present_day,spherical,prediction_error,327,bilinear,1.9192931099e-05
present_day,spherical,prediction_error,327,cca,3.4322135158e-06
present_day,spherical,prediction_error,327,unet,1.6361687057e-06
present_day,spherical,prediction_error,328,bilinear,2.1638752592e-05
present_day,spherical,prediction_error,328,cca,3.4275465360e-06
present_day,spherical,prediction_error,328,unet,1.6264585089e-06
present_day,spherical,prediction_error,329,bilinear,2.1409345341e-05
present_day,spherical,prediction_error,329,cca,3.4115846001e-06
present_day,spherical,prediction_error,329,unet,1.6189826888e-06
present_day,spherical,prediction_error,330,bilinear,1.7240629163e-05
present_day,spherical,prediction_error,330,cca,3.4021913906e-06
present_day,spherical,prediction_error,330,unet,1.6130983469e-06
present_day,spherical,prediction_error,331,bilinear,2.0196546397e-05
present_day,spherical,prediction_error,331,cca,3.3661848908e-06
present_day,spherical,prediction_error,331,unet,1.6065702887e-06
present_day,spherical,prediction_error,332,bilinear,1.9132446945e-05
present_day,spherical,prediction_error,332,cca,3.3407643348e-06
present_day,spherical,prediction_error,332,unet,1.5997554999e-06
present_day,spherical,prediction_error,333,bilinear,1.8519363136e-05
present_day,spherical,prediction_error,333,cca,3.3189582257e-06
present_day,spherical,prediction_error,333,unet,1.5888183666e-06
present_day,spherical,prediction_error,334,bilinear,1.9344871856e-05
present_day,spherical,prediction_error,334,cca,3.3151334009e-06
present_day,spherical,prediction_error,334,unet,1.5879719743e-06
present_day,spherical,prediction_error,335,bilinear,1.9680959051e-05
present_day,spherical,prediction_error,335,cca,3.2809601546e-06
present_day,spherical,prediction_error,335,unet,1.5752355583e-06
present_day,spherical,prediction_error,336,bilinear,1.8786232335e-05
present_day,spherical,prediction_error,336,cca,3.2769046341e-06
present_day,spherical,prediction_error,336,unet,1.5716538249e-06
present_day,spherical,prediction_error,337,bilinear,1.9389389361e-05
present_day,spherical,prediction_error,337,cca,3.2469442005e-06
present_day,spherical,prediction_error,337,unet,1.5622465692e-06
present_day,spherical,prediction_error,338,bilinear,2.0247502214e-05
present_day,spherical,prediction_error,338,cca,3.2269487403e-06
present_day,spherical,prediction_error,338,unet,1.5515678989e-06
present_day,spherical,prediction_error,339,bilinear,1.8783315424e-05
present_day,spherical,prediction_error,339,cca,3.2129043281e-06
present_day,spherical,prediction_error,339,unet,1.5444058669e-06
present_day,spherical,prediction_error,340,bilinear,1.9153154893e-05
present_day,spherical,prediction_error,340,cca,3.1775797545e-06
present_day,spherical,prediction_error,340,unet,1.5354420345e-06
present_day,spherical,prediction_error,341,bilinear,1.9191542263e-05
present_day,spherical,prediction_error,341,cca,3.1499909529e-06
present_day,spherical,prediction_error,341,unet,1.5299410349e-06
present_day,spherical,prediction_error,342,bilinear,1.8809778796e-05
present_day,spherical,prediction_error,342,cca,3.1336503833e-06
present_day,spherical,prediction_error,342,unet,1.5239264337e-06
present_day,spherical,prediction_error,343,bilinear,1.8121599016e-05
present_day,spherical,prediction_error,343,cca,3.1157159972e-06
present_day,spherical,prediction_error,343,unet,1.5144189379e-06
present_day,spherical,prediction_error,344,bilinear,1.7271571854e-05
present_day,spherical,prediction_error,344,cca,3.1050133969e-06
present_day,spherical,prediction_error,344,unet,1.5166568312e-06
present_day,spherical,prediction_error,345,bilinear,1.7727556489e-05
present_day,spherical,prediction_error,345,cca,3.0855301944e-06
present_day,spherical,prediction_error,345,unet,1.5027677254e-06
present_day,spherical,prediction_error,346,bilinear,1.7894764354e-05
present_day,spherical,prediction_error,346,cca,3.0628794304e-06
present_day,spherical,prediction_error,346,unet,1.4995062039e-06
present_day,spherical,prediction_error,347,bilinear,1.7726706707e-05
present_day,spherical,prediction_error,347,cca,3.0479720164e-06
present_day,spherical,prediction_error,347,unet,1.4947340232e-06
present_day,spherical,prediction_error,348,bilinear,1.7436121665e-05
present_day,spherical,prediction_error,348,cca,3.0354206571e-06
present_day,spherical,prediction_error,348,unet,1.4852362692e-06
present_day,spherical,prediction_error,349,bilinear,1.7580170970e-05
present_day,spherical,prediction_error,349,cca,3.0061060877e-06
present_day,spherical,prediction_error,349,unet,1.4802517393e-06
present_day,spherical,prediction_error,350,bilinear,1.7099668823e-05
present_day,spherical,prediction_error,350,cca,2.9889667802e-06
present_day,spherical,prediction_error,350,unet,1.4657134736e-06
present_day,spherical,prediction_error,351,bilinear,1.7255722427e-05
present_day,spherical,prediction_error,351,cca,2.9675147866e-06
present_day,spherical,prediction_error,351,unet,1.4670871923e-06
present_day,spherical,prediction_error,352,bilinear,1.7346259411e-05
present_day,spherical,prediction_error,352,cca,2.9586083366e-06
present_day,spherical,prediction_error,352,unet,1.4631890680e-06
present_day,spherical,prediction_error,353,bilinear,1.7050144479e-05
present_day,spherical,prediction_error,353,cca,2.9364570542e-06
present_day,spherical,prediction_error,353,unet,1.4500128939e-06
present_day,spherical,prediction_error,354,bilinear,1.7199744216e-05
present_day,spherical,prediction_error,354,cca,2.9087333763e-06
present_day,spherical,prediction_error,354,unet,1.4451694902e-06
present_day,spherical,prediction_error,355,bilinear,1.7349410875e-05
present_day,spherical,prediction_error,355,cca,2.9065863561e-06
present_day,spherical,prediction_error,355,unet,1.4414682323e-06
present_day,spherical,prediction_error,356,bilinear,1.6521879207e-05
present_day,spherical,prediction_error,356,cca,2.8787559432e-06
present_day,spherical,prediction_error,356,unet,1.4277626682e-06
present_day,spherical,prediction_error,357,bilinear,1.6903290846e-05
present_day,spherical,prediction_error,357,cca,2.8694104370e-06
present_day,spherical,prediction_error,357,unet,1.4249954020e-06
present_day,spherical,prediction_error,358,bilinear,1.6016638984e-05
present_day,spherical,prediction_error,358,cca,2.8486455163e-06
present_day,spherical,prediction_error,358,unet,1.4168208274e-06
present_day,spherical,prediction_error,359,bilinear,1.4665488757e-05
present_day,spherical,prediction_error,359,cca,2.8311508441e-06
present_day,spherical,prediction_error,359,unet,1.4134673249e-06
present_day,spherical,prediction_error,360,bilinear,1.5824567041e-05
present_day,spherical,prediction_error,360,cca,2.8048180746e-06
present_day,spherical,prediction_error,360,unet,1.4048244012e-06
present_day,spherical,prediction_error,361,bilinear,1.5616329050e-05
present_day,spherical,prediction_error,361,cca,2.7896154202e-06
present_day,spherical,prediction_error,361,unet,1.3968450658e-06
present_day,spherical,prediction_error,362,bilinear,1.5332226612e-05
present_day,spherical,prediction_error,362,cca,2.7766092383e-06
present_day,spherical,prediction_error,362,unet,1.3883213286e-06
present_day,spherical,prediction_error,363,bilinear,1.4124385624e-05
present_day,spherical,prediction_error,363,cca,2.7568478635e-06
present_day,spherical,prediction_error,363,unet,1.3825237332e-06
present_day,spherical,prediction_error,364,bilinear,1.5534541000e-05
present_day,spherical,prediction_error,364,cca,2.7331914919e-06
present_day,spherical,prediction_error,364,unet,1.3769187494e-06
present_day,spherical,prediction_error,365,bilinear,1.3896024238e-05
present_day,spherical,prediction_error,365,cca,2.7251793689e-06
present_day,spherical,prediction_error,365,unet,1.3705953197e-06
present_day,spherical,prediction_error,366,bilinear,1.4193662058e-05
present_day,spherical,prediction_error,366,cca,2.7099788475e-06
present_day,spherical,prediction_error,366,unet,1.3621112189e-06
present_day,spherical,prediction_error,367,bilinear,1.4278227542e-05
present_day,spherical,prediction_error,367,cca,2.6973264470e-06
present_day,spherical,prediction_error,367,unet,1.3570712644e-06
present_day,spherical,prediction_error,368,bilinear,1.3811030269e-05
present_day,spherical,prediction_error,368,cca,2.6825230336e-06
present_day,spherical,prediction_error,368,unet,1.3517546521e-06
present_day,spherical,prediction_error,369,bilinear,1.3727221100e-05
present_day,spherical,prediction_error,369,cca,2.6614063243e-06
present_day,spherical,prediction_error,369,unet,1.3425589144e-06
present_day,spherical,prediction_error,370,bilinear,1.3656164782e-05
present_day,spherical,prediction_error,370,cca,2.6536341979e-06
present_day,spherical,prediction_error,370,unet,1.3380706814e-06
present_day,spherical,prediction_error,371,bilinear,1.4031856946e-05
present_day,spherical,prediction_error,371,cca,2.6247908210e-06
present_day,spherical,prediction_error,371,unet,1.3320134321e-06
present_day,spherical,prediction_error,372,bilinear,1.3407481589e-05
present_day,spherical,prediction_error,372,cca,2.6153323841e-06
present_day,spherical,prediction_error,372,unet,1.3286594855e-06
present_day,spherical,prediction_error,373,bilinear,1.3654259808e-05
present_day,spherical,prediction_error,373,cca,2.5913840355e-06
present_day,spherical,prediction_error,373,unet,1.3142825005e-06
present_day,spherical,prediction_error,374,bilinear,1.3570903141e-05
present_day,spherical,prediction_error,374,cca,2.5776746389e-06
present_day,spherical,prediction_error,374,unet,1.3113057149e-06
present_day,spherical,prediction_error,375,bilinear,1.2988861448e-05
present_day,spherical,prediction_error,375,cca,2.5714868414e-06
present_day,spherical,prediction_error,375,unet,1.3040874931e-06
present_day,spherical,prediction_error,376,bilinear,1.2927238062e-05
present_day,spherical,prediction_error,376,cca,2.5547787668e-06
present_day,spherical,prediction_error,376,unet,1.2982566446e-06
present_day,spherical,prediction_error,377,bilinear,1.2665462733e-05
present_day,spherical,prediction_error,377,cca,2.5435473263e-06
present_day,spherical,prediction_error,377,unet,1.2973004207e-06
present_day,spherical,prediction_error,378,bilinear,1.3584676753e-05
present_day,spherical,prediction_error,378,cca,2.5265840203e-06
present_day,spherical,prediction_error,378,unet,1.2867698108e-06
present_day,spherical,prediction_error,379,bilinear,1.3563358500e-05
present_day,spherical,prediction_error,379,cca,2.5172822030e-06
present_day,spherical,prediction_error,379,unet,1.2842706526e-06
present_day,spherical,prediction_error,380,bilinear,1.2527990375e-05
present_day,spherical,prediction_error,380,cca,2.5047822228e-06
present_day,spherical,prediction_error,380,unet,1.2766777090e-06
present_day,spherical,prediction_error,381,bilinear,1.2716604293e-05
present_day,spherical,prediction_error,381,cca,2.4893726239e-06
present_day,spherical,prediction_error,381,unet,1.2718689802e-06
present_day,spherical,prediction_error,382,bilinear,1.3058847335e-05
present_day,spherical,prediction_error,382,cca,2.4903150576e-06
present_day,spherical,prediction_error,382,unet,1.2715217692e-06
present_day,spherical,prediction_error,383,bilinear,1.2478468164e-05
present_day,spherical,prediction_error,383,cca,2.4683781031e-06
present_day,spherical,prediction_error,383,unet,1.2623563408e-06
present_day,spherical,prediction_error,384,bilinear,1.2574123654e-05
present_day,spherical,prediction_error,384,cca,2.4575645902e-06
present_day,spherical,prediction_error,384,unet,1.2554668766e-06
present_day,spherical,prediction_error,385,bilinear,1.2068881092e-05
present_day,spherical,prediction_error,385,cca,2.4424799156e-06
present_day,spherical,prediction_error,385,unet,1.2450726003e-06
present_day,spherical,prediction_error,386,bilinear,1.2346971669e-05
present_day,spherical,prediction_error,386,cca,2.4392721979e-06
present_day,spherical,prediction_error,386,unet,1.2461879464e-06
present_day,spherical,prediction_error,387,bilinear,1.2418784652e-05
present_day,spherical,prediction_error,387,cca,2.4174274438e-06
present_day,spherical,prediction_error,387,unet,1.2408601266e-06
present_day,spherical,prediction_error,388,bilinear,1.2460522429e-05
present_day,spherical,prediction_error,388,cca,2.4017639930e-06
present_day,spherical,prediction_error,388,unet,1.2332720320e-06
present_day,spherical,prediction_error,389,bilinear,1.2434788365e-05
present_day,spherical,prediction_error,389,cca,2.3869788963e-06
present_day,spherical,prediction_error,389,unet,1.2268610603e-06
present_day,spherical,prediction_error,390,bilinear,1.1190983067e-05
present_day,spherical,prediction_error,390,cca,2.3766340886e-06
present_day,spherical,prediction_error,390,unet,1.2240003183e-06
present_day,spherical,prediction_error,391,bilinear,1.2062691351e-05
present_day,spherical,prediction_error,391,cca,2.3722644111e-06
present_day,spherical,prediction_error,391,unet,1.2154710179e-06
present_day,spherical,prediction_error,392,bilinear,1.1803274395e-05
present_day,spherical,prediction_error,392,cca,2.3438712358e-06
present_day,spherical,prediction_error,392,unet,1.2136036948e-06
present_day,spherical,prediction_error,393,bilinear,1.1701560932e-05
present_day,spherical,prediction_error,393,cca,2.3428891865e-06
present_day,spherical,prediction_error,393,unet,1.2072327044e-06
present_day,spherical,prediction_error,394,bilinear,1.1985735359e-05
present_day,spherical,prediction_error,394,cca,2.3160024892e-06
present_day,spherical,prediction_error,394,unet,1.1990990013e-06
present_day,spherical,prediction_error,395,bilinear,1.1549619308e-05
present_day,spherical,prediction_error,395,cca,2.3043041891e-06
present_day,spherical,prediction_error,395,unet,1.1908559696e-06
present_day,spherical,prediction_error,396,bilinear,1.1886689174e-05
present_day,spherical,prediction_error,396,cca,2.3002217468e-06
present_day,spherical,prediction_error,396,unet,1.1886650038e-06
present_day,spherical,prediction_error,397,bilinear,1.1498441278e-05
present_day,spherical,prediction_error,397,cca,2.2777620711e-06
present_day,spherical,prediction_error,397,unet,1.1836841441e-06
present_day,spherical,prediction_error,398,bilinear,1.2080044639e-05
present_day,spherical,prediction_error,398,cca,2.2680882913e-06
present_day,spherical,prediction_error,398,unet,1.1794967794e-06
present_day,spherical,prediction_error,399,bilinear,1.1594432845e-05
present_day,spherical,prediction_error,399,cca,2.2550626437e-06
present_day,spherical,prediction_error,399,unet,1.1725921111e-06
present_day,spherical,prediction_error,400,bilinear,1.1539909800e-05
present_day,spherical,prediction_error,400,cca,2.2512530660e-06
present_day,spherical,prediction_error,400,unet,1.1689514795e-06
present_day,spherical,prediction_error,401,bilinear,1.1641549399e-05
present_day,spherical,prediction_error,401,cca,2.2311783474e-06
present_day,spherical,prediction_error,401,unet,1.1580504974e-06
present_day,spherical,prediction_error,402,bilinear,1.1048690214e-05
present_day,spherical,prediction_error,402,cca,2.2229069620e-06
present_day,spherical,prediction_error,402,unet,1.1579868277e-06
present_day,spherical,prediction_error,403,bilinear,1.1373029530e-05
present_day,spherical,prediction_error,403,cca,2.2156299780e-06
present_day,spherical,prediction_error,403,unet,1.1537259917e-06
present_day,spherical,prediction_error,404,bilinear,1.1379751667e-05
present_day,spherical,prediction_error,404,cca,2.1965228640e-06
present_day,spherical,prediction_error,404,unet,1.1455632311e-06
present_day,spherical,prediction_error,405,bilinear,1.0070047887e-05
present_day,spherical,prediction_error,405,cca,2.1951005010e-06
present_day,spherical,prediction_error,405,unet,1.1413860127e-06
present_day,spherical,prediction_error,406,bilinear,1.1479493195e-05
present_day,spherical,prediction_error,406,cca,2.1806847216e-06
present_day,spherical,prediction_error,406,unet,1.1354683618e-06
present_day,spherical,prediction_error,407,bilinear,1.0772992778e-05
present_day,spherical,prediction_error,407,cca,2.1683223854e-06
present_day,spherical,prediction_error,407,unet,1.1314589360e-06
present_day,spherical,prediction_error,408,bilinear,1.0597342115e-05
present_day,spherical,prediction_error,408,cca,2.1562161751e-06
present_day,spherical,prediction_error,408,unet,1.1245484040e-06
present_day,spherical,prediction_error,409,bilinear,1.1024120741e-05
present_day,spherical,prediction_error,409,cca,2.1403362214e-06
present_day,spherical,prediction_error,409,unet,1.1170723280e-06
present_day,spherical,prediction_error,410,bilinear,1.0909660224e-05
present_day,spherical,prediction_error,410,cca,2.1376934551e-06
present_day,spherical,prediction_error,410,unet,1.1170120458e-06
present_day,spherical,prediction_error,411,bilinear,9.9785453252e-06
present_day,spherical,prediction_error,411,cca,2.1249828728e-06
present_day,spherical,prediction_error,411,unet,1.1111348709e-06
present_day,spherical,prediction_error,412,bilinear,1.0401740884e-05
present_day,spherical,prediction_error,412,cca,2.1063756674e-06
present_day,spherical,prediction_error,412,unet,1.1019777857e-06
present_day,spherical,prediction_error,413,bilinear,1.0670843003e-05
present_day,spherical,prediction_error,413,cca,2.0951350473e-06
present_day,spherical,prediction_error,413,unet,1.0997962538e-06
present_day,spherical,prediction_error,414,bilinear,9.7949518492e-06
present_day,spherical,prediction_error,414,cca,2.0910611337e-06
present_day,spherical,prediction_error,414,unet,1.0950272650e-06
present_day,spherical,prediction_error,415,bilinear,1.0858027607e-05
present_day,spherical,prediction_error,415,cca,2.0763076119e-06
present_day,spherical,prediction_error,415,unet,1.0900541482e-06
present_day,spherical,prediction_error,416,bilinear,1.0422338134e-05
present_day,spherical,prediction_error,416,cca,2.0763647536e-06
present_day,spherical,prediction_error,416,unet,1.0819208033e-06
present_day,spherical,prediction_error,417,bilinear,1.0522703846e-05
present_day,spherical,prediction_error,417,cca,2.0684733955e-06
present_day,spherical,prediction_error,417,unet,1.0780052702e-06
present_day,spherical,prediction_error,418,bilinear,1.0162435618e-05
present_day,spherical,prediction_error,418,cca,2.0492765681e-06
present_day,spherical,prediction_error,418,unet,1.0750811383e-06
present_day,spherical,prediction_error,419,bilinear,9.9488396021e-06
present_day,spherical,prediction_error,419,cca,2.0458147596e-06
present_day,spherical,prediction_error,419,unet,1.0721771358e-06
present_day,spherical,prediction_error,420,bilinear,1.0221358942e-05
present_day,spherical,prediction_error,420,cca,2.0283358750e-06
present_day,spherical,prediction_error,420,unet,1.0665012444e-06
present_day,spherical,prediction_error,421,bilinear,9.7709580389e-06
present_day,spherical,prediction_error,421,cca,2.0248467494e-06
present_day,spherical,prediction_error,421,unet,1.0572926263e-06
present_day,spherical,prediction_error,422,bilinear,1.0025298560e-05
present_day,spherical,prediction_error,422,cca,2.0107867965e-06
present_day,spherical,prediction_error,422,unet,1.0569178639e-06
present_day,spherical,prediction_error,423,bilinear,9.7975845896e-06
present_day,spherical,prediction_error,423,cca,2.0076087151e-06
present_day,spherical,prediction_error,423,unet,1.0501026817e-06
present_day,spherical,prediction_error,424,bilinear,1.0221523957e-05
present_day,spherical,prediction_error,424,cca,1.9912546633e-06
present_day,spherical,prediction_error,424,unet,1.0458452914e-06
present_day,spherical,prediction_error,425,bilinear,9.9168437382e-06
present_day,spherical,prediction_error,425,cca,1.9823537458e-06
present_day,spherical,prediction_error,425,unet,1.0407087276e-06
present_day,spherical,prediction_error,426,bilinear,9.9995413728e-06
present_day,spherical,prediction_error,426,cca,1.9650359461e-06
present_day,spherical,prediction_error,426,unet,1.0344975922e-06
present_day,zonal,prediction_error,1,bilinear,4.2367758164e-03
present_day,zonal,prediction_error,1,cca,8.7518652847e-04
present_day,zonal,prediction_error,1,unet,2.5498881143e-04
present_day,zonal,prediction_error,2,bilinear,4.3412927575e-03
present_day,zonal,prediction_error,2,cca,8.5950351429e-04
present_day,zonal,prediction_error,2,unet,2.5426489740e-04
present_day,zonal,prediction_error,3,bilinear,4.0417218716e-03
present_day,zonal,prediction_error,3,cca,8.3961514413e-04
present_day,zonal,prediction_error,3,unet,2.5012621627e-04
present_day,zonal,prediction_error,4,bilinear,3.7273838286e-03
present_day,zonal,prediction_error,4,cca,8.1994194505e-04
present_day,zonal,prediction_error,4,unet,2.4780818273e-04
present_day,zonal,prediction_error,5,bilinear,3.9840119463e-03
present_day,zonal,prediction_error,5,cca,8.0949254394e-04
present_day,zonal,prediction_error,5,unet,2.4596381745e-04
present_day,zonal,prediction_error,6,bilinear,3.8248820894e-03
present_day,zonal,prediction_error,6,cca,7.9143465641e-04
present_day,zonal,prediction_error,6,unet,2.4403663545e-04
present_day,zonal,prediction_error,7,bilinear,3.4465402182e-03
present_day,zonal,prediction_error,7,cca,7.7823446987e-04
present_day,zonal,prediction_error,7,unet,2.4075108664e-04
present_day,zonal,prediction_error,8,bilinear,3.3231481168e-03
present_day,zonal,prediction_error,8,cca,7.6484167571e-04
present_day,zonal,prediction_error,8,unet,2.3899938690e-04
present_day,zonal,prediction_error,9,bilinear,3.3808740579e-03
present_day,zonal,prediction_error,9,cca,7.4360421613e-04
present_day,zonal,prediction_error,9,unet,2.3661636708e-04
present_day,zonal,prediction_error,10,bilinear,3.3926889678e-03
present_day,zonal,prediction_error,10,cca,7.2727128924e-04
present_day,zonal,prediction_error,10,unet,2.3404637622e-04
present_day,zonal,prediction_error,11,bilinear,2.9719824298e-03
present_day,zonal,prediction_error,11,cca,7.2008302701e-04
present_day,zonal,prediction_error,11,unet,2.3325278050e-04
present_day,zonal,prediction_error,12,bilinear,3.3103289608e-03
present_day,zonal,prediction_error,12,cca,7.0558904696e-04
present_day,zonal,prediction_error,12,unet,2.3007242859e-04
present_day,zonal,prediction_error,13,bilinear,3.1504010090e-03
present_day,zonal,prediction_error,13,cca,6.9548593955e-04
present_day,zonal,prediction_error,13,unet,2.2976221501e-04
present_day,zonal,prediction_error,14,bilinear,3.2453281409e-03
present_day,zonal,prediction_error,14,cca,6.8694388624e-04
present_day,zonal,prediction_error,14,unet,2.2792348248e-04
present_day,zonal,prediction_error,15,bilinear,3.2402385107e-03
present_day,zonal,prediction_error,15,cca,6.7619095452e-04
present_day,zonal,prediction_error,15,unet,2.2598073151e-04
present_day,zonal,prediction_error,16,bilinear,3.2981769304e-03
present_day,zonal,prediction_error,16,cca,6.6120154134e-04
present_day,zonal,prediction_error,16,unet,2.2154859308e-04
present_day,zonal,prediction_error,17,bilinear,3.4327642724e-03
present_day,zonal,prediction_error,17,cca,6.5354612492e-04
present_day,zonal,prediction_error,17,unet,2.2058837877e-04
present_day,zonal,prediction_error,18,bilinear,3.1370541905e-03
present_day,zonal,prediction_error,18,cca,6.3829791926e-04
present_day,zonal,prediction_error,18,unet,2.1757277675e-04
present_day,zonal,prediction_error,19,bilinear,2.9100413609e-03
present_day,zonal,prediction_error,19,cca,6.2992974930e-04
present_day,zonal,prediction_error,19,unet,2.1590920111e-04
present_day,zonal,prediction_error,20,bilinear,3.0294046194e-03
present_day,zonal,prediction_error,20,cca,6.2170372680e-04
present_day,zonal,prediction_error,20,unet,2.1416060290e-04
present_day,zonal,prediction_error,21,bilinear,2.9888756945e-03
present_day,zonal,prediction_error,21,cca,6.1317360741e-04
present_day,zonal,prediction_error,21,unet,2.1100506851e-04
present_day,zonal,prediction_error,22,bilinear,2.9946674285e-03
present_day,zonal,prediction_error,22,cca,6.0061113083e-04
present_day,zonal,prediction_error,22,unet,2.0898538710e-04
present_day,zonal,prediction_error,23,bilinear,2.9469059928e-03
present_day,zonal,prediction_error,23,cca,5.8728216692e-04
present_day,zonal,prediction_error,23,unet,2.0786306422e-04
present_day,zonal,prediction_error,24,bilinear,3.1203267280e-03
present_day,zonal,prediction_error,24,cca,5.7775545828e-04
present_day,zonal,prediction_error,24,unet,2.0509608372e-04
present_day,zonal,prediction_error,25,bilinear,3.1019623564e-03
present_day,zonal,prediction_error,25,cca,5.7384751894e-04
present_day,zonal,prediction_error,25,unet,2.0274206794e-04
present_day,zonal,prediction_error,26,bilinear,3.1341868981e-03
present_day,zonal,prediction_error,26,cca,5.6424859857e-04
present_day,zonal,prediction_error,26,unet,2.0068388001e-04
present_day,zonal,prediction_error,27,bilinear,3.0688417444e-03
present_day,zonal,prediction_error,27,cca,5.5609712885e-04
present_day,zonal,prediction_error,27,unet,1.9942910329e-04
present_day,zonal,prediction_error,28,bilinear,3.1376592219e-03
present_day,zonal,prediction_error,28,cca,5.4637086932e-04
present_day,zonal,prediction_error,28,unet,1.9782766386e-04
present_day,zonal,prediction_error,29,bilinear,2.9760837308e-03
present_day,zonal,prediction_error,29,cca,5.3900943847e-04
present_day,zonal,prediction_error,29,unet,1.9630821670e-04
present_day,zonal,prediction_error,30,bilinear,2.8676017548e-03
present_day,zonal,prediction_error,30,cca,5.3263754156e-04
present_day,zonal,prediction_error,30,unet,1.9398162431e-04
present_day,zonal,prediction_error,31,bilinear,2.7835175195e-03
present_day,zonal,prediction_error,31,cca,5.2671896964e-04
present_day,zonal,prediction_error,31,unet,1.9203274831e-04
present_day,zonal,prediction_error,32,bilinear,2.8363591276e-03
present_day,zonal,prediction_error,32,cca,5.2192207166e-04
present_day,zonal,prediction_error,32,unet,1.9100379951e-04
present_day,zonal,prediction_error,33,bilinear,2.7686270482e-03
present_day,zonal,prediction_error,33,cca,5.1558266604e-04
present_day,zonal,prediction_error,33,unet,1.8883063700e-04
present_day,zonal,prediction_error,34,bilinear,2.6901239866e-03
present_day,zonal,prediction_error,34,cca,5.0915073493e-04
present_day,zonal,prediction_error,34,unet,1.8727571477e-04
present_day,zonal,prediction_error,35,bilinear,2.5709446230e-03
present_day,zonal,prediction_error,35,cca,5.0022241446e-04
present_day,zonal,prediction_error,35,unet,1.8504624071e-04
present_day,zonal,prediction_error,36,bilinear,2.5487866652e-03
present_day,zonal,prediction_error,36,cca,4.9353696629e-04
present_day,zonal,prediction_error,36,unet,1.8307048248e-04
present_day,zonal,prediction_error,37,bilinear,2.5322544994e-03
present_day,zonal,prediction_error,37,cca,4.8867484529e-04
present_day,zonal,prediction_error,37,unet,1.8142762914e-04
present_day,zonal,prediction_error,38,bilinear,2.7967477002e-03
present_day,zonal,prediction_error,38,cca,4.8230513385e-04
present_day,zonal,prediction_error,38,unet,1.7970906117e-04
present_day,zonal,prediction_error,39,bilinear,2.6990552450e-03
present_day,zonal,prediction_error,39,cca,4.7808363445e-04
present_day,zonal,prediction_error,39,unet,1.7887322750e-04
present_day,zonal,prediction_error,40,bilinear,2.9650924665e-03
present_day,zonal,prediction_error,40,cca,4.7281539844e-04
present_day,zonal,prediction_error,40,unet,1.7609618800e-04
present_day,zonal,prediction_error,41,bilinear,2.9057502865e-03
present_day,zonal,prediction_error,41,cca,4.6477113437e-04
present_day,zonal,prediction_error,41,unet,1.7477088636e-04
present_day,zonal,prediction_error,42,bilinear,3.0217240784e-03
present_day,zonal,prediction_error,42,cca,4.6205579638e-04
present_day,zonal,prediction_error,42,unet,1.7277308603e-04
present_day,zonal,prediction_error,43,bilinear,2.8116625439e-03
present_day,zonal,prediction_error,43,cca,4.5767861578e-04
present_day,zonal,prediction_error,43,unet,1.7128307010e-04
present_day,zonal,prediction_error,44,bilinear,2.7230133892e-03
present_day,zonal,prediction_error,44,cca,4.5291203646e-04
present_day,zonal,prediction_error,44,unet,1.6920847092e-04
present_day,zonal,prediction_error,45,bilinear,2.2208846121e-03
present_day,zonal,prediction_error,45,cca,4.4575510175e-04
present_day,zonal,prediction_error,45,unet,1.6761390895e-04
present_day,zonal,prediction_error,46,bilinear,2.1580416185e-03
present_day,zonal,prediction_error,46,cca,4.4322545458e-04
present_day,zonal,prediction_error,46,unet,1.6714043151e-04
present_day,zonal,prediction_error,47,bilinear,2.1960163174e-03
present_day,zonal,prediction_error,47,cca,4.3880719560e-04
present_day,zonal,prediction_error,47,unet,1.6486418439e-04
present_day,zonal,prediction_error,48,bilinear,2.6768233198e-03
present_day,zonal,prediction_error,48,cca,4.3185969401e-04
present_day,zonal,prediction_error,48,unet,1.6432166290e-04
present_day,zonal,prediction_error,49,bilinear,2.6130501566e-03
present_day,zonal,prediction_error,49,cca,4.2723797877e-04
present_day,zonal,prediction_error,49,unet,1.6168637723e-04
present_day,zonal,prediction_error,50,bilinear,2.6180476877e-03
present_day,zonal,prediction_error,50,cca,4.2164269833e-04
present_day,zonal,prediction_error,50,unet,1.6017665249e-04
present_day,zonal,prediction_error,51,bilinear,2.2908333188e-03
present_day,zonal,prediction_error,51,cca,4.2115489953e-04
present_day,zonal,prediction_error,51,unet,1.5957418479e-04
present_day,zonal,prediction_error,52,bilinear,2.1244472258e-03
present_day,zonal,prediction_error,52,cca,4.1331883672e-04
present_day,zonal,prediction_error,52,unet,1.5942977651e-04
present_day,zonal,prediction_error,53,bilinear,2.0353903899e-03
present_day,zonal,prediction_error,53,cca,4.1110270010e-04
present_day,zonal,prediction_error,53,unet,1.5659193086e-04
present_day,zonal,prediction_error,54,bilinear,2.2078196416e-03
present_day,zonal,prediction_error,54,cca,4.0469184914e-04
present_day,zonal,prediction_error,54,unet,1.5424858930e-04
present_day,zonal,prediction_error,55,bilinear,2.2310109118e-03
present_day,zonal,prediction_error,55,cca,4.0334040645e-04
present_day,zonal,prediction_error,55,unet,1.5290114041e-04
present_day,zonal,prediction_error,56,bilinear,2.2749753965e-03
present_day,zonal,prediction_error,56,cca,3.9885188724e-04
present_day,zonal,prediction_error,56,unet,1.5170444656e-04
present_day,zonal,prediction_error,57,bilinear,2.0666227408e-03
present_day,zonal,prediction_error,57,cca,3.9703768033e-04
present_day,zonal,prediction_error,57,unet,1.5070095824e-04
present_day,zonal,prediction_error,58,bilinear,2.0599450497e-03
present_day,zonal,prediction_error,58,cca,3.9219320475e-04
present_day,zonal,prediction_error,58,unet,1.4891531709e-04
present_day,zonal,prediction_error,59,bilinear,2.0777525977e-03
present_day,zonal,prediction_error,59,cca,3.8919089671e-04
present_day,zonal,prediction_error,59,unet,1.4824467166e-04
present_day,zonal,prediction_error,60,bilinear,2.2282671269e-03
present_day,zonal,prediction_error,60,cca,3.8570042270e-04
present_day,zonal,prediction_error,60,unet,1.4677785433e-04
present_day,zonal,prediction_error,61,bilinear,2.1851643986e-03
present_day,zonal,prediction_error,61,cca,3.8202149513e-04
present_day,zonal,prediction_error,61,unet,1.4576821541e-04
present_day,zonal,prediction_error,62,bilinear,2.4050681601e-03
present_day,zonal,prediction_error,62,cca,3.7639874335e-04
present_day,zonal,prediction_error,62,unet,1.4420689487e-04
present_day,zonal,prediction_error,63,bilinear,2.1757323240e-03
present_day,zonal,prediction_error,63,cca,3.7276860006e-04
present_day,zonal,prediction_error,63,unet,1.4279924019e-04
present_day,zonal,prediction_error,64,bilinear,2.1378329165e-03
present_day,zonal,prediction_error,64,cca,3.6970138310e-04
present_day,zonal,prediction_error,64,unet,1.4266621525e-04
present_day,zonal,prediction_error,65,bilinear,2.0870951361e-03
present_day,zonal,prediction_error,65,cca,3.6681363622e-04
present_day,zonal,prediction_error,65,unet,1.4082052431e-04
present_day,zonal,prediction_error,66,bilinear,2.0453902221e-03
present_day,zonal,prediction_error,66,cca,3.6283330047e-04
present_day,zonal,prediction_error,66,unet,1.3908741973e-04
present_day,zonal,prediction_error,67,bilinear,1.9177760903e-03
present_day,zonal,prediction_error,67,cca,3.6085991528e-04
present_day,zonal,prediction_error,67,unet,1.3778457257e-04
present_day,zonal,prediction_error,68,bilinear,2.0038433600e-03
present_day,zonal,prediction_error,68,cca,3.5830384202e-04
present_day,zonal,prediction_error,68,unet,1.3730602123e-04
present_day,zonal,prediction_error,69,bilinear,1.8763393646e-03
present_day,zonal,prediction_error,69,cca,3.5560692307e-04
present_day,zonal,prediction_error,69,unet,1.3607140930e-04
present_day,zonal,prediction_error,70,bilinear,1.9058013558e-03
present_day,zonal,prediction_error,70,cca,3.5330645926e-04
present_day,zonal,prediction_error,70,unet,1.3518261142e-04
present_day,zonal,prediction_error,71,bilinear,1.9437432205e-03
present_day,zonal,prediction_error,71,cca,3.4945401473e-04
present_day,zonal,prediction_error,71,unet,1.3298795884e-04
present_day,zonal,prediction_error,72,bilinear,1.8741957047e-03
present_day,zonal,prediction_error,72,cca,3.4698192222e-04
present_day,zonal,prediction_error,72,unet,1.3220095601e-04
present_day,zonal,prediction_error,73,bilinear,2.0333787851e-03
present_day,zonal,prediction_error,73,cca,3.4336514343e-04
present_day,zonal,prediction_error,73,unet,1.3056813560e-04
present_day,zonal,prediction_error,74,bilinear,2.1935522676e-03
present_day,zonal,prediction_error,74,cca,3.4114223767e-04
present_day,zonal,prediction_error,74,unet,1.2970463762e-04
present_day,zonal,prediction_error,75,bilinear,2.1845441552e-03
present_day,zonal,prediction_error,75,cca,3.3896177533e-04
present_day,zonal,prediction_error,75,unet,1.2883726725e-04
present_day,zonal,prediction_error,76,bilinear,2.0770849534e-03
present_day,zonal,prediction_error,76,cca,3.3304804375e-04
present_day,zonal,prediction_error,76,unet,1.2775028066e-04
present_day,zonal,prediction_error,77,bilinear,1.8791630402e-03
present_day,zonal,prediction_error,77,cca,3.3317617829e-04
present_day,zonal,prediction_error,77,unet,1.2662665265e-04
present_day,zonal,prediction_error,78,bilinear,1.9021708205e-03
present_day,zonal,prediction_error,78,cca,3.2803865945e-04
present_day,zonal,prediction_error,78,unet,1.2526028018e-04
present_day,zonal,prediction_error,79,bilinear,1.9049017865e-03
present_day,zonal,prediction_error,79,cca,3.2663958932e-04
present_day,zonal,prediction_error,79,unet,1.2391785015e-04
present_day,zonal,prediction_error,80,bilinear,1.8988309746e-03
present_day,zonal,prediction_error,80,cca,3.2411180446e-04
present_day,zonal,prediction_error,80,unet,1.2396657057e-04
present_day,zonal,prediction_error,81,bilinear,1.8677139321e-03
present_day,zonal,prediction_error,81,cca,3.1881440993e-04
present_day,zonal,prediction_error,81,unet,1.2229973318e-04
present_day,zonal,prediction_error,82,bilinear,1.9036091201e-03
present_day,zonal,prediction_error,82,cca,3.1868686294e-04
present_day,zonal,prediction_error,82,unet,1.2156902645e-04
present_day,zonal,prediction_error,83,bilinear,1.8684998732e-03
present_day,zonal,prediction_error,83,cca,3.1600860362e-04
present_day,zonal,prediction_error,83,unet,1.2017477056e-04
present_day,zonal,prediction_error,84,bilinear,1.8195539248e-03
present_day,zonal,prediction_error,84,cca,3.1269847059e-04
present_day,zonal,prediction_error,84,unet,1.1968929313e-04
present_day,zonal,prediction_error,85,bilinear,1.7774444700e-03
present_day,zonal,prediction_error,85,cca,3.1086079841e-04
present_day,zonal,prediction_error,85,unet,1.1809196816e-04
present_day,zonal,prediction_error,86,bilinear,1.7475563147e-03
present_day,zonal,prediction_error,86,cca,3.0589905485e-04
present_day,zonal,prediction_error,86,unet,1.1727563546e-04
present_day,zonal,prediction_error,87,bilinear,1.8208442071e-03
present_day,zonal,prediction_error,87,cca,3.0540591217e-04
present_day,zonal,prediction_error,87,unet,1.1653821252e-04
present_day,zonal,prediction_error,88,bilinear,1.7294238063e-03
present_day,zonal,prediction_error,88,cca,3.0158561759e-04
present_day,zonal,prediction_error,88,unet,1.1630386361e-04
present_day,zonal,prediction_error,89,bilinear,1.7408433252e-03
present_day,zonal,prediction_error,89,cca,3.0070496628e-04
present_day,zonal,prediction_error,89,unet,1.1474897711e-04
present_day,zonal,prediction_error,90,bilinear,1.8763186851e-03
present_day,zonal,prediction_error,90,cca,2.9883517821e-04
present_day,zonal,prediction_error,90,unet,1.1398183951e-04
present_day,zonal,prediction_error,91,bilinear,1.6958530930e-03
present_day,zonal,prediction_error,91,cca,2.9496358775e-04
present_day,zonal,prediction_error,91,unet,1.1246760839e-04
present_day,zonal,prediction_error,92,bilinear,1.7429572008e-03
present_day,zonal,prediction_error,92,cca,2.9412993834e-04
present_day,zonal,prediction_error,92,unet,1.1213144492e-04
present_day,zonal,prediction_error,93,bilinear,1.6875257269e-03
present_day,zonal,prediction_error,93,cca,2.9163990352e-04
present_day,zonal,prediction_error,93,unet,1.1059220241e-04
present_day,zonal,prediction_error,94,bilinear,1.6732426611e-03
present_day,zonal,prediction_error,94,cca,2.8935428094e-04
present_day,zonal,prediction_error,94,unet,1.1057756190e-04
present_day,zonal,prediction_error,95,bilinear,1.7121472631e-03
present_day,zonal,prediction_error,95,cca,2.8572189210e-04
present_day,zonal,prediction_error,95,unet,1.0903835846e-04
present_day,zonal,prediction_error,96,bilinear,1.6641459696e-03
present_day,zonal,prediction_error,96,cca,2.8481970686e-04
present_day,zonal,prediction_error,96,unet,1.0862230017e-04
present_day,zonal,prediction_error,97,bilinear,1.7325004225e-03
present_day,zonal,prediction_error,97,cca,2.8227580968e-04
present_day,zonal,prediction_error,97,unet,1.0737525407e-04
present_day,zonal,prediction_error,98,bilinear,1.6254414500e-03
present_day,zonal,prediction_error,98,cca,2.8121516538e-04
present_day,zonal,prediction_error,98,unet,1.0676107863e-04
present_day,zonal,prediction_error,99,bilinear,1.6320166354e-03
present_day,zonal,prediction_error,99,cca,2.8051933880e-04
present_day,zonal,prediction_error,99,unet,1.0606999068e-04
present_day,zonal,prediction_error,100,bilinear,1.6978758867e-03
present_day,zonal,prediction_error,100,cca,2.7797247086e-04
present_day,zonal,prediction_error,100,unet,1.0598714865e-04
present_day,zonal,prediction_error,101,bilinear,1.5703411377e-03
present_day,zonal,prediction_error,101,cca,2.7509281017e-04
present_day,zonal,prediction_error,101,unet,1.0497577270e-04
present_day,zonal,prediction_error,102,bilinear,1.5474812696e-03
present_day,zonal,prediction_error,102,cca,2.7221309139e-04
present_day,zonal,prediction_error,102,unet,1.0359838734e-04
present_day,zonal,prediction_error,103,bilinear,1.5210474962e-03
present_day,zonal,prediction_error,103,cca,2.7175457433e-04
present_day,zonal,prediction_error,103,unet,1.0301933633e-04
present_day,zonal,prediction_error,104,bilinear,1.6292039006e-03
present_day,zonal,prediction_error,104,cca,2.6873568863e-04
present_day,zonal,prediction_error,104,unet,1.0257771256e-04
present_day,zonal,prediction_error,105,bilinear,1.6798757138e-03
present_day,zonal,prediction_error,105,cca,2.6766514707e-04
present_day,zonal,prediction_error,105,unet,1.0151603654e-04
present_day,zonal,prediction_error,106,bilinear,1.6846514952e-03
present_day,zonal,prediction_error,106,cca,2.6381262396e-04
present_day,zonal,prediction_error,106,unet,1.0120212785e-04
present_day,zonal,prediction_error,107,bilinear,1.6293169412e-03
present_day,zonal,prediction_error,107,cca,2.6266757980e-04
present_day,zonal,prediction_error,107,unet,9.9804344771e-05
present_day,zonal,prediction_error,108,bilinear,1.5091677341e-03
present_day,zonal,prediction_error,108,cca,2.6034453067e-04
present_day,zonal,prediction_error,108,unet,9.9419798999e-05
present_day,zonal,prediction_error,109,bilinear,1.5147576227e-03
present_day,zonal,prediction_error,109,cca,2.5920191304e-04
present_day,zonal,prediction_error,109,unet,9.8535863092e-05
present_day,zonal,prediction_error,110,bilinear,1.4908507726e-03
present_day,zonal,prediction_error,110,cca,2.5766909871e-04
present_day,zonal,prediction_error,110,unet,9.7820746647e-05
present_day,zonal,prediction_error,111,bilinear,1.4228207150e-03
present_day,zonal,prediction_error,111,cca,2.5532508042e-04
present_day,zonal,prediction_error,111,unet,9.7606559649e-05
present_day,zonal,prediction_error,112,bilinear,1.4335924848e-03
present_day,zonal,prediction_error,112,cca,2.5376269600e-04
present_day,zonal,prediction_error,112,unet,9.7438370151e-05
present_day,zonal,prediction_error,113,bilinear,1.3918820428e-03
present_day,zonal,prediction_error,113,cca,2.5046730204e-04
present_day,zonal,prediction_error,113,unet,9.6626373839e-05
present_day,zonal,prediction_error,114,bilinear,1.4786004476e-03
present_day,zonal,prediction_error,114,cca,2.4950534348e-04
present_day,zonal,prediction_error,114,unet,9.5657833525e-05
present_day,zonal,prediction_error,115,bilinear,1.3913402346e-03
present_day,zonal,prediction_error,115,cca,2.4805971943e-04
present_day,zonal,prediction_error,115,unet,9.5147632558e-05
present_day,zonal,prediction_error,116,bilinear,1.3837003311e-03
present_day,zonal,prediction_error,116,cca,2.4718787283e-04
present_day,zonal,prediction_error,116,unet,9.4701026169e-05
present_day,zonal,prediction_error,117,bilinear,1.4835662063e-03
present_day,zonal,prediction_error,117,cca,2.4587537400e-04
present_day,zonal,prediction_error,117,unet,9.4072312528e-05
present_day,zonal,prediction_error,118,bilinear,1.4691124250e-03
present_day,zonal,prediction_error,118,cca,2.4309194658e-04
present_day,zonal,prediction_error,118,unet,9.3429663653e-05
present_day,zonal,prediction_error,119,bilinear,1.4984462894e-03
present_day,zonal,prediction_error,119,cca,2.4091988897e-04
present_day,zonal,prediction_error,119,unet,9.2504882339e-05
present_day,zonal,prediction_error,120,bilinear,1.4632895281e-03
present_day,zonal,prediction_error,120,cca,2.4029037691e-04
present_day,zonal,prediction_error,120,unet,9.2426665738e-05
present_day,zonal,prediction_error,121,bilinear,1.4779949628e-03
present_day,zonal,prediction_error,121,cca,2.3752105892e-04
present_day,zonal,prediction_error,121,unet,9.0985024025e-05
present_day,zonal,prediction_error,122,bilinear,1.5388498672e-03
present_day,zonal,prediction_error,122,cca,2.3585360525e-04
present_day,zonal,prediction_error,122,unet,9.0694135852e-05
present_day,zonal,prediction_error,123,bilinear,1.5320131581e-03
present_day,zonal,prediction_error,123,cca,2.3542017891e-04
present_day,zonal,prediction_error,123,unet,9.0354666746e-05
present_day,zonal,prediction_error,124,bilinear,1.4243642576e-03
present_day,zonal,prediction_error,124,cca,2.3542272924e-04
present_day,zonal,prediction_error,124,unet,8.9708223116e-05
present_day,zonal,prediction_error,125,bilinear,1.4133397918e-03
present_day,zonal,prediction_error,125,cca,2.3106933136e-04
present_day,zonal,prediction_error,125,unet,8.8972521689e-05
present_day,zonal,prediction_error,126,bilinear,1.3124373430e-03
present_day,zonal,prediction_error,126,cca,2.3142270977e-04
present_day,zonal,prediction_error,126,unet,8.8989198858e-05
present_day,zonal,prediction_error,127,bilinear,1.4488418577e-03
present_day,zonal,prediction_error,127,cca,2.2857062938e-04
present_day,zonal,prediction_error,127,unet,8.8254394379e-05
present_day,zonal,prediction_error,128,bilinear,1.3231512983e-03
present_day,zonal,prediction_error,128,cca,2.2670559934e-04
present_day,zonal,prediction_error,128,unet,8.8469785245e-05
present_day,zonal,prediction_error,129,bilinear,1.4205625750e-03
present_day,zonal,prediction_error,129,cca,2.2564697368e-04
present_day,zonal,prediction_error,129,unet,8.7082343029e-05
present_day,zonal,prediction_error,130,bilinear,1.3477304428e-03
present_day,zonal,prediction_error,130,cca,2.2426912347e-04
present_day,zonal,prediction_error,130,unet,8.6292990646e-05
present_day,zonal,prediction_error,131,bilinear,1.3945441857e-03
present_day,zonal,prediction_error,131,cca,2.2301719137e-04
present_day,zonal,prediction_error,131,unet,8.6343818525e-05
present_day,zonal,prediction_error,132,bilinear,1.4236188440e-03
present_day,zonal,prediction_error,132,cca,2.2119836320e-04
present_day,zonal,prediction_error,132,unet,8.6052108919e-05
present_day,zonal,prediction_error,133,bilinear,1.3448705973e-03
present_day,zonal,prediction_error,133,cca,2.1976329246e-04
present_day,zonal,prediction_error,133,unet,8.5583657044e-05
present_day,zonal,prediction_error,134,bilinear,1.3647162885e-03
present_day,zonal,prediction_error,134,cca,2.1779731214e-04
present_day,zonal,prediction_error,134,unet,8.4930520136e-05
present_day,zonal,prediction_error,135,bilinear,1.2403419023e-03
present_day,zonal,prediction_error,135,cca,2.1752469220e-04
present_day,zonal,prediction_error,135,unet,8.4663513006e-05
present_day,zonal,prediction_error,136,bilinear,1.3336024450e-03
present_day,zonal,prediction_error,136,cca,2.1540949263e-04
present_day,zonal,prediction_error,136,unet,8.4729559021e-05
present_day,zonal,prediction_error,137,bilinear,1.3168249694e-03
present_day,zonal,prediction_error,137,cca,2.1369383014e-04
present_day,zonal,prediction_error,137,unet,8.4284795373e-05
present_day,zonal,prediction_error,138,bilinear,1.3221688536e-03
present_day,zonal,prediction_error,138,cca,2.1276539384e-04
present_day,zonal,prediction_error,138,unet,8.3739332902e-05
present_day,zonal,prediction_error,139,bilinear,1.2410039483e-03
present_day,zonal,prediction_error,139,cca,2.1100077511e-04
present_day,zonal,prediction_error,139,unet,8.3427530722e-05
present_day,zonal,prediction_error,140,bilinear,1.2251091189e-03
present_day,zonal,prediction_error,140,cca,2.1129333539e-04
present_day,zonal,prediction_error,140,unet,8.3633349814e-05
present_day,zonal,prediction_error,141,bilinear,1.2974499354e-03
present_day,zonal,prediction_error,141,cca,2.0824675553e-04
present_day,zonal,prediction_error,141,unet,8.2908206959e-05
present_day,zonal,prediction_error,142,bilinear,1.2013679194e-03
present_day,zonal,prediction_error,142,cca,2.0749141843e-04
present_day,zonal,prediction_error,142,unet,8.2656422888e-05
present_day,zonal,prediction_error,143,bilinear,1.2666612885e-03
present_day,zonal,prediction_error,143,cca,2.0654202595e-04
present_day,zonal,prediction_error,143,unet,8.2145911698e-05
present_day,zonal,prediction_error,144,bilinear,1.3250293670e-03
present_day,zonal,prediction_error,144,cca,2.0574041603e-04
present_day,zonal,prediction_error,144,unet,8.2164027848e-05
present_day,zonal,prediction_error,145,bilinear,1.3610326647e-03
present_day,zonal,prediction_error,145,cca,2.0312050052e-04
present_day,zonal,prediction_error,145,unet,8.1459276004e-05
present_day,zonal,prediction_error,146,bilinear,1.3428887980e-03
present_day,zonal,prediction_error,146,cca,2.0270184953e-04
present_day,zonal,prediction_error,146,unet,8.0626932629e-05
present_day,zonal,prediction_error,147,bilinear,1.2645986126e-03
present_day,zonal,prediction_error,147,cca,2.0100034771e-04
present_day,zonal,prediction_error,147,unet,8.0817441974e-05
present_day,zonal,prediction_error,148,bilinear,1.2568548053e-03
present_day,zonal,prediction_error,148,cca,2.0003657148e-04
present_day,zonal,prediction_error,148,unet,8.1174380050e-05
present_day,zonal,prediction_error,149,bilinear,1.2372344816e-03
present_day,zonal,prediction_error,149,cca,1.9808876479e-04
present_day,zonal,prediction_error,149,unet,8.0425150828e-05
present_day,zonal,prediction_error,150,bilinear,1.3069000266e-03
present_day,zonal,prediction_error,150,cca,1.9706424281e-04
present_day,zonal,prediction_error,150,unet,8.0273082975e-05
present_day,zonal,prediction_error,151,bilinear,1.3139824475e-03
present_day,zonal,prediction_error,151,cca,1.9645489469e-04
present_day,zonal,prediction_error,151,unet,7.9928217387e-05
present_day,zonal,prediction_error,152,bilinear,1.2963139176e-03
present_day,zonal,prediction_error,152,cca,1.9455284725e-04
present_day,zonal,prediction_error,152,unet,7.9695700694e-05
present_day,zonal,prediction_error,153,bilinear,1.1876990343e-03
present_day,zonal,prediction_error,153,cca,1.9414448884e-04
present_day,zonal,prediction_error,153,unet,7.9407996275e-05
present_day,zonal,prediction_error,154,bilinear,1.2238329285e-03
present_day,zonal,prediction_error,154,cca,1.9341527918e-04
present_day,zonal,prediction_error,154,unet,7.9407562472e-05
present_day,zonal,prediction_error,155,bilinear,1.1870885428e-03
present_day,zonal,prediction_error,155,cca,1.9122916480e-04
present_day,zonal,prediction_error,155,unet,7.9093907560e-05
present_day,zonal,prediction_error,156,bilinear,1.2370006661e-03
present_day,zonal,prediction_error,156,cca,1.9056815360e-04
present_day,zonal,prediction_error,156,unet,7.8887501794e-05
present_day,zonal,prediction_error,157,bilinear,1.1690802368e-03
present_day,zonal,prediction_error,157,cca,1.8927377602e-04
present_day,zonal,prediction_error,157,unet,7.8840872077e-05
present_day,zonal,prediction_error,158,bilinear,1.2067341431e-03
present_day,zonal,prediction_error,158,cca,1.8672464167e-04
present_day,zonal,prediction_error,158,unet,7.8382605562e-05
present_day,zonal,prediction_error,159,bilinear,1.1147239599e-03
present_day,zonal,prediction_error,159,cca,1.8605721880e-04
present_day,zonal,prediction_error,159,unet,7.8454074660e-05
present_day,zonal,prediction_error,160,bilinear,1.1540993988e-03
present_day,zonal,prediction_error,160,cca,1.8536498479e-04
present_day,zonal,prediction_error,160,unet,7.8356901801e-05
present_day,zonal,prediction_error,161,bilinear,1.1960337531e-03
present_day,zonal,prediction_error,161,cca,1.8436836747e-04
present_day,zonal,prediction_error,161,unet,7.7974032520e-05
present_day,zonal,prediction_error,162,bilinear,1.1705547222e-03
present_day,zonal,prediction_error,162,cca,1.8308145543e-04
present_day,zonal,prediction_error,162,unet,7.8001714560e-05
present_day,zonal,prediction_error,163,bilinear,1.1347616987e-03
present_day,zonal,prediction_error,163,cca,1.8252610366e-04
present_day,zonal,prediction_error,163,unet,7.7782955344e-05
present_day,zonal,prediction_error,164,bilinear,1.1684524743e-03
present_day,zonal,prediction_error,164,cca,1.8091447598e-04
present_day,zonal,prediction_error,164,unet,7.7891839584e-05
present_day,zonal,prediction_error,165,bilinear,1.1021755314e-03
present_day,zonal,prediction_error,165,cca,1.7902718244e-04
present_day,zonal,prediction_error,165,unet,7.7293538382e-05
present_day,zonal,prediction_error,166,bilinear,1.0239983452e-03
present_day,zonal,prediction_error,166,cca,1.7873496007e-04
present_day,zonal,prediction_error,166,unet,7.7127503526e-05
present_day,zonal,prediction_error,167,bilinear,1.1204484757e-03
present_day,zonal,prediction_error,167,cca,1.7721003829e-04
present_day,zonal,prediction_error,167,unet,7.7095128044e-05
present_day,zonal,prediction_error,168,bilinear,1.1543928116e-03
present_day,zonal,prediction_error,168,cca,1.7646035030e-04
present_day,zonal,prediction_error,168,unet,7.7262798531e-05
present_day,zonal,prediction_error,169,bilinear,1.1431593061e-03
present_day,zonal,prediction_error,169,cca,1.7573978518e-04
present_day,zonal,prediction_error,169,unet,7.6958438690e-05
present_day,zonal,prediction_error,170,bilinear,1.1275728032e-03
present_day,zonal,prediction_error,170,cca,1.7342923379e-04
present_day,zonal,prediction_error,170,unet,7.6885964371e-05
present_day,zonal,prediction_error,171,bilinear,1.1080421708e-03
present_day,zonal,prediction_error,171,cca,1.7252287967e-04
present_day,zonal,prediction_error,171,unet,7.6760467506e-05
present_day,zonal,prediction_error,172,bilinear,1.1472682939e-03
present_day,zonal,prediction_error,172,cca,1.7190266165e-04
present_day,zonal,prediction_error,172,unet,7.6626248108e-05
present_day,zonal,prediction_error,173,bilinear,1.1800453100e-03
present_day,zonal,prediction_error,173,cca,1.7166915585e-04
present_day,zonal,prediction_error,173,unet,7.6952754166e-05
present_day,zonal,prediction_error,174,bilinear,1.1609829580e-03
present_day,zonal,prediction_error,174,cca,1.7025085623e-04
present_day,zonal,prediction_error,174,unet,7.6736053614e-05
present_day,zonal,prediction_error,175,bilinear,1.0657962659e-03
present_day,zonal,prediction_error,175,cca,1.6953745895e-04
present_day,zonal,prediction_error,175,unet,7.6538145702e-05
present_day,zonal,prediction_error,176,bilinear,1.0669780969e-03
present_day,zonal,prediction_error,176,cca,1.6858271576e-04
present_day,zonal,prediction_error,176,unet,7.6836598826e-05
present_day,zonal,prediction_error,177,bilinear,1.0943672137e-03
present_day,zonal,prediction_error,177,cca,1.6757436087e-04
present_day,zonal,prediction_error,177,unet,7.6694891353e-05
present_day,zonal,prediction_error,178,bilinear,1.0879811384e-03
present_day,zonal,prediction_error,178,cca,1.6537700423e-04
present_day,zonal,prediction_error,178,unet,7.6474179949e-05
present_day,zonal,prediction_error,179,bilinear,1.0027400727e-03
present_day,zonal,prediction_error,179,cca,1.6543135713e-04
present_day,zonal,prediction_error,179,unet,7.6469282707e-05
present_day,zonal,prediction_error,180,bilinear,1.0903959373e-03
present_day,zonal,prediction_error,180,cca,1.6437670167e-04
present_day,zonal,prediction_error,180,unet,7.6609068281e-05
present_day,zonal,prediction_error,181,bilinear,1.0782161131e-03
present_day,zonal,prediction_error,181,cca,1.6294337076e-04
present_day,zonal,prediction_error,181,unet,7.5890270212e-05
present_day,zonal,prediction_error,182,bilinear,1.0397579920e-03
present_day,zonal,prediction_error,182,cca,1.6211048850e-04
present_day,zonal,prediction_error,182,unet,7.6179361356e-05
present_day,zonal,prediction_error,183,bilinear,1.0777440636e-03
present_day,zonal,prediction_error,183,cca,1.6105120044e-04
present_day,zonal,prediction_error,183,unet,7.6130447521e-05
present_day,zonal,prediction_error,184,bilinear,1.0310026050e-03
present_day,zonal,prediction_error,184,cca,1.6049289676e-04
present_day,zonal,prediction_error,184,unet,7.6343965782e-05
present_day,zonal,prediction_error,185,bilinear,1.0592139184e-03
present_day,zonal,prediction_error,185,cca,1.6016030749e-04
present_day,zonal,prediction_error,185,unet,7.6442049538e-05
present_day,zonal,prediction_error,186,bilinear,1.0674177923e-03
present_day,zonal,prediction_error,186,cca,1.5939381035e-04
present_day,zonal,prediction_error,186,unet,7.6350910059e-05
present_day,zonal,prediction_error,187,bilinear,1.0908931100e-03
present_day,zonal,prediction_error,187,cca,1.5905315902e-04
present_day,zonal,prediction_error,187,unet,7.6308673985e-05
present_day,zonal,prediction_error,188,bilinear,1.0660330626e-03
present_day,zonal,prediction_error,188,cca,1.5753482771e-04
present_day,zonal,prediction_error,188,unet,7.6381936601e-05
present_day,zonal,prediction_error,189,bilinear,1.0871473190e-03
present_day,zonal,prediction_error,189,cca,1.5588869202e-04
present_day,zonal,prediction_error,189,unet,7.5656449998e-05
present_day,zonal,prediction_error,190,bilinear,1.1053028145e-03
present_day,zonal,prediction_error,190,cca,1.5522949042e-04
present_day,zonal,prediction_error,190,unet,7.5847515292e-05
present_day,zonal,prediction_error,191,bilinear,9.7652895635e-04
present_day,zonal,prediction_error,191,cca,1.5455536776e-04
present_day,zonal,prediction_error,191,unet,7.5893482174e-05
present_day,zonal,prediction_error,192,bilinear,9.8669433070e-04
present_day,zonal,prediction_error,192,cca,1.5300960143e-04
present_day,zonal,prediction_error,192,unet,7.7707223455e-05
present_day,zonal,prediction_error,193,bilinear,8.9494040935e-04
present_day,zonal,prediction_error,193,cca,1.5206321233e-04
present_day,zonal,prediction_error,193,unet,7.5477828224e-05
present_day,zonal,prediction_error,194,bilinear,1.0285766862e-03
present_day,zonal,prediction_error,194,cca,1.5123084272e-04
present_day,zonal,prediction_error,194,unet,7.5586621794e-05
present_day,zonal,prediction_error,195,bilinear,9.7106321242e-04
present_day,zonal,prediction_error,195,cca,1.4996709974e-04
present_day,zonal,prediction_error,195,unet,7.5414502642e-05
present_day,zonal,prediction_error,196,bilinear,9.7870071897e-04
present_day,zonal,prediction_error,196,cca,1.4938002614e-04
present_day,zonal,prediction_error,196,unet,7.5546870024e-05
present_day,zonal,prediction_error,197,bilinear,9.2043073634e-04
present_day,zonal,prediction_error,197,cca,1.4845503651e-04
present_day,zonal,prediction_error,197,unet,7.5400632528e-05
present_day,zonal,prediction_error,198,bilinear,1.0080888777e-03
present_day,zonal,prediction_error,198,cca,1.4770606581e-04
present_day,zonal,prediction_error,198,unet,7.5292529181e-05
present_day,zonal,prediction_error,199,bilinear,9.3019978813e-04
present_day,zonal,prediction_error,199,cca,1.4623306526e-04
present_day,zonal,prediction_error,199,unet,7.4936499215e-05
present_day,zonal,prediction_error,200,bilinear,8.7769813754e-04
present_day,zonal,prediction_error,200,cca,1.4589542260e-04
present_day,zonal,prediction_error,200,unet,7.5195049458e-05
present_day,zonal,prediction_error,201,bilinear,9.2440792002e-04
present_day,zonal,prediction_error,201,cca,1.4484394933e-04
present_day,zonal,prediction_error,201,unet,7.4849501681e-05
present_day,zonal,prediction_error,202,bilinear,9.2674903038e-04
present_day,zonal,prediction_error,202,cca,1.4360505059e-04
present_day,zonal,prediction_error,202,unet,7.4728293750e-05
present_day,zonal,prediction_error,203,bilinear,9.2787229988e-04
present_day,zonal,prediction_error,203,cca,1.4245175912e-04
present_day,zonal,prediction_error,203,unet,7.4662561936e-05
present_day,zonal,prediction_error,204,bilinear,9.0313147412e-04
present_day,zonal,prediction_error,204,cca,1.4245725846e-04
present_day,zonal,prediction_error,204,unet,7.4961888949e-05
present_day,zonal,prediction_error,205,bilinear,8.9212751764e-04
present_day,zonal,prediction_error,205,cca,1.4084806444e-04
present_day,zonal,prediction_error,205,unet,7.4588443063e-05
present_day,zonal,prediction_error,206,bilinear,8.7042536559e-04
present_day,zonal,prediction_error,206,cca,1.4071349533e-04
present_day,zonal,prediction_error,206,unet,7.4669023648e-05
present_day,zonal,prediction_error,207,bilinear,8.3151798400e-04
present_day,zonal,prediction_error,207,cca,1.4027852964e-04
present_day,zonal,prediction_error,207,unet,7.4522211480e-05
present_day,zonal,prediction_error,208,bilinear,8.9022559187e-04
present_day,zonal,prediction_error,208,cca,1.3786600514e-04
present_day,zonal,prediction_error,208,unet,7.4515644903e-05
present_day,zonal,prediction_error,209,bilinear,8.7518372938e-04
present_day,zonal,prediction_error,209,cca,1.3761608789e-04
present_day,zonal,prediction_error,209,unet,7.4185717807e-05
present_day,zonal,prediction_error,210,bilinear,8.6481899706e-04
present_day,zonal,prediction_error,210,cca,1.3648315994e-04
present_day,zonal,prediction_error,210,unet,7.3992756375e-05
present_day,zonal,prediction_error,211,bilinear,9.3989443601e-04
present_day,zonal,prediction_error,211,cca,1.3522749991e-04
present_day,zonal,prediction_error,211,unet,7.4060712896e-05
present_day,zonal,prediction_error,212,bilinear,9.0156293879e-04
present_day,zonal,prediction_error,212,cca,1.3484230313e-04
present_day,zonal,prediction_error,212,unet,7.3694530488e-05
present_day,zonal,prediction_error,213,bilinear,8.8860578112e-04
present_day,zonal,prediction_error,213,cca,1.3374045529e-04
present_day,zonal,prediction_error,213,unet,7.3615064299e-05
present_day,zonal,prediction_error,214,bilinear,7.9515067355e-04
present_day,zonal,prediction_error,214,cca,1.3268441262e-04
present_day,zonal,prediction_error,214,unet,7.3091907758e-05
present_day,zonal,prediction_error,215,bilinear,8.5107219160e-04
present_day,zonal,prediction_error,215,cca,1.3118089646e-04
present_day,zonal,prediction_error,215,unet,7.3125941770e-05
present_day,zonal,prediction_error,216,bilinear,7.9840663797e-04
present_day,zonal,prediction_error,216,cca,1.3038808856e-04
present_day,zonal,prediction_error,216,unet,7.2966687741e-05
present_day,zonal,prediction_error,217,bilinear,8.3837620135e-04
present_day,zonal,prediction_error,217,cca,1.2960568030e-04
present_day,zonal,prediction_error,217,unet,7.2797479226e-05
present_day,zonal,prediction_error,218,bilinear,7.9639643056e-04
present_day,zonal,prediction_error,218,cca,1.2860996055e-04
present_day,zonal,prediction_error,218,unet,7.2244921471e-05
present_day,zonal,prediction_error,219,bilinear,7.3502451646e-04
present_day,zonal,prediction_error,219,cca,1.2809359002e-04
present_day,zonal,prediction_error,219,unet,7.2076662164e-05
present_day,zonal,prediction_error,220,bilinear,7.9104085316e-04
present_day,zonal,prediction_error,220,cca,1.2705584459e-04
present_day,zonal,prediction_error,220,unet,7.2077571470e-05
present_day,zonal,prediction_error,221,bilinear,8.1180569536e-04
present_day,zonal,prediction_error,221,cca,1.2670849413e-04
present_day,zonal,prediction_error,221,unet,7.1862275968e-05
present_day,zonal,prediction_error,222,bilinear,7.9236659683e-04
present_day,zonal,prediction_error,222,cca,1.2495649031e-04
present_day,zonal,prediction_error,222,unet,7.1384760544e-05
present_day,zonal,prediction_error,223,bilinear,7.4284816030e-04
present_day,zonal,prediction_error,223,cca,1.2467697306e-04
present_day,zonal,prediction_error,223,unet,7.0965219974e-05
present_day,zonal,prediction_error,224,bilinear,7.5954034048e-04
present_day,zonal,prediction_error,224,cca,1.2353837355e-04
present_day,zonal,prediction_error,224,unet,7.1140558657e-05
present_day,zonal,prediction_error,225,bilinear,7.6980258790e-04
present_day,zonal,prediction_error,225,cca,1.2320112898e-04
present_day,zonal,prediction_error,225,unet,7.0777242454e-05
present_day,zonal,prediction_error,226,bilinear,8.0455572021e-04
present_day,zonal,prediction_error,226,cca,1.2224894852e-04
present_day,zonal,prediction_error,226,unet,7.0579467551e-05
present_day,zonal,prediction_error,227,bilinear,7.2189630245e-04
present_day,zonal,prediction_error,227,cca,1.2156613352e-04
present_day,zonal,prediction_error,227,unet,7.0146026203e-05
present_day,zonal,prediction_error,228,bilinear,7.6496716681e-04
present_day,zonal,prediction_error,228,cca,1.2092829432e-04
present_day,zonal,prediction_error,228,unet,7.0395789084e-05
present_day,zonal,prediction_error,229,bilinear,7.7374265197e-04
present_day,zonal,prediction_error,229,cca,1.2008542795e-04
present_day,zonal,prediction_error,229,unet,6.9554470072e-05
present_day,zonal,prediction_error,230,bilinear,7.6349909220e-04
present_day,zonal,prediction_error,230,cca,1.1902162409e-04
present_day,zonal,prediction_error,230,unet,6.8995266134e-05
present_day,zonal,prediction_error,231,bilinear,7.2410277081e-04
present_day,zonal,prediction_error,231,cca,1.1851828156e-04
present_day,zonal,prediction_error,231,unet,6.8717562921e-05
present_day,zonal,prediction_error,232,bilinear,7.0957057340e-04
present_day,zonal,prediction_error,232,cca,1.1740718507e-04
present_day,zonal,prediction_error,232,unet,6.9210063966e-05
present_day,zonal,prediction_error,233,bilinear,7.3897070927e-04
present_day,zonal,prediction_error,233,cca,1.1661483019e-04
present_day,zonal,prediction_error,233,unet,6.8173176384e-05
present_day,zonal,prediction_error,234,bilinear,7.7353273386e-04
present_day,zonal,prediction_error,234,cca,1.1568085515e-04
present_day,zonal,prediction_error,234,unet,6.7782094397e-05
present_day,zonal,prediction_error,235,bilinear,6.9556786207e-04
present_day,zonal,prediction_error,235,cca,1.1498476673e-04
present_day,zonal,prediction_error,235,unet,6.7385237287e-05
present_day,zonal,prediction_error,236,bilinear,7.1238645389e-04
present_day,zonal,prediction_error,236,cca,1.1453699251e-04
present_day,zonal,prediction_error,236,unet,6.7656893294e-05
present_day,zonal,prediction_error,237,bilinear,7.1461117936e-04
present_day,zonal,prediction_error,237,cca,1.1323471758e-04
present_day,zonal,prediction_error,237,unet,6.7253557136e-05
present_day,zonal,prediction_error,238,bilinear,6.9429870285e-04
present_day,zonal,prediction_error,238,cca,1.1233352612e-04
present_day,zonal,prediction_error,238,unet,6.6769293668e-05
present_day,zonal,prediction_error,239,bilinear,6.5764240800e-04
present_day,zonal,prediction_error,239,cca,1.1175503850e-04
present_day,zonal,prediction_error,239,unet,6.6535594765e-05
present_day,zonal,prediction_error,240,bilinear,7.1771574407e-04
present_day,zonal,prediction_error,240,cca,1.1136542806e-04
present_day,zonal,prediction_error,240,unet,6.6130452614e-05
present_day,zonal,prediction_error,241,bilinear,6.4854429664e-04
present_day,zonal,prediction_error,241,cca,1.1046582223e-04
present_day,zonal,prediction_error,241,unet,6.5946039507e-05
present_day,zonal,prediction_error,242,bilinear,6.9136098644e-04
present_day,zonal,prediction_error,242,cca,1.0875907480e-04
present_day,zonal,prediction_error,242,unet,6.5311978688e-05
present_day,zonal,prediction_error,243,bilinear,7.1567590453e-04
present_day,zonal,prediction_error,243,cca,1.0905747845e-04
present_day,zonal,prediction_error,243,unet,6.5252586109e-05
present_day,zonal,prediction_error,244,bilinear,7.3224326344e-04
present_day,zonal,prediction_error,244,cca,1.0792024209e-04
present_day,zonal,prediction_error,244,unet,6.4667936218e-05
present_day,zonal,prediction_error,245,bilinear,7.0510361361e-04
present_day,zonal,prediction_error,245,cca,1.0717227869e-04
present_day,zonal,prediction_error,245,unet,6.4573916242e-05
present_day,zonal,prediction_error,246,bilinear,7.3192809425e-04
present_day,zonal,prediction_error,246,cca,1.0595773540e-04
present_day,zonal,prediction_error,246,unet,6.4023605013e-05
present_day,zonal,prediction_error,247,bilinear,7.2879673218e-04
present_day,zonal,prediction_error,247,cca,1.0532367248e-04
present_day,zonal,prediction_error,247,unet,6.3811933294e-05
present_day,zonal,prediction_error,248,bilinear,6.9000848846e-04
present_day,zonal,prediction_error,248,cca,1.0487330875e-04
present_day,zonal,prediction_error,248,unet,6.3461528800e-05
present_day,zonal,prediction_error,249,bilinear,7.3226711353e-04
present_day,zonal,prediction_error,249,cca,1.0399780902e-04
present_day,zonal,prediction_error,249,unet,6.3014269570e-05
present_day,zonal,prediction_error,250,bilinear,7.1396451322e-04
present_day,zonal,prediction_error,250,cca,1.0315371259e-04
present_day,zonal,prediction_error,250,unet,6.2782666214e-05
present_day,zonal,prediction_error,251,bilinear,6.5562886653e-04
present_day,zonal,prediction_error,251,cca,1.0282554391e-04
present_day,zonal,prediction_error,251,unet,6.2718167259e-05
present_day,zonal,prediction_error,252,bilinear,6.2469923823e-04
present_day,zonal,prediction_error,252,cca,1.0193770575e-04
present_day,zonal,prediction_error,252,unet,6.2721149076e-05
present_day,zonal,prediction_error,253,bilinear,6.8481968963e-04
present_day,zonal,prediction_error,253,cca,1.0160119334e-04
present_day,zonal,prediction_error,253,unet,6.1947784339e-05
present_day,zonal,prediction_error,254,bilinear,6.3092907724e-04
present_day,zonal,prediction_error,254,cca,9.9935095295e-05
present_day,zonal,prediction_error,254,unet,6.1314120911e-05
present_day,zonal,prediction_error,255,bilinear,6.5257226827e-04
present_day,zonal,prediction_error,255,cca,9.9261253524e-05
present_day,zonal,prediction_error,255,unet,6.0923228189e-05
present_day,zonal,prediction_error,256,bilinear,6.5654935211e-04
present_day,zonal,prediction_error,256,cca,9.9280537415e-05
present_day,zonal,prediction_error,256,unet,6.1813252593e-05
present_day,zonal,prediction_error,257,bilinear,6.8155574375e-04
present_day,zonal,prediction_error,257,cca,9.8344589041e-05
present_day,zonal,prediction_error,257,unet,6.0426715425e-05
present_day,zonal,prediction_error,258,bilinear,5.9037088391e-04
present_day,zonal,prediction_error,258,cca,9.8110833164e-05
present_day,zonal,prediction_error,258,unet,6.0065574451e-05
present_day,zonal,prediction_error,259,bilinear,6.0492825817e-04
present_day,zonal,prediction_error,259,cca,9.7199754632e-05
present_day,zonal,prediction_error,259,unet,5.9732154347e-05
present_day,zonal,prediction_error,260,bilinear,6.1999614616e-04
present_day,zonal,prediction_error,260,cca,9.6279258390e-05
present_day,zonal,prediction_error,260,unet,5.9425161162e-05
present_day,zonal,prediction_error,261,bilinear,5.6961276403e-04
present_day,zonal,prediction_error,261,cca,9.5844391311e-05
present_day,zonal,prediction_error,261,unet,5.8794967122e-05
present_day,zonal,prediction_error,262,bilinear,6.4152887944e-04
present_day,zonal,prediction_error,262,cca,9.4886433634e-05
present_day,zonal,prediction_error,262,unet,5.8793263604e-05
present_day,zonal,prediction_error,263,bilinear,6.4631107403e-04
present_day,zonal,prediction_error,263,cca,9.4209015784e-05
present_day,zonal,prediction_error,263,unet,5.8306226009e-05
present_day,zonal,prediction_error,264,bilinear,5.9872574777e-04
present_day,zonal,prediction_error,264,cca,9.3000063046e-05
present_day,zonal,prediction_error,264,unet,5.8010229117e-05
present_day,zonal,prediction_error,265,bilinear,6.3514168370e-04
present_day,zonal,prediction_error,265,cca,9.3609289331e-05
present_day,zonal,prediction_error,265,unet,5.7542670246e-05
present_day,zonal,prediction_error,266,bilinear,6.4104832305e-04
present_day,zonal,prediction_error,266,cca,9.2154803125e-05
present_day,zonal,prediction_error,266,unet,5.6932947756e-05
present_day,zonal,prediction_error,267,bilinear,5.8598133610e-04
present_day,zonal,prediction_error,267,cca,9.2243853625e-05
present_day,zonal,prediction_error,267,unet,5.6883843723e-05
present_day,zonal,prediction_error,268,bilinear,6.4533245716e-04
present_day,zonal,prediction_error,268,cca,9.1333009935e-05
present_day,zonal,prediction_error,268,unet,5.6503896585e-05
present_day,zonal,prediction_error,269,bilinear,6.2595312212e-04
present_day,zonal,prediction_error,269,cca,9.0768458881e-05
present_day,zonal,prediction_error,269,unet,5.6258699534e-05
present_day,zonal,prediction_error,270,bilinear,6.3480212895e-04
present_day,zonal,prediction_error,270,cca,8.9965710857e-05
present_day,zonal,prediction_error,270,unet,5.5816402884e-05
present_day,zonal,prediction_error,271,bilinear,5.6766026893e-04
present_day,zonal,prediction_error,271,cca,8.9824047303e-05
present_day,zonal,prediction_error,271,unet,5.5367083181e-05
present_day,zonal,prediction_error,272,bilinear,6.1221483485e-04
present_day,zonal,prediction_error,272,cca,8.8755551638e-05
present_day,zonal,prediction_error,272,unet,5.5188109095e-05
present_day,zonal,prediction_error,273,bilinear,5.9059536324e-04
present_day,zonal,prediction_error,273,cca,8.7965608952e-05
present_day,zonal,prediction_error,273,unet,5.4610082454e-05
present_day,zonal,prediction_error,274,bilinear,5.5065123668e-04
present_day,zonal,prediction_error,274,cca,8.7897310425e-05
present_day,zonal,prediction_error,274,unet,5.4416586713e-05
present_day,zonal,prediction_error,275,bilinear,5.7013083805e-04
present_day,zonal,prediction_error,275,cca,8.6385516502e-05
present_day,zonal,prediction_error,275,unet,5.3977213387e-05
present_day,zonal,prediction_error,276,bilinear,6.3185498746e-04
present_day,zonal,prediction_error,276,cca,8.6513951563e-05
present_day,zonal,prediction_error,276,unet,5.4135514679e-05
present_day,zonal,prediction_error,277,bilinear,5.5297745907e-04
present_day,zonal,prediction_error,277,cca,8.5622352273e-05
present_day,zonal,prediction_error,277,unet,5.3563378227e-05
present_day,zonal,prediction_error,278,bilinear,6.1176921914e-04
present_day,zonal,prediction_error,278,cca,8.5126731750e-05
present_day,zonal,prediction_error,278,unet,5.2958207394e-05
present_day,zonal,prediction_error,279,bilinear,5.4113258427e-04
present_day,zonal,prediction_error,279,cca,8.4544617163e-05
present_day,zonal,prediction_error,279,unet,5.2687486012e-05
present_day,zonal,prediction_error,280,bilinear,5.1552643875e-04
present_day,zonal,prediction_error,280,cca,8.3673474145e-05
present_day,zonal,prediction_error,280,unet,5.2616728882e-05
present_day,zonal,prediction_error,281,bilinear,5.2693757053e-04
present_day,zonal,prediction_error,281,cca,8.3170846177e-05
present_day,zonal,prediction_error,281,unet,5.1947098804e-05
present_day,zonal,prediction_error,282,bilinear,5.2332874243e-04
present_day,zonal,prediction_error,282,cca,8.3162706464e-05
present_day,zonal,prediction_error,282,unet,5.1625843873e-05
present_day,zonal,prediction_error,283,bilinear,5.2445716122e-04
present_day,zonal,prediction_error,283,cca,8.2364978910e-05
present_day,zonal,prediction_error,283,unet,5.1328148405e-05
present_day,zonal,prediction_error,284,bilinear,5.2528554461e-04
present_day,zonal,prediction_error,284,cca,8.1832953264e-05
present_day,zonal,prediction_error,284,unet,5.1338994890e-05
present_day,zonal,prediction_error,285,bilinear,4.8930913949e-04
present_day,zonal,prediction_error,285,cca,8.0979758762e-05
present_day,zonal,prediction_error,285,unet,5.0800366649e-05
present_day,zonal,prediction_error,286,bilinear,5.1135050446e-04
present_day,zonal,prediction_error,286,cca,8.0508247020e-05
present_day,zonal,prediction_error,286,unet,5.0455770020e-05
present_day,zonal,prediction_error,287,bilinear,4.9815711752e-04
present_day,zonal,prediction_error,287,cca,7.9292436275e-05
present_day,zonal,prediction_error,287,unet,4.9851675574e-05
present_day,zonal,prediction_error,288,bilinear,4.9226288737e-04
present_day,zonal,prediction_error,288,cca,7.9392689753e-05
present_day,zonal,prediction_error,288,unet,5.0189333159e-05
present_day,zonal,prediction_error,289,bilinear,5.0142999331e-04
present_day,zonal,prediction_error,289,cca,7.8463648896e-05
present_day,zonal,prediction_error,289,unet,4.9500254347e-05
present_day,zonal,prediction_error,290,bilinear,4.8159584410e-04
present_day,zonal,prediction_error,290,cca,7.8169199786e-05
present_day,zonal,prediction_error,290,unet,4.9188378002e-05
present_day,zonal,prediction_error,291,bilinear,4.8130358729e-04
present_day,zonal,prediction_error,291,cca,7.7750783671e-05
present_day,zonal,prediction_error,291,unet,4.9138535412e-05
present_day,zonal,prediction_error,292,bilinear,4.7491188826e-04
present_day,zonal,prediction_error,292,cca,7.7261767654e-05
present_day,zonal,prediction_error,292,unet,4.8735331499e-05
present_day,zonal,prediction_error,293,bilinear,4.8832062599e-04
present_day,zonal,prediction_error,293,cca,7.6796762543e-05
present_day,zonal,prediction_error,293,unet,4.8444665419e-05
present_day,zonal,prediction_error,294,bilinear,4.8762879864e-04
present_day,zonal,prediction_error,294,cca,7.5327984601e-05
present_day,zonal,prediction_error,294,unet,4.7931305902e-05
present_day,zonal,prediction_error,295,bilinear,4.7715330419e-04
present_day,zonal,prediction_error,295,cca,7.4846975270e-05
present_day,zonal,prediction_error,295,unet,4.7821236030e-05
present_day,zonal,prediction_error,296,bilinear,4.5815064256e-04
present_day,zonal,prediction_error,296,cca,7.4824031298e-05
present_day,zonal,prediction_error,296,unet,4.7365977766e-05
present_day,zonal,prediction_error,297,bilinear,4.6946817252e-04
present_day,zonal,prediction_error,297,cca,7.4027820729e-05
present_day,zonal,prediction_error,297,unet,4.7097910898e-05
present_day,zonal,prediction_error,298,bilinear,4.5309528739e-04
present_day,zonal,prediction_error,298,cca,7.3819697816e-05
present_day,zonal,prediction_error,298,unet,4.6816717588e-05
present_day,zonal,prediction_error,299,bilinear,4.7427183529e-04
present_day,zonal,prediction_error,299,cca,7.3073140637e-05
present_day,zonal,prediction_error,299,unet,4.6609707183e-05
present_day,zonal,prediction_error,300,bilinear,4.6329948219e-04
present_day,zonal,prediction_error,300,cca,7.2753741621e-05
present_day,zonal,prediction_error,300,unet,4.6283468800e-05
present_day,zonal,prediction_error,301,bilinear,4.1971899671e-04
present_day,zonal,prediction_error,301,cca,7.1675138901e-05
present_day,zonal,prediction_error,301,unet,4.5549063805e-05
present_day,zonal,prediction_error,302,bilinear,4.5423284151e-04
present_day,zonal,prediction_error,302,cca,7.1649445197e-05
present_day,zonal,prediction_error,302,unet,4.5508583199e-05
present_day,zonal,prediction_error,303,bilinear,4.5928936677e-04
present_day,zonal,prediction_error,303,cca,7.0749668746e-05
present_day,zonal,prediction_error,303,unet,4.5212415535e-05
present_day,zonal,prediction_error,304,bilinear,4.5307930879e-04
present_day,zonal,prediction_error,304,cca,7.0377738174e-05
present_day,zonal,prediction_error,304,unet,4.5324648497e-05
present_day,zonal,prediction_error,305,bilinear,4.5736580927e-04
present_day,zonal,prediction_error,305,cca,6.9880749394e-05
present_day,zonal,prediction_error,305,unet,4.4784207556e-05
present_day,zonal,prediction_error,306,bilinear,4.4007565023e-04
present_day,zonal,prediction_error,306,cca,6.9657902773e-05
present_day,zonal,prediction_error,306,unet,4.4614104579e-05
present_day,zonal,prediction_error,307,bilinear,4.4629560039e-04
present_day,zonal,prediction_error,307,cca,6.8640836289e-05
present_day,zonal,prediction_error,307,unet,4.4072848257e-05
present_day,zonal,prediction_error,308,bilinear,4.2228581282e-04
present_day,zonal,prediction_error,308,cca,6.8074321681e-05
present_day,zonal,prediction_error,308,unet,4.3945178946e-05
present_day,zonal,prediction_error,309,bilinear,4.0718323337e-04
present_day,zonal,prediction_error,309,cca,6.7635492556e-05
present_day,zonal,prediction_error,309,unet,4.3614937437e-05
present_day,zonal,prediction_error,310,bilinear,4.4373796598e-04
present_day,zonal,prediction_error,310,cca,6.6832246332e-05
present_day,zonal,prediction_error,310,unet,4.3306585651e-05
present_day,zonal,prediction_error,311,bilinear,3.9344344879e-04
present_day,zonal,prediction_error,311,cca,6.6186057395e-05
present_day,zonal,prediction_error,311,unet,4.2929035055e-05
present_day,zonal,prediction_error,312,bilinear,4.1200830312e-04
present_day,zonal,prediction_error,312,cca,6.5837827863e-05
present_day,zonal,prediction_error,312,unet,4.3016080710e-05
present_day,zonal,prediction_error,313,bilinear,3.9745630702e-04
present_day,zonal,prediction_error,313,cca,6.5372057654e-05
present_day,zonal,prediction_error,313,unet,4.2444173916e-05
present_day,zonal,prediction_error,314,bilinear,3.7007068622e-04
present_day,zonal,prediction_error,314,cca,6.5103958831e-05
present_day,zonal,prediction_error,314,unet,4.2383864545e-05
present_day,zonal,prediction_error,315,bilinear,3.8266094313e-04
present_day,zonal,prediction_error,315,cca,6.4250991322e-05
present_day,zonal,prediction_error,315,unet,4.2061941460e-05
present_day,zonal,prediction_error,316,bilinear,4.0683530971e-04
present_day,zonal,prediction_error,316,cca,6.3839037600e-05
present_day,zonal,prediction_error,316,unet,4.2292619109e-05
present_day,zonal,prediction_error,317,bilinear,3.6049318462e-04
present_day,zonal,prediction_error,317,cca,6.3402467386e-05
present_day,zonal,prediction_error,317,unet,4.1402611622e-05
present_day,zonal,prediction_error,318,bilinear,3.7811196647e-04
present_day,zonal,prediction_error,318,cca,6.3287404128e-05
present_day,zonal,prediction_error,318,unet,4.1376147151e-05
present_day,zonal,prediction_error,319,bilinear,3.9715084606e-04
present_day,zonal,prediction_error,319,cca,6.2634740522e-05
present_day,zonal,prediction_error,319,unet,4.1052917496e-05
present_day,zonal,prediction_error,320,bilinear,3.8626468280e-04
present_day,zonal,prediction_error,320,cca,6.2212842374e-05
present_day,zonal,prediction_error,320,unet,4.2450822827e-05
present_day,zonal,prediction_error,321,bilinear,3.9630384320e-04
present_day,zonal,prediction_error,321,cca,6.1513116852e-05
present_day,zonal,prediction_error,321,unet,4.0535982257e-05
present_day,zonal,prediction_error,322,bilinear,3.6742420230e-04
present_day,zonal,prediction_error,322,cca,6.1213909498e-05
present_day,zonal,prediction_error,322,unet,4.0346484457e-05
present_day,zonal,prediction_error,323,bilinear,4.1072092834e-04
present_day,zonal,prediction_error,323,cca,6.0759412446e-05
present_day,zonal,prediction_error,323,unet,3.9881451790e-05
present_day,zonal,prediction_error,324,bilinear,3.4997331645e-04
present_day,zonal,prediction_error,324,cca,6.0040697759e-05
present_day,zonal,prediction_error,324,unet,3.9725375464e-05
present_day,zonal,prediction_error,325,bilinear,3.1932300336e-04
present_day,zonal,prediction_error,325,cca,5.9949739303e-05
present_day,zonal,prediction_error,325,unet,3.9529487009e-05
present_day,zonal,prediction_error,326,bilinear,3.4013308331e-04
present_day,zonal,prediction_error,326,cca,5.9252907075e-05
present_day,zonal,prediction_error,326,unet,3.9308670148e-05
present_day,zonal,prediction_error,327,bilinear,3.4437441716e-04
present_day,zonal,prediction_error,327,cca,5.8983431834e-05
present_day,zonal,prediction_error,327,unet,3.8893468956e-05
present_day,zonal,prediction_error,328,bilinear,3.2005378903e-04
present_day,zonal,prediction_error,328,cca,5.8628835260e-05
present_day,zonal,prediction_error,328,unet,3.8908076846e-05
present_day,zonal,prediction_error,329,bilinear,3.5389660701e-04
present_day,zonal,prediction_error,329,cca,5.8191110048e-05
present_day,zonal,prediction_error,329,unet,3.8442240034e-05
present_day,zonal,prediction_error,330,bilinear,3.5123864710e-04
present_day,zonal,prediction_error,330,cca,5.7617333268e-05
present_day,zonal,prediction_error,330,unet,3.8157986509e-05
present_day,zonal,prediction_error,331,bilinear,3.1834302082e-04
present_day,zonal,prediction_error,331,cca,5.6967577984e-05
present_day,zonal,prediction_error,331,unet,3.7832760536e-05
present_day,zonal,prediction_error,332,bilinear,3.4523310754e-04
present_day,zonal,prediction_error,332,cca,5.6350390456e-05
present_day,zonal,prediction_error,332,unet,3.7592686346e-05
present_day,zonal,prediction_error,333,bilinear,3.4205193085e-04
present_day,zonal,prediction_error,333,cca,5.6017381626e-05
present_day,zonal,prediction_error,333,unet,3.7424461607e-05
present_day,zonal,prediction_error,334,bilinear,3.1001699287e-04
present_day,zonal,prediction_error,334,cca,5.5794389823e-05
present_day,zonal,prediction_error,334,unet,3.7216960307e-05
present_day,zonal,prediction_error,335,bilinear,3.1568743722e-04
present_day,zonal,prediction_error,335,cca,5.5507380246e-05
present_day,zonal,prediction_error,335,unet,3.7155089150e-05
present_day,zonal,prediction_error,336,bilinear,3.3958585521e-04
present_day,zonal,prediction_error,336,cca,5.4942952491e-05
present_day,zonal,prediction_error,336,unet,3.7465346610e-05
present_day,zonal,prediction_error,337,bilinear,3.0678733423e-04
present_day,zonal,prediction_error,337,cca,5.4527071104e-05
present_day,zonal,prediction_error,337,unet,3.6681323068e-05
present_day,zonal,prediction_error,338,bilinear,2.9665143189e-04
present_day,zonal,prediction_error,338,cca,5.3974731207e-05
present_day,zonal,prediction_error,338,unet,3.6257470441e-05
present_day,zonal,prediction_error,339,bilinear,3.2875697086e-04
present_day,zonal,prediction_error,339,cca,5.3720757520e-05
present_day,zonal,prediction_error,339,unet,3.6178722502e-05
present_day,zonal,prediction_error,340,bilinear,3.1078878047e-04
present_day,zonal,prediction_error,340,cca,5.3238907339e-05
present_day,zonal,prediction_error,340,unet,3.6080803850e-05
present_day,zonal,prediction_error,341,bilinear,2.9178619899e-04
present_day,zonal,prediction_error,341,cca,5.2705184192e-05
present_day,zonal,prediction_error,341,unet,3.5465585672e-05
present_day,zonal,prediction_error,342,bilinear,3.2442021808e-04
present_day,zonal,prediction_error,342,cca,5.2280834101e-05
present_day,zonal,prediction_error,342,unet,3.5324052183e-05
present_day,zonal,prediction_error,343,bilinear,3.1132000447e-04
present_day,zonal,prediction_error,343,cca,5.1860863656e-05
present_day,zonal,prediction_error,343,unet,3.5187952648e-05
present_day,zonal,prediction_error,344,bilinear,2.8848091859e-04
present_day,zonal,prediction_error,344,cca,5.1583718269e-05
present_day,zonal,prediction_error,344,unet,3.5072901343e-05
present_day,zonal,prediction_error,345,bilinear,3.0868385740e-04
present_day,zonal,prediction_error,345,cca,5.1139520375e-05
present_day,zonal,prediction_error,345,unet,3.4828436118e-05
present_day,zonal,prediction_error,346,bilinear,3.0499580335e-04
present_day,zonal,prediction_error,346,cca,5.0969875076e-05
present_day,zonal,prediction_error,346,unet,3.4696849478e-05
present_day,zonal,prediction_error,347,bilinear,2.9997080556e-04
present_day,zonal,prediction_error,347,cca,5.0132563558e-05
present_day,zonal,prediction_error,347,unet,3.4320275892e-05
present_day,zonal,prediction_error,348,bilinear,2.9878305296e-04
present_day,zonal,prediction_error,348,cca,4.9729903238e-05
present_day,zonal,prediction_error,348,unet,3.4217487450e-05
present_day,zonal,prediction_error,349,bilinear,2.9610566080e-04
present_day,zonal,prediction_error,349,cca,4.9229468345e-05
present_day,zonal,prediction_error,349,unet,3.3788746183e-05
present_day,zonal,prediction_error,350,bilinear,2.9912840837e-04
present_day,zonal,prediction_error,350,cca,4.9105904307e-05
present_day,zonal,prediction_error,350,unet,3.3683857207e-05
present_day,zonal,prediction_error,351,bilinear,2.7756420082e-04
present_day,zonal,prediction_error,351,cca,4.8800190902e-05
present_day,zonal,prediction_error,351,unet,3.3558878450e-05
present_day,zonal,prediction_error,352,bilinear,2.8117983181e-04
present_day,zonal,prediction_error,352,cca,4.8363080340e-05
present_day,zonal,prediction_error,352,unet,3.3603414953e-05
present_day,zonal,prediction_error,353,bilinear,2.6924913641e-04
present_day,zonal,prediction_error,353,cca,4.8326735053e-05
present_day,zonal,prediction_error,353,unet,3.3200009092e-05
present_day,zonal,prediction_error,354,bilinear,2.7623147067e-04
present_day,zonal,prediction_error,354,cca,4.7722725537e-05
present_day,zonal,prediction_error,354,unet,3.2926295528e-05
present_day,zonal,prediction_error,355,bilinear,2.5867488569e-04
present_day,zonal,prediction_error,355,cca,4.7349286072e-05
present_day,zonal,prediction_error,355,unet,3.2724757535e-05
present_day,zonal,prediction_error,356,bilinear,2.6180430796e-04
present_day,zonal,prediction_error,356,cca,4.7271532849e-05
present_day,zonal,prediction_error,356,unet,3.2773250149e-05
present_day,zonal,prediction_error,357,bilinear,2.7457214083e-04
present_day,zonal,prediction_error,357,cca,4.6462398055e-05
present_day,zonal,prediction_error,357,unet,3.2228108577e-05
present_day,zonal,prediction_error,358,bilinear,2.7630606948e-04
present_day,zonal,prediction_error,358,cca,4.6365678817e-05
present_day,zonal,prediction_error,358,unet,3.1973846039e-05
present_day,zonal,prediction_error,359,bilinear,2.6584578776e-04
present_day,zonal,prediction_error,359,cca,4.5573560160e-05
present_day,zonal,prediction_error,359,unet,3.1663932580e-05
present_day,zonal,prediction_error,360,bilinear,2.6729138329e-04
present_day,zonal,prediction_error,360,cca,4.5605008853e-05
present_day,zonal,prediction_error,360,unet,3.1883168539e-05
present_day,zonal,prediction_error,361,bilinear,2.4248473230e-04
present_day,zonal,prediction_error,361,cca,4.4929925809e-05
present_day,zonal,prediction_error,361,unet,3.1353934453e-05
present_day,zonal,prediction_error,362,bilinear,2.6294904561e-04
present_day,zonal,prediction_error,362,cca,4.4672809539e-05
present_day,zonal,prediction_error,362,unet,3.1238954082e-05
present_day,zonal,prediction_error,363,bilinear,2.5337141894e-04
present_day,zonal,prediction_error,363,cca,4.4316415119e-05
present_day,zonal,prediction_error,363,unet,3.1002727092e-05
present_day,zonal,prediction_error,364,bilinear,2.5247355153e-04
present_day,zonal,prediction_error,364,cca,4.4078784419e-05
present_day,zonal,prediction_error,364,unet,3.1056786910e-05
present_day,zonal,prediction_error,365,bilinear,2.4723537269e-04
present_day,zonal,prediction_error,365,cca,4.3748393128e-05
present_day,zonal,prediction_error,365,unet,3.0681316021e-05
present_day,zonal,prediction_error,366,bilinear,2.4990046045e-04
present_day,zonal,prediction_error,366,cca,4.3597216151e-05
present_day,zonal,prediction_error,366,unet,3.0641088667e-05
present_day,zonal,prediction_error,367,bilinear,2.4273429764e-04
present_day,zonal,prediction_error,367,cca,4.3042297465e-05
present_day,zonal,prediction_error,367,unet,3.0298114443e-05
present_day,zonal,prediction_error,368,bilinear,2.3174146646e-04
present_day,zonal,prediction_error,368,cca,4.2805312589e-05
present_day,zonal,prediction_error,368,unet,3.0316112023e-05
present_day,zonal,prediction_error,369,bilinear,2.3102788863e-04
present_day,zonal,prediction_error,369,cca,4.2283884646e-05
present_day,zonal,prediction_error,369,unet,2.9942587902e-05
present_day,zonal,prediction_error,370,bilinear,2.4817195944e-04
present_day,zonal,prediction_error,370,cca,4.2043709693e-05
present_day,zonal,prediction_error,370,unet,2.9824508418e-05
present_day,zonal,prediction_error,371,bilinear,2.7718006531e-04
present_day,zonal,prediction_error,371,cca,4.1555232495e-05
present_day,zonal,prediction_error,371,unet,2.9652772166e-05
present_day,zonal,prediction_error,372,bilinear,2.1902561089e-04
present_day,zonal,prediction_error,372,cca,4.1650931348e-05
present_day,zonal,prediction_error,372,unet,2.9510315914e-05
present_day,zonal,prediction_error,373,bilinear,2.1987747577e-04
present_day,zonal,prediction_error,373,cca,4.1141526215e-05
present_day,zonal,prediction_error,373,unet,2.9256243672e-05
present_day,zonal,prediction_error,374,bilinear,2.1787872571e-04
present_day,zonal,prediction_error,374,cca,4.0866309432e-05
present_day,zonal,prediction_error,374,unet,2.9150821503e-05
present_day,zonal,prediction_error,375,bilinear,2.1709615463e-04
present_day,zonal,prediction_error,375,cca,4.0472192641e-05
present_day,zonal,prediction_error,375,unet,2.8896005700e-05
present_day,zonal,prediction_error,376,bilinear,2.1793368063e-04
present_day,zonal,prediction_error,376,cca,4.0177528956e-05
present_day,zonal,prediction_error,376,unet,2.8856517397e-05
present_day,zonal,prediction_error,377,bilinear,2.2801859256e-04
present_day,zonal,prediction_error,377,cca,3.9798503955e-05
present_day,zonal,prediction_error,377,unet,2.8423528188e-05
present_day,zonal,prediction_error,378,bilinear,2.1250384178e-04
present_day,zonal,prediction_error,378,cca,3.9572216506e-05
present_day,zonal,prediction_error,378,unet,2.8403839013e-05
present_day,zonal,prediction_error,379,bilinear,2.1363651811e-04
present_day,zonal,prediction_error,379,cca,3.9108516990e-05
present_day,zonal,prediction_error,379,unet,2.8206526674e-05
present_day,zonal,prediction_error,380,bilinear,2.1471005947e-04
present_day,zonal,prediction_error,380,cca,3.8708812412e-05
present_day,zonal,prediction_error,380,unet,2.8039730910e-05
present_day,zonal,prediction_error,381,bilinear,2.0514384634e-04
present_day,zonal,prediction_error,381,cca,3.8341711154e-05
present_day,zonal,prediction_error,381,unet,2.7741390125e-05
present_day,zonal,prediction_error,382,bilinear,2.1969734153e-04
present_day,zonal,prediction_error,382,cca,3.8219664933e-05
present_day,zonal,prediction_error,382,unet,2.7680521905e-05
present_day,zonal,prediction_error,383,bilinear,2.0827901673e-04
present_day,zonal,prediction_error,383,cca,3.7748112979e-05
present_day,zonal,prediction_error,383,unet,2.7396774122e-05
present_day,zonal,prediction_error,384,bilinear,2.2314884114e-04
present_day,zonal,prediction_error,384,cca,3.7558394025e-05
present_day,zonal,prediction_error,384,unet,2.8341033911e-05
present_day,zonal,prediction_error,385,bilinear,1.8265585861e-04
present_day,zonal,prediction_error,385,cca,3.7226708595e-05
present_day,zonal,prediction_error,385,unet,2.7103339653e-05
present_day,zonal,prediction_error,386,bilinear,1.9977102040e-04
present_day,zonal,prediction_error,386,cca,3.6967855076e-05
present_day,zonal,prediction_error,386,unet,2.6836734813e-05
present_day,zonal,prediction_error,387,bilinear,1.9618546055e-04
present_day,zonal,prediction_error,387,cca,3.6590842640e-05
present_day,zonal,prediction_error,387,unet,2.6796598044e-05
present_day,zonal,prediction_error,388,bilinear,1.9380488826e-04
present_day,zonal,prediction_error,388,cca,3.6348531591e-05
present_day,zonal,prediction_error,388,unet,2.6604400928e-05
present_day,zonal,prediction_error,389,bilinear,1.8121065781e-04
present_day,zonal,prediction_error,389,cca,3.5907734206e-05
present_day,zonal,prediction_error,389,unet,2.6301842800e-05
present_day,zonal,prediction_error,390,bilinear,1.8841839291e-04
present_day,zonal,prediction_error,390,cca,3.5686447890e-05
present_day,zonal,prediction_error,390,unet,2.6212872920e-05
present_day,zonal,prediction_error,391,bilinear,1.8275068100e-04
present_day,zonal,prediction_error,391,cca,3.5391707950e-05
present_day,zonal,prediction_error,391,unet,2.6138871337e-05
present_day,zonal,prediction_error,392,bilinear,1.9028012389e-04
present_day,zonal,prediction_error,392,cca,3.4901357383e-05
present_day,zonal,prediction_error,392,unet,2.6079475844e-05
present_day,zonal,prediction_error,393,bilinear,2.0045354294e-04
present_day,zonal,prediction_error,393,cca,3.4732434213e-05
present_day,zonal,prediction_error,393,unet,2.5678474785e-05
present_day,zonal,prediction_error,394,bilinear,1.7896595404e-04
present_day,zonal,prediction_error,394,cca,3.4367534921e-05
present_day,zonal,prediction_error,394,unet,2.5440054695e-05
present_day,zonal,prediction_error,395,bilinear,1.9876186302e-04
present_day,zonal,prediction_error,395,cca,3.4279211101e-05
present_day,zonal,prediction_error,395,unet,2.5367790594e-05
present_day,zonal,prediction_error,396,bilinear,2.0309216192e-04
present_day,zonal,prediction_error,396,cca,3.3670452177e-05
present_day,zonal,prediction_error,396,unet,2.5133809755e-05
present_day,zonal,prediction_error,397,bilinear,1.8805469170e-04
present_day,zonal,prediction_error,397,cca,3.3649902359e-05
present_day,zonal,prediction_error,397,unet,2.5034992769e-05
present_day,zonal,prediction_error,398,bilinear,1.6160949163e-04
present_day,zonal,prediction_error,398,cca,3.3348809323e-05
present_day,zonal,prediction_error,398,unet,2.4788242009e-05
present_day,zonal,prediction_error,399,bilinear,1.7993871761e-04
present_day,zonal,prediction_error,399,cca,3.3207677331e-05
present_day,zonal,prediction_error,399,unet,2.4711966493e-05
present_day,zonal,prediction_error,400,bilinear,1.7712815758e-04
present_day,zonal,prediction_error,400,cca,3.2915024592e-05
present_day,zonal,prediction_error,400,unet,2.4932906211e-05
present_day,zonal,prediction_error,401,bilinear,1.6659532796e-04
present_day,zonal,prediction_error,401,cca,3.2720400346e-05
present_day,zonal,prediction_error,401,unet,2.4241449527e-05
present_day,zonal,prediction_error,402,bilinear,1.5991760238e-04
present_day,zonal,prediction_error,402,cca,3.2574967075e-05
present_day,zonal,prediction_error,402,unet,2.4147371793e-05
present_day,zonal,prediction_error,403,bilinear,1.6328603674e-04
present_day,zonal,prediction_error,403,cca,3.2303765717e-05
present_day,zonal,prediction_error,403,unet,2.4007737159e-05
present_day,zonal,prediction_error,404,bilinear,1.6420162441e-04
present_day,zonal,prediction_error,404,cca,3.2153962056e-05
present_day,zonal,prediction_error,404,unet,2.3967702627e-05
present_day,zonal,prediction_error,405,bilinear,1.6622970083e-04
present_day,zonal,prediction_error,405,cca,3.1728787417e-05
present_day,zonal,prediction_error,405,unet,2.3600831054e-05
present_day,zonal,prediction_error,406,bilinear,1.9180219901e-04
present_day,zonal,prediction_error,406,cca,3.1461276673e-05
present_day,zonal,prediction_error,406,unet,2.3565419181e-05
present_day,zonal,prediction_error,407,bilinear,1.6682788023e-04
present_day,zonal,prediction_error,407,cca,3.1306934186e-05
present_day,zonal,prediction_error,407,unet,2.3389586913e-05
present_day,zonal,prediction_error,408,bilinear,1.5309310854e-04
present_day,zonal,prediction_error,408,cca,3.1084855386e-05
present_day,zonal,prediction_error,408,unet,2.3486776159e-05
present_day,zonal,prediction_error,409,bilinear,1.7099659880e-04
present_day,zonal,prediction_error,409,cca,3.0915600918e-05
present_day,zonal,prediction_error,409,unet,2.3124379506e-05
present_day,zonal,prediction_error,410,bilinear,1.6833638676e-04
present_day,zonal,prediction_error,410,cca,3.0621791401e-05
present_day,zonal,prediction_error,410,unet,2.3011473659e-05
present_day,zonal,prediction_error,411,bilinear,1.4473411354e-04
present_day,zonal,prediction_error,411,cca,3.0243209176e-05
present_day,zonal,prediction_error,411,unet,2.2892671015e-05
present_day,zonal,prediction_error,412,bilinear,1.7586215378e-04
present_day,zonal,prediction_error,412,cca,3.0178286358e-05
present_day,zonal,prediction_error,412,unet,2.2934922445e-05
present_day,zonal,prediction_error,413,bilinear,1.6954801449e-04
present_day,zonal,prediction_error,413,cca,2.9859984179e-05
present_day,zonal,prediction_error,413,unet,2.2612214555e-05
present_day,zonal,prediction_error,414,bilinear,1.5809250063e-04
present_day,zonal,prediction_error,414,cca,2.9761998709e-05
present_day,zonal,prediction_error,414,unet,2.2464083545e-05
present_day,zonal,prediction_error,415,bilinear,1.5561752811e-04
present_day,zonal,prediction_error,415,cca,2.9375751454e-05
present_day,zonal,prediction_error,415,unet,2.2295634992e-05
present_day,zonal,prediction_error,416,bilinear,1.6615938576e-04
present_day,zonal,prediction_error,416,cca,2.9073175476e-05
present_day,zonal,prediction_error,416,unet,2.2561329226e-05
present_day,zonal,prediction_error,417,bilinear,1.5566662128e-04
present_day,zonal,prediction_error,417,cca,2.9071779376e-05
present_day,zonal,prediction_error,417,unet,2.2085487873e-05
present_day,zonal,prediction_error,418,bilinear,1.4593579011e-04
present_day,zonal,prediction_error,418,cca,2.8759223766e-05
present_day,zonal,prediction_error,418,unet,2.1954932654e-05
present_day,zonal,prediction_error,419,bilinear,1.5025904510e-04
present_day,zonal,prediction_error,419,cca,2.8625985249e-05
present_day,zonal,prediction_error,419,unet,2.1798286802e-05
present_day,zonal,prediction_error,420,bilinear,1.2501464821e-04
present_day,zonal,prediction_error,420,cca,2.8387606156e-05
present_day,zonal,prediction_error,420,unet,2.1799999859e-05
present_day,zonal,prediction_error,421,bilinear,1.5612320736e-04
present_day,zonal,prediction_error,421,cca,2.8121294458e-05
present_day,zonal,prediction_error,421,unet,2.1480570591e-05
present_day,zonal,prediction_error,422,bilinear,1.6269488770e-04
present_day,zonal,prediction_error,422,cca,2.7725489256e-05
present_day,zonal,prediction_error,422,unet,2.1289035054e-05
present_day,zonal,prediction_error,423,bilinear,1.4389049719e-04
present_day,zonal,prediction_error,423,cca,2.7468194063e-05
present_day,zonal,prediction_error,423,unet,2.1196146929e-05
present_day,zonal,prediction_error,424,bilinear,1.3943785500e-04
present_day,zonal,prediction_error,424,cca,2.7440717828e-05
present_day,zonal,prediction_error,424,unet,2.3962290682e-05
present_day,zonal,prediction_error,425,bilinear,1.4942851121e-04
present_day,zonal,prediction_error,425,cca,2.7155396859e-05
present_day,zonal,prediction_error,425,unet,2.0892980369e-05
present_day,zonal,prediction_error,426,bilinear,1.4460673891e-04
present_day,zonal,prediction_error,426,cca,2.7016904281e-05
present_day,zonal,prediction_error,426,unet,2.0794861036e-05
present_day,zonal,prediction_error,427,bilinear,1.2176680445e-04
present_day,zonal,prediction_error,427,cca,2.6849963197e-05
present_day,zonal,prediction_error,427,unet,2.0720166672e-05
present_day,zonal,prediction_error,428,bilinear,1.4679489072e-04
present_day,zonal,prediction_error,428,cca,2.6642805293e-05
present_day,zonal,prediction_error,428,unet,2.0512402216e-05
present_day,zonal,prediction_error,429,bilinear,1.2803073471e-04
present_day,zonal,prediction_error,429,cca,2.6399891213e-05
present_day,zonal,prediction_error,429,unet,2.0421277594e-05
present_day,zonal,prediction_error,430,bilinear,1.3079157056e-04
present_day,zonal,prediction_error,430,cca,2.6147194478e-05
present_day,zonal,prediction_error,430,unet,2.0232958946e-05
present_day,zonal,prediction_error,431,bilinear,1.3344339416e-04
present_day,zonal,prediction_error,431,cca,2.5982099545e-05
present_day,zonal,prediction_error,431,unet,2.0213022213e-05
present_day,zonal,prediction_error,432,bilinear,1.3300633600e-04
present_day,zonal,prediction_error,432,cca,2.5820235986e-05
present_day,zonal,prediction_error,432,unet,2.0290096484e-05
present_day,zonal,prediction_error,433,bilinear,1.1886456216e-04
present_day,zonal,prediction_error,433,cca,2.5480321221e-05
present_day,zonal,prediction_error,433,unet,1.9872196137e-05
present_day,zonal,prediction_error,434,bilinear,1.2148964026e-04
present_day,zonal,prediction_error,434,cca,2.5355106589e-05
present_day,zonal,prediction_error,434,unet,1.9772594558e-05
present_day,zonal,prediction_error,435,bilinear,1.2628614606e-04
present_day,zonal,prediction_error,435,cca,2.5040844380e-05
present_day,zonal,prediction_error,435,unet,1.9521901668e-05
present_day,zonal,prediction_error,436,bilinear,1.1754024007e-04
present_day,zonal,prediction_error,436,cca,2.4948284175e-05
present_day,zonal,prediction_error,436,unet,1.9526661125e-05
present_day,zonal,prediction_error,437,bilinear,1.1399411656e-04
present_day,zonal,prediction_error,437,cca,2.4652875457e-05
present_day,zonal,prediction_error,437,unet,1.9268578040e-05
mid_holocene,spherical,prediction_error,1,bilinear,4.5621613311e-07
mid_holocene,spherical,prediction_error,2,bilinear,1.1004873228e-05
mid_holocene,spherical,prediction_error,3,bilinear,4.4898203599e-07
mid_holocene,spherical,prediction_error,4,bilinear,4.3601245573e-06
mid_holocene,spherical,prediction_error,5,bilinear,3.3157779039e-06
mid_holocene,spherical,prediction_error,6,bilinear,4.6513285525e-06
mid_holocene,spherical,prediction_error,7,bilinear,3.2239032293e-06
mid_holocene,spherical,prediction_error,8,bilinear,7.8143594178e-06
mid_holocene,spherical,prediction_error,9,bilinear,6.7043186910e-06
mid_holocene,spherical,prediction_error,10,bilinear,5.3339273900e-06
mid_holocene,spherical,prediction_error,11,bilinear,5.8493824868e-06
mid_holocene,spherical,prediction_error,12,bilinear,6.6326216870e-06
mid_holocene,spherical,prediction_error,13,bilinear,9.7900301365e-06
mid_holocene,spherical,prediction_error,14,bilinear,8.2908430348e-06
mid_holocene,spherical,prediction_error,15,bilinear,8.1594382368e-06
mid_holocene,spherical,prediction_error,16,bilinear,1.3391688398e-05
mid_holocene,spherical,prediction_error,17,bilinear,1.2161096619e-05
mid_holocene,spherical,prediction_error,18,bilinear,1.1604463204e-05
mid_holocene,spherical,prediction_error,19,bilinear,1.0541237418e-05
mid_holocene,spherical,prediction_error,20,bilinear,1.3665388736e-05
mid_holocene,spherical,prediction_error,21,bilinear,1.5125279299e-05
mid_holocene,spherical,prediction_error,22,bilinear,1.1647019791e-05
mid_holocene,spherical,prediction_error,23,bilinear,1.5010078109e-05
mid_holocene,spherical,prediction_error,24,bilinear,1.5651585007e-05
mid_holocene,spherical,prediction_error,25,bilinear,1.4890705414e-05
mid_holocene,spherical,prediction_error,26,bilinear,1.8956938289e-05
mid_holocene,spherical,prediction_error,27,bilinear,1.6237795864e-05
mid_holocene,spherical,prediction_error,28,bilinear,1.7048411828e-05
mid_holocene,spherical,prediction_error,29,bilinear,1.4198117779e-05
mid_holocene,spherical,prediction_error,30,bilinear,1.5990941736e-05
mid_holocene,spherical,prediction_error,31,bilinear,1.5872247464e-05
mid_holocene,spherical,prediction_error,32,bilinear,1.6438113188e-05
mid_holocene,spherical,prediction_error,33,bilinear,1.6146094057e-05
mid_holocene,spherical,prediction_error,34,bilinear,1.6979896104e-05
mid_holocene,spherical,prediction_error,35,bilinear,1.8882934905e-05
mid_holocene,spherical,prediction_error,36,bilinear,2.2548415774e-05
mid_holocene,spherical,prediction_error,37,bilinear,2.1279866697e-05
mid_holocene,spherical,prediction_error,38,bilinear,1.8318506735e-05
mid_holocene,spherical,prediction_error,39,bilinear,1.9460464242e-05
mid_holocene,spherical,prediction_error,40,bilinear,2.3056164437e-05
mid_holocene,spherical,prediction_error,41,bilinear,2.2696072234e-05
mid_holocene,spherical,prediction_error,42,bilinear,2.3817542973e-05
mid_holocene,spherical,prediction_error,43,bilinear,2.3874126181e-05
mid_holocene,spherical,prediction_error,44,bilinear,2.4475460897e-05
mid_holocene,spherical,prediction_error,45,bilinear,2.5481825971e-05
mid_holocene,spherical,prediction_error,46,bilinear,2.5032861448e-05
mid_holocene,spherical,prediction_error,47,bilinear,2.8228592797e-05
mid_holocene,spherical,prediction_error,48,bilinear,2.9463720862e-05
mid_holocene,spherical,prediction_error,49,bilinear,2.7158495856e-05
mid_holocene,spherical,prediction_error,50,bilinear,2.9193932028e-05
mid_holocene,spherical,prediction_error,51,bilinear,2.9198058361e-05
mid_holocene,spherical,prediction_error,52,bilinear,2.7879701099e-05
mid_holocene,spherical,prediction_error,53,bilinear,3.2582126341e-05
mid_holocene,spherical,prediction_error,54,bilinear,3.5905601699e-05
mid_holocene,spherical,prediction_error,55,bilinear,3.1369057624e-05
mid_holocene,spherical,prediction_error,56,bilinear,3.6014341119e-05
mid_holocene,spherical,prediction_error,57,bilinear,3.3891415614e-05
mid_holocene,spherical,prediction_error,58,bilinear,3.2154240492e-05
mid_holocene,spherical,prediction_error,59,bilinear,3.2661817768e-05
mid_holocene,spherical,prediction_error,60,bilinear,3.2249712377e-05
mid_holocene,spherical,prediction_error,61,bilinear,3.2195189868e-05
mid_holocene,spherical,prediction_error,62,bilinear,2.7611272067e-05
mid_holocene,spherical,prediction_error,63,bilinear,3.2403774455e-05
mid_holocene,spherical,prediction_error,64,bilinear,3.3538828165e-05
mid_holocene,spherical,prediction_error,65,bilinear,2.9588574013e-05
mid_holocene,spherical,prediction_error,66,bilinear,3.1222141223e-05
mid_holocene,spherical,prediction_error,67,bilinear,3.2539531433e-05
mid_holocene,spherical,prediction_error,68,bilinear,3.2727589249e-05
mid_holocene,spherical,prediction_error,69,bilinear,3.3491281581e-05
mid_holocene,spherical,prediction_error,70,bilinear,2.9356821717e-05
mid_holocene,spherical,prediction_error,71,bilinear,3.2433236234e-05
mid_holocene,spherical,prediction_error,72,bilinear,3.1978160555e-05
mid_holocene,spherical,prediction_error,73,bilinear,3.2688823787e-05
mid_holocene,spherical,prediction_error,74,bilinear,3.4215790462e-05
mid_holocene,spherical,prediction_error,75,bilinear,3.3024465882e-05
mid_holocene,spherical,prediction_error,76,bilinear,3.3989105235e-05
mid_holocene,spherical,prediction_error,77,bilinear,3.7675864084e-05
mid_holocene,spherical,prediction_error,78,bilinear,3.4409384004e-05
mid_holocene,spherical,prediction_error,79,bilinear,3.6261555875e-05
mid_holocene,spherical,prediction_error,80,bilinear,3.3675569113e-05
mid_holocene,spherical,prediction_error,81,bilinear,3.8531623474e-05
mid_holocene,spherical,prediction_error,82,bilinear,4.2454733347e-05
mid_holocene,spherical,prediction_error,83,bilinear,3.9435759025e-05
mid_holocene,spherical,prediction_error,84,bilinear,3.9446585966e-05
mid_holocene,spherical,prediction_error,85,bilinear,3.8762817449e-05
mid_holocene,spherical,prediction_error,86,bilinear,4.2231451693e-05
mid_holocene,spherical,prediction_error,87,bilinear,3.6840992010e-05
mid_holocene,spherical,prediction_error,88,bilinear,3.7877952422e-05
mid_holocene,spherical,prediction_error,89,bilinear,4.0422033785e-05
mid_holocene,spherical,prediction_error,90,bilinear,3.7022737355e-05
mid_holocene,spherical,prediction_error,91,bilinear,3.9626983165e-05
mid_holocene,spherical,prediction_error,92,bilinear,4.2207394529e-05
mid_holocene,spherical,prediction_error,93,bilinear,3.9480681629e-05
mid_holocene,spherical,prediction_error,94,bilinear,4.1811819109e-05
mid_holocene,spherical,prediction_error,95,bilinear,4.1358074619e-05
mid_holocene,spherical,prediction_error,96,bilinear,4.0824840188e-05
mid_holocene,spherical,prediction_error,97,bilinear,5.0309708608e-05
mid_holocene,spherical,prediction_error,98,bilinear,3.9048717974e-05
mid_holocene,spherical,prediction_error,99,bilinear,4.3281322304e-05
mid_holocene,spherical,prediction_error,100,bilinear,4.7436648362e-05
mid_holocene,spherical,prediction_error,101,bilinear,4.2949339898e-05
mid_holocene,spherical,prediction_error,102,bilinear,4.3571804908e-05
mid_holocene,spherical,prediction_error,103,bilinear,4.2530998276e-05
mid_holocene,spherical,prediction_error,104,bilinear,4.1524604567e-05
mid_holocene,spherical,prediction_error,105,bilinear,4.1533041081e-05
mid_holocene,spherical,prediction_error,106,bilinear,4.1069686531e-05
mid_holocene,spherical,prediction_error,107,bilinear,4.6953868259e-05
mid_holocene,spherical,prediction_error,108,bilinear,5.2047716034e-05
mid_holocene,spherical,prediction_error,109,bilinear,4.6575582857e-05
mid_holocene,spherical,prediction_error,110,bilinear,4.9149732715e-05
mid_holocene,spherical,prediction_error,111,bilinear,4.7474376774e-05
mid_holocene,spherical,prediction_error,112,bilinear,5.2718900813e-05
mid_holocene,spherical,prediction_error,113,bilinear,5.4173330456e-05
mid_holocene,spherical,prediction_error,114,bilinear,5.6203331116e-05
mid_holocene,spherical,prediction_error,115,bilinear,5.1120157622e-05
mid_holocene,spherical,prediction_error,116,bilinear,5.0488041041e-05
mid_holocene,spherical,prediction_error,117,bilinear,5.6236064275e-05
mid_holocene,spherical,prediction_error,118,bilinear,5.1674482064e-05
mid_holocene,spherical,prediction_error,119,bilinear,5.3317867880e-05
mid_holocene,spherical,prediction_error,120,bilinear,5.3707923654e-05
mid_holocene,spherical,prediction_error,121,bilinear,4.5762371590e-05
mid_holocene,spherical,prediction_error,122,bilinear,5.1630838006e-05
mid_holocene,spherical,prediction_error,123,bilinear,5.0436561532e-05
mid_holocene,spherical,prediction_error,124,bilinear,4.8889627784e-05
mid_holocene,spherical,prediction_error,125,bilinear,5.1870141029e-05
mid_holocene,spherical,prediction_error,126,bilinear,5.1608482837e-05
mid_holocene,spherical,prediction_error,127,bilinear,5.2591236619e-05
mid_holocene,spherical,prediction_error,128,bilinear,5.2641390549e-05
mid_holocene,spherical,prediction_error,129,bilinear,5.1143293039e-05
mid_holocene,spherical,prediction_error,130,bilinear,4.8904921663e-05
mid_holocene,spherical,prediction_error,131,bilinear,5.0004993487e-05
mid_holocene,spherical,prediction_error,132,bilinear,4.9223719331e-05
mid_holocene,spherical,prediction_error,133,bilinear,5.0969271834e-05
mid_holocene,spherical,prediction_error,134,bilinear,5.4579110507e-05
mid_holocene,spherical,prediction_error,135,bilinear,4.6630369924e-05
mid_holocene,spherical,prediction_error,136,bilinear,4.9864492842e-05
mid_holocene,spherical,prediction_error,137,bilinear,5.4105543596e-05
mid_holocene,spherical,prediction_error,138,bilinear,5.1758652945e-05
mid_holocene,spherical,prediction_error,139,bilinear,5.6329893744e-05
mid_holocene,spherical,prediction_error,140,bilinear,5.2690202722e-05
mid_holocene,spherical,prediction_error,141,bilinear,4.9006935026e-05
mid_holocene,spherical,prediction_error,142,bilinear,4.8079097574e-05
mid_holocene,spherical,prediction_error,143,bilinear,5.0022371757e-05
mid_holocene,spherical,prediction_error,144,bilinear,4.6429158145e-05
mid_holocene,spherical,prediction_error,145,bilinear,4.5839394332e-05
mid_holocene,spherical,prediction_error,146,bilinear,5.2568081923e-05
mid_holocene,spherical,prediction_error,147,bilinear,4.8711389282e-05
mid_holocene,spherical,prediction_error,148,bilinear,4.4058407086e-05
mid_holocene,spherical,prediction_error,149,bilinear,4.6138379060e-05
mid_holocene,spherical,prediction_error,150,bilinear,5.4407132829e-05
mid_holocene,spherical,prediction_error,151,bilinear,5.6557204889e-05
mid_holocene,spherical,prediction_error,152,bilinear,5.1923472978e-05
mid_holocene,spherical,prediction_error,153,bilinear,5.0589987659e-05
mid_holocene,spherical,prediction_error,154,bilinear,5.5588469071e-05
mid_holocene,spherical,prediction_error,155,bilinear,5.1264204246e-05
mid_holocene,spherical,prediction_error,156,bilinear,5.1300598717e-05
mid_holocene,spherical,prediction_error,157,bilinear,5.1517341239e-05
mid_holocene,spherical,prediction_error,158,bilinear,5.2269530555e-05
mid_holocene,spherical,prediction_error,159,bilinear,5.2770218512e-05
mid_holocene,spherical,prediction_error,160,bilinear,5.1092425115e-05
mid_holocene,spherical,prediction_error,161,bilinear,5.3986118402e-05
mid_holocene,spherical,prediction_error,162,bilinear,5.6088503786e-05
mid_holocene,spherical,prediction_error,163,bilinear,5.0999111279e-05
mid_holocene,spherical,prediction_error,164,bilinear,5.4584620091e-05
mid_holocene,spherical,prediction_error,165,bilinear,5.5471533405e-05
mid_holocene,spherical,prediction_error,166,bilinear,5.1401372020e-05
mid_holocene,spherical,prediction_error,167,bilinear,4.7843230663e-05
mid_holocene,spherical,prediction_error,168,bilinear,6.0950250247e-05
mid_holocene,spherical,prediction_error,169,bilinear,5.2149820878e-05
mid_holocene,spherical,prediction_error,170,bilinear,5.0404335529e-05
mid_holocene,spherical,prediction_error,171,bilinear,5.8245753324e-05
mid_holocene,spherical,prediction_error,172,bilinear,5.0344560428e-05
mid_holocene,spherical,prediction_error,173,bilinear,5.7904768952e-05
mid_holocene,spherical,prediction_error,174,bilinear,5.6449625199e-05
mid_holocene,spherical,prediction_error,175,bilinear,5.3323241630e-05
mid_holocene,spherical,prediction_error,176,bilinear,5.1927297162e-05
mid_holocene,spherical,prediction_error,177,bilinear,5.7570887121e-05
mid_holocene,spherical,prediction_error,178,bilinear,5.1314863076e-05
mid_holocene,spherical,prediction_error,179,bilinear,5.5274985986e-05
mid_holocene,spherical,prediction_error,180,bilinear,4.7744102321e-05
mid_holocene,spherical,prediction_error,181,bilinear,4.7264286694e-05
mid_holocene,spherical,prediction_error,182,bilinear,5.0481990768e-05
mid_holocene,spherical,prediction_error,183,bilinear,5.0348462983e-05
mid_holocene,spherical,prediction_error,184,bilinear,4.9176235846e-05
mid_holocene,spherical,prediction_error,185,bilinear,4.5619141039e-05
mid_holocene,spherical,prediction_error,186,bilinear,5.1367681819e-05
mid_holocene,spherical,prediction_error,187,bilinear,4.8578710376e-05
mid_holocene,spherical,prediction_error,188,bilinear,5.4000956300e-05
mid_holocene,spherical,prediction_error,189,bilinear,4.9644205270e-05
mid_holocene,spherical,prediction_error,190,bilinear,4.6899869067e-05
mid_holocene,spherical,prediction_error,191,bilinear,5.1264571243e-05
mid_holocene,spherical,prediction_error,192,bilinear,5.8017719076e-05
mid_holocene,spherical,prediction_error,193,bilinear,4.8485995614e-05
mid_holocene,spherical,prediction_error,194,bilinear,5.0639447759e-05
mid_holocene,spherical,prediction_error,195,bilinear,5.3934951680e-05
mid_holocene,spherical,prediction_error,196,bilinear,4.8523076103e-05
mid_holocene,spherical,prediction_error,197,bilinear,5.1803609783e-05
mid_holocene,spherical,prediction_error,198,bilinear,5.1402252257e-05
mid_holocene,spherical,prediction_error,199,bilinear,5.1920751726e-05
mid_holocene,spherical,prediction_error,200,bilinear,4.7793127483e-05
mid_holocene,spherical,prediction_error,201,bilinear,5.2062017101e-05
mid_holocene,spherical,prediction_error,202,bilinear,5.0131590919e-05
mid_holocene,spherical,prediction_error,203,bilinear,4.5823904636e-05
mid_holocene,spherical,prediction_error,204,bilinear,5.0514017133e-05
mid_holocene,spherical,prediction_error,205,bilinear,5.0903983784e-05
mid_holocene,spherical,prediction_error,206,bilinear,4.8553169857e-05
mid_holocene,spherical,prediction_error,207,bilinear,4.7645345775e-05
mid_holocene,spherical,prediction_error,208,bilinear,4.8192889299e-05
mid_holocene,spherical,prediction_error,209,bilinear,4.4348243397e-05
mid_holocene,spherical,prediction_error,210,bilinear,4.8607169162e-05
mid_holocene,spherical,prediction_error,211,bilinear,4.8012818774e-05
mid_holocene,spherical,prediction_error,212,bilinear,4.3114986783e-05
mid_holocene,spherical,prediction_error,213,bilinear,4.8190559143e-05
mid_holocene,spherical,prediction_error,214,bilinear,4.8258519750e-05
mid_holocene,spherical,prediction_error,215,bilinear,4.4689416566e-05
mid_holocene,spherical,prediction_error,216,bilinear,4.7253224456e-05
mid_holocene,spherical,prediction_error,217,bilinear,4.5980501231e-05
mid_holocene,spherical,prediction_error,218,bilinear,4.5193822357e-05
mid_holocene,spherical,prediction_error,219,bilinear,4.5616779997e-05
mid_holocene,spherical,prediction_error,220,bilinear,4.5887075657e-05
mid_holocene,spherical,prediction_error,221,bilinear,4.3114645486e-05
mid_holocene,spherical,prediction_error,222,bilinear,4.4744555092e-05
mid_holocene,spherical,prediction_error,223,bilinear,4.4051534127e-05
mid_holocene,spherical,prediction_error,224,bilinear,4.0338209725e-05
mid_holocene,spherical,prediction_error,225,bilinear,3.8454735276e-05
mid_holocene,spherical,prediction_error,226,bilinear,4.0607368883e-05
mid_holocene,spherical,prediction_error,227,bilinear,4.0589414677e-05
mid_holocene,spherical,prediction_error,228,bilinear,3.7385290535e-05
mid_holocene,spherical,prediction_error,229,bilinear,4.3070742664e-05
mid_holocene,spherical,prediction_error,230,bilinear,4.1252358929e-05
mid_holocene,spherical,prediction_error,231,bilinear,3.9287893060e-05
mid_holocene,spherical,prediction_error,232,bilinear,4.0127850218e-05
mid_holocene,spherical,prediction_error,233,bilinear,4.0628545416e-05
mid_holocene,spherical,prediction_error,234,bilinear,3.8518149865e-05
mid_holocene,spherical,prediction_error,235,bilinear,4.1732414166e-05
mid_holocene,spherical,prediction_error,236,bilinear,4.1896080837e-05
mid_holocene,spherical,prediction_error,237,bilinear,3.9247095185e-05
mid_holocene,spherical,prediction_error,238,bilinear,4.1284716577e-05
mid_holocene,spherical,prediction_error,239,bilinear,4.2457462561e-05
mid_holocene,spherical,prediction_error,240,bilinear,4.1723854779e-05
mid_holocene,spherical,prediction_error,241,bilinear,4.3532408593e-05
mid_holocene,spherical,prediction_error,242,bilinear,3.9826407604e-05
mid_holocene,spherical,prediction_error,243,bilinear,3.9067029350e-05
mid_holocene,spherical,prediction_error,244,bilinear,4.1217999971e-05
mid_holocene,spherical,prediction_error,245,bilinear,3.9386864391e-05
mid_holocene,spherical,prediction_error,246,bilinear,4.0462836720e-05
mid_holocene,spherical,prediction_error,247,bilinear,3.7123910433e-05
mid_holocene,spherical,prediction_error,248,bilinear,3.6409953442e-05
mid_holocene,spherical,prediction_error,249,bilinear,3.6540699322e-05
mid_holocene,spherical,prediction_error,250,bilinear,3.8741871770e-05
mid_holocene,spherical,prediction_error,251,bilinear,3.5440060322e-05
mid_holocene,spherical,prediction_error,252,bilinear,3.5595959054e-05
mid_holocene,spherical,prediction_error,253,bilinear,3.6133493767e-05
mid_holocene,spherical,prediction_error,254,bilinear,3.6868300368e-05
mid_holocene,spherical,prediction_error,255,bilinear,3.4717442119e-05
mid_holocene,spherical,prediction_error,256,bilinear,3.6327955708e-05
mid_holocene,spherical,prediction_error,257,bilinear,3.4661878867e-05
mid_holocene,spherical,prediction_error,258,bilinear,3.2123645854e-05
mid_holocene,spherical,prediction_error,259,bilinear,3.6962843851e-05
mid_holocene,spherical,prediction_error,260,bilinear,3.6202695061e-05
mid_holocene,spherical,prediction_error,261,bilinear,3.2867701368e-05
mid_holocene,spherical,prediction_error,262,bilinear,3.3819937730e-05
mid_holocene,spherical,prediction_error,263,bilinear,3.3576940312e-05
mid_holocene,spherical,prediction_error,264,bilinear,3.3829967742e-05
mid_holocene,spherical,prediction_error,265,bilinear,3.6758456488e-05
mid_holocene,spherical,prediction_error,266,bilinear,3.3074831180e-05
mid_holocene,spherical,prediction_error,267,bilinear,3.1620250437e-05
mid_holocene,spherical,prediction_error,268,bilinear,3.4225511893e-05
mid_holocene,spherical,prediction_error,269,bilinear,3.2555792392e-05
mid_holocene,spherical,prediction_error,270,bilinear,3.0395980432e-05
mid_holocene,spherical,prediction_error,271,bilinear,3.2599129833e-05
mid_holocene,spherical,prediction_error,272,bilinear,2.9850336031e-05
mid_holocene,spherical,prediction_error,273,bilinear,3.1015192888e-05
mid_holocene,spherical,prediction_error,274,bilinear,3.1956971189e-05
mid_holocene,spherical,prediction_error,275,bilinear,2.9081984487e-05
mid_holocene,spherical,prediction_error,276,bilinear,3.2768501662e-05
mid_holocene,spherical,prediction_error,277,bilinear,3.1739200061e-05
mid_holocene,spherical,prediction_error,278,bilinear,3.0969530967e-05
mid_holocene,spherical,prediction_error,279,bilinear,3.0478195273e-05
mid_holocene,spherical,prediction_error,280,bilinear,3.1550810725e-05
mid_holocene,spherical,prediction_error,281,bilinear,2.9917669954e-05
mid_holocene,spherical,prediction_error,282,bilinear,3.1590371112e-05
mid_holocene,spherical,prediction_error,283,bilinear,3.2372487066e-05
mid_holocene,spherical,prediction_error,284,bilinear,3.0171662717e-05
mid_holocene,spherical,prediction_error,285,bilinear,3.2205611336e-05
mid_holocene,spherical,prediction_error,286,bilinear,3.0752428113e-05
mid_holocene,spherical,prediction_error,287,bilinear,2.8555720249e-05
mid_holocene,spherical,prediction_error,288,bilinear,2.9124247249e-05
mid_holocene,spherical,prediction_error,289,bilinear,3.0822147697e-05
mid_holocene,spherical,prediction_error,290,bilinear,3.0452053791e-05
mid_holocene,spherical,prediction_error,291,bilinear,2.9216389473e-05
mid_holocene,spherical,prediction_error,292,bilinear,3.1880528308e-05
mid_holocene,spherical,prediction_error,293,bilinear,2.7765853070e-05
mid_holocene,spherical,prediction_error,294,bilinear,2.8376602927e-05
mid_holocene,spherical,prediction_error,295,bilinear,2.9508805191e-05
mid_holocene,spherical,prediction_error,296,bilinear,3.0167174810e-05
mid_holocene,spherical,prediction_error,297,bilinear,2.7921548979e-05
mid_holocene,spherical,prediction_error,298,bilinear,2.7026435240e-05
mid_holocene,spherical,prediction_error,299,bilinear,2.7712042481e-05
mid_holocene,spherical,prediction_error,300,bilinear,2.8802718849e-05
mid_holocene,spherical,prediction_error,301,bilinear,2.5403868084e-05
mid_holocene,spherical,prediction_error,302,bilinear,2.6677479783e-05
mid_holocene,spherical,prediction_error,303,bilinear,2.7430670320e-05
mid_holocene,spherical,prediction_error,304,bilinear,2.4741862373e-05
mid_holocene,spherical,prediction_error,305,bilinear,2.5364469982e-05
mid_holocene,spherical,prediction_error,306,bilinear,2.6866904241e-05
mid_holocene,spherical,prediction_error,307,bilinear,2.6208098202e-05
mid_holocene,spherical,prediction_error,308,bilinear,2.4225288887e-05
mid_holocene,spherical,prediction_error,309,bilinear,2.6908780982e-05
mid_holocene,spherical,prediction_error,310,bilinear,2.5958314261e-05
mid_holocene,spherical,prediction_error,311,bilinear,2.5792458380e-05
mid_holocene,spherical,prediction_error,312,bilinear,2.4949488046e-05
mid_holocene,spherical,prediction_error,313,bilinear,2.5028776891e-05
mid_holocene,spherical,prediction_error,314,bilinear,2.4467087505e-05
mid_holocene,spherical,prediction_error,315,bilinear,2.4807399355e-05
mid_holocene,spherical,prediction_error,316,bilinear,2.2767639667e-05
mid_holocene,spherical,prediction_error,317,bilinear,2.2614454816e-05
mid_holocene,spherical,prediction_error,318,bilinear,2.3960175176e-05
mid_holocene,spherical,prediction_error,319,bilinear,2.2738577174e-05
mid_holocene,spherical,prediction_error,320,bilinear,2.3944925761e-05
mid_holocene,spherical,prediction_error,321,bilinear,2.4784402048e-05
mid_holocene,spherical,prediction_error,322,bilinear,2.3427599553e-05
mid_holocene,spherical,prediction_error,323,bilinear,2.1921249576e-05
mid_holocene,spherical,prediction_error,324,bilinear,2.2580942335e-05
mid_holocene,spherical,prediction_error,325,bilinear,2.3659687227e-05
mid_holocene,spherical,prediction_error,326,bilinear,2.2032293983e-05
mid_holocene,spherical,prediction_error,327,bilinear,2.0260839834e-05
mid_holocene,spherical,prediction_error,328,bilinear,2.2585952640e-05
mid_holocene,spherical,prediction_error,329,bilinear,2.2438484216e-05
mid_holocene,spherical,prediction_error,330,bilinear,1.8198087191e-05
mid_holocene,spherical,prediction_error,331,bilinear,2.1348747195e-05
mid_holocene,spherical,prediction_error,332,bilinear,2.0244422447e-05
mid_holocene,spherical,prediction_error,333,bilinear,1.9615403308e-05
mid_holocene,spherical,prediction_error,334,bilinear,2.0374520467e-05
mid_holocene,spherical,prediction_error,335,bilinear,2.0632670869e-05
mid_holocene,spherical,prediction_error,336,bilinear,1.9686516246e-05
mid_holocene,spherical,prediction_error,337,bilinear,2.0502791654e-05
mid_holocene,spherical,prediction_error,338,bilinear,2.1313814351e-05
mid_holocene,spherical,prediction_error,339,bilinear,1.9829265169e-05
mid_holocene,spherical,prediction_error,340,bilinear,2.0026243738e-05
mid_holocene,spherical,prediction_error,341,bilinear,2.0058167934e-05
mid_holocene,spherical,prediction_error,342,bilinear,1.9683731306e-05
mid_holocene,spherical,prediction_error,343,bilinear,1.8903626172e-05
mid_holocene,spherical,prediction_error,344,bilinear,1.8055818467e-05
mid_holocene,spherical,prediction_error,345,bilinear,1.8563275984e-05
mid_holocene,spherical,prediction_error,346,bilinear,1.8817651080e-05
mid_holocene,spherical,prediction_error,347,bilinear,1.8752214444e-05
mid_holocene,spherical,prediction_error,348,bilinear,1.8355800310e-05
mid_holocene,spherical,prediction_error,349,bilinear,1.8506474338e-05
mid_holocene,spherical,prediction_error,350,bilinear,1.8046283507e-05
mid_holocene,spherical,prediction_error,351,bilinear,1.8178771087e-05
mid_holocene,spherical,prediction_error,352,bilinear,1.8328711870e-05
mid_holocene,spherical,prediction_error,353,bilinear,1.8038191454e-05
mid_holocene,spherical,prediction_error,354,bilinear,1.8236897605e-05
mid_holocene,spherical,prediction_error,355,bilinear,1.8268097982e-05
mid_holocene,spherical,prediction_error,356,bilinear,1.7373226220e-05
mid_holocene,spherical,prediction_error,357,bilinear,1.7780712436e-05
mid_holocene,spherical,prediction_error,358,bilinear,1.6680725243e-05
mid_holocene,spherical,prediction_error,359,bilinear,1.5473659551e-05
mid_holocene,spherical,prediction_error,360,bilinear,1.6585339182e-05
mid_holocene,spherical,prediction_error,361,bilinear,1.6549612664e-05
mid_holocene,spherical,prediction_error,362,bilinear,1.6255874261e-05
mid_holocene,spherical,prediction_error,363,bilinear,1.4978229448e-05
mid_holocene,spherical,prediction_error,364,bilinear,1.6428033217e-05
mid_holocene,spherical,prediction_error,365,bilinear,1.4787162320e-05
mid_holocene,spherical,prediction_error,366,bilinear,1.5052171099e-05
mid_holocene,spherical,prediction_error,367,bilinear,1.5121334167e-05
mid_holocene,spherical,prediction_error,368,bilinear,1.4759765718e-05
mid_holocene,spherical,prediction_error,369,bilinear,1.4659695216e-05
mid_holocene,spherical,prediction_error,370,bilinear,1.4610121763e-05
mid_holocene,spherical,prediction_error,371,bilinear,1.4940185638e-05
mid_holocene,spherical,prediction_error,372,bilinear,1.4301212651e-05
mid_holocene,spherical,prediction_error,373,bilinear,1.4371714364e-05
mid_holocene,spherical,prediction_error,374,bilinear,1.4415557177e-05
mid_holocene,spherical,prediction_error,375,bilinear,1.3829274344e-05
mid_holocene,spherical,prediction_error,376,bilinear,1.3671726570e-05
mid_holocene,spherical,prediction_error,377,bilinear,1.3375888539e-05
mid_holocene,spherical,prediction_error,378,bilinear,1.4343246932e-05
mid_holocene,spherical,prediction_error,379,bilinear,1.4320244456e-05
mid_holocene,spherical,prediction_error,380,bilinear,1.3339214196e-05
mid_holocene,spherical,prediction_error,381,bilinear,1.3495254681e-05
mid_holocene,spherical,prediction_error,382,bilinear,1.3788088138e-05
mid_holocene,spherical,prediction_error,383,bilinear,1.3133910322e-05
mid_holocene,spherical,prediction_error,384,bilinear,1.3507773108e-05
mid_holocene,spherical,prediction_error,385,bilinear,1.2912412111e-05
mid_holocene,spherical,prediction_error,386,bilinear,1.3066680502e-05
mid_holocene,spherical,prediction_error,387,bilinear,1.3158666900e-05
mid_holocene,spherical,prediction_error,388,bilinear,1.3088960591e-05
mid_holocene,spherical,prediction_error,389,bilinear,1.3147508787e-05
mid_holocene,spherical,prediction_error,390,bilinear,1.1913856636e-05
mid_holocene,spherical,prediction_error,391,bilinear,1.2748595232e-05
mid_holocene,spherical,prediction_error,392,bilinear,1.2441262728e-05
mid_holocene,spherical,prediction_error,393,bilinear,1.2452288503e-05
mid_holocene,spherical,prediction_error,394,bilinear,1.2701561948e-05
mid_holocene,spherical,prediction_error,395,bilinear,1.2349823627e-05
mid_holocene,spherical,prediction_error,396,bilinear,1.2603975130e-05
mid_holocene,spherical,prediction_error,397,bilinear,1.2269444368e-05
mid_holocene,spherical,prediction_error,398,bilinear,1.2797103721e-05
mid_holocene,spherical,prediction_error,399,bilinear,1.2308809364e-05
mid_holocene,spherical,prediction_error,400,bilinear,1.2269491520e-05
mid_holocene,spherical,prediction_error,401,bilinear,1.2377268287e-05
mid_holocene,spherical,prediction_error,402,bilinear,1.1804963897e-05
mid_holocene,spherical,prediction_error,403,bilinear,1.2095729016e-05
mid_holocene,spherical,prediction_error,404,bilinear,1.2084999435e-05
mid_holocene,spherical,prediction_error,405,bilinear,1.0698629863e-05
mid_holocene,spherical,prediction_error,406,bilinear,1.2040742279e-05
mid_holocene,spherical,prediction_error,407,bilinear,1.1423592371e-05
mid_holocene,spherical,prediction_error,408,bilinear,1.1315840461e-05
mid_holocene,spherical,prediction_error,409,bilinear,1.1657979614e-05
mid_holocene,spherical,prediction_error,410,bilinear,1.1650115599e-05
mid_holocene,spherical,prediction_error,411,bilinear,1.0772135953e-05
mid_holocene,spherical,prediction_error,412,bilinear,1.1156819286e-05
mid_holocene,spherical,prediction_error,413,bilinear,1.1324293290e-05
mid_holocene,spherical,prediction_error,414,bilinear,1.0571045499e-05
mid_holocene,spherical,prediction_error,415,bilinear,1.1629064195e-05
mid_holocene,spherical,prediction_error,416,bilinear,1.1123383470e-05
mid_holocene,spherical,prediction_error,417,bilinear,1.1243689571e-05
mid_holocene,spherical,prediction_error,418,bilinear,1.0700118170e-05
mid_holocene,spherical,prediction_error,419,bilinear,1.0503523476e-05
mid_holocene,spherical,prediction_error,420,bilinear,1.0853636427e-05
mid_holocene,spherical,prediction_error,421,bilinear,1.0537192896e-05
mid_holocene,spherical,prediction_error,422,bilinear,1.0706076104e-05
mid_holocene,spherical,prediction_error,423,bilinear,1.0455539906e-05
mid_holocene,spherical,prediction_error,424,bilinear,1.0878566032e-05
mid_holocene,spherical,prediction_error,425,bilinear,1.0442175041e-05
mid_holocene,spherical,prediction_error,426,bilinear,1.0639920049e-05
mid_holocene,zonal,prediction_error,1,bilinear,4.4579569019e-03
mid_holocene,zonal,prediction_error,2,bilinear,4.5672042599e-03
mid_holocene,zonal,prediction_error,3,bilinear,4.2137061715e-03
mid_holocene,zonal,prediction_error,4,bilinear,3.9580736461e-03
mid_holocene,zonal,prediction_error,5,bilinear,4.2035746684e-03
mid_holocene,zonal,prediction_error,6,bilinear,4.0316627556e-03
mid_holocene,zonal,prediction_error,7,bilinear,3.6916530153e-03
mid_holocene,zonal,prediction_error,8,bilinear,3.5022672281e-03
mid_holocene,zonal,prediction_error,9,bilinear,3.5738229564e-03
mid_holocene,zonal,prediction_error,10,bilinear,3.6244040269e-03
mid_holocene,zonal,prediction_error,11,bilinear,3.1942363766e-03
mid_holocene,zonal,prediction_error,12,bilinear,3.4863062181e-03
mid_holocene,zonal,prediction_error,13,bilinear,3.3018444201e-03
mid_holocene,zonal,prediction_error,14,bilinear,3.4148660523e-03
mid_holocene,zonal,prediction_error,15,bilinear,3.4191547168e-03
mid_holocene,zonal,prediction_error,16,bilinear,3.4916929721e-03
mid_holocene,zonal,prediction_error,17,bilinear,3.6235427158e-03
mid_holocene,zonal,prediction_error,18,bilinear,3.3042406219e-03
mid_holocene,zonal,prediction_error,19,bilinear,3.0601136734e-03
mid_holocene,zonal,prediction_error,20,bilinear,3.2229995401e-03
mid_holocene,zonal,prediction_error,21,bilinear,3.1454773598e-03
mid_holocene,zonal,prediction_error,22,bilinear,3.1947080392e-03
mid_holocene,zonal,prediction_error,23,bilinear,3.1155979184e-03
mid_holocene,zonal,prediction_error,24,bilinear,3.2872040301e-03
mid_holocene,zonal,prediction_error,25,bilinear,3.2686367817e-03
mid_holocene,zonal,prediction_error,26,bilinear,3.3125607897e-03
mid_holocene,zonal,prediction_error,27,bilinear,3.2587903990e-03
mid_holocene,zonal,prediction_error,28,bilinear,3.3255295580e-03
mid_holocene,zonal,prediction_error,29,bilinear,3.1489716907e-03
mid_holocene,zonal,prediction_error,30,bilinear,3.0362379369e-03
mid_holocene,zonal,prediction_error,31,bilinear,2.9625778288e-03
mid_holocene,zonal,prediction_error,32,bilinear,3.0125777106e-03
mid_holocene,zonal,prediction_error,33,bilinear,2.9063928163e-03
mid_holocene,zonal,prediction_error,34,bilinear,2.8082561187e-03
mid_holocene,zonal,prediction_error,35,bilinear,2.7110996188e-03
mid_holocene,zonal,prediction_error,36,bilinear,2.6833452188e-03
mid_holocene,zonal,prediction_error,37,bilinear,2.6751594996e-03
mid_holocene,zonal,prediction_error,38,bilinear,2.9457316032e-03
mid_holocene,zonal,prediction_error,39,bilinear,2.8166339641e-03
mid_holocene,zonal,prediction_error,40,bilinear,3.1316784213e-03
mid_holocene,zonal,prediction_error,41,bilinear,3.0781232374e-03
mid_holocene,zonal,prediction_error,42,bilinear,3.1575026827e-03
mid_holocene,zonal,prediction_error,43,bilinear,2.9593807248e-03
mid_holocene,zonal,prediction_error,44,bilinear,2.8893965186e-03
mid_holocene,zonal,prediction_error,45,bilinear,2.3695347477e-03
mid_holocene,zonal,prediction_error,46,bilinear,2.2812600193e-03
mid_holocene,zonal,prediction_error,47,bilinear,2.3308545227e-03
mid_holocene,zonal,prediction_error,48,bilinear,2.7840817283e-03
mid_holocene,zonal,prediction_error,49,bilinear,2.8054783270e-03
mid_holocene,zonal,prediction_error,50,bilinear,2.7919060296e-03
mid_holocene,zonal,prediction_error,51,bilinear,2.4617526562e-03
mid_holocene,zonal,prediction_error,52,bilinear,2.2437519395e-03
mid_holocene,zonal,prediction_error,53,bilinear,2.1644379495e-03
mid_holocene,zonal,prediction_error,54,bilinear,2.3678999306e-03
mid_holocene,zonal,prediction_error,55,bilinear,2.3870685893e-03
mid_holocene,zonal,prediction_error,56,bilinear,2.3872950454e-03
mid_holocene,zonal,prediction_error,57,bilinear,2.2006966353e-03
mid_holocene,zonal,prediction_error,58,bilinear,2.1611941045e-03
mid_holocene,zonal,prediction_error,59,bilinear,2.1780356097e-03
mid_holocene,zonal,prediction_error,60,bilinear,2.3786769686e-03
mid_holocene,zonal,prediction_error,61,bilinear,2.3008500365e-03
mid_holocene,zonal,prediction_error,62,bilinear,2.5350898994e-03
mid_holocene,zonal,prediction_error,63,bilinear,2.3033646957e-03
mid_holocene,zonal,prediction_error,64,bilinear,2.2607022359e-03
mid_holocene,zonal,prediction_error,65,bilinear,2.2109128942e-03
mid_holocene,zonal,prediction_error,66,bilinear,2.1597259001e-03
mid_holocene,zonal,prediction_error,67,bilinear,2.0602084686e-03
mid_holocene,zonal,prediction_error,68,bilinear,2.0848268045e-03
mid_holocene,zonal,prediction_error,69,bilinear,2.0270083531e-03
mid_holocene,zonal,prediction_error,70,bilinear,2.0458118043e-03
mid_holocene,zonal,prediction_error,71,bilinear,2.0738224647e-03
mid_holocene,zonal,prediction_error,72,bilinear,2.0168644743e-03
mid_holocene,zonal,prediction_error,73,bilinear,2.1573557449e-03
mid_holocene,zonal,prediction_error,74,bilinear,2.3101632290e-03
mid_holocene,zonal,prediction_error,75,bilinear,2.3281775959e-03
mid_holocene,zonal,prediction_error,76,bilinear,2.2119121843e-03
mid_holocene,zonal,prediction_error,77,bilinear,1.9975815574e-03
mid_holocene,zonal,prediction_error,78,bilinear,2.0132310152e-03
mid_holocene,zonal,prediction_error,79,bilinear,2.0009592897e-03
mid_holocene,zonal,prediction_error,80,bilinear,2.0023862132e-03
mid_holocene,zonal,prediction_error,81,bilinear,2.0004576981e-03
mid_holocene,zonal,prediction_error,82,bilinear,2.0501817795e-03
mid_holocene,zonal,prediction_error,83,bilinear,1.9895784909e-03
mid_holocene,zonal,prediction_error,84,bilinear,1.9200666621e-03
mid_holocene,zonal,prediction_error,85,bilinear,1.9108302475e-03
mid_holocene,zonal,prediction_error,86,bilinear,1.8850192645e-03
mid_holocene,zonal,prediction_error,87,bilinear,1.9436205254e-03
mid_holocene,zonal,prediction_error,88,bilinear,1.8574734313e-03
mid_holocene,zonal,prediction_error,89,bilinear,1.8623482842e-03
mid_holocene,zonal,prediction_error,90,bilinear,1.9820784868e-03
mid_holocene,zonal,prediction_error,91,bilinear,1.8018269212e-03
mid_holocene,zonal,prediction_error,92,bilinear,1.8298296861e-03
mid_holocene,zonal,prediction_error,93,bilinear,1.7975024936e-03
mid_holocene,zonal,prediction_error,94,bilinear,1.7649610481e-03
mid_holocene,zonal,prediction_error,95,bilinear,1.8126062795e-03
mid_holocene,zonal,prediction_error,96,bilinear,1.7392878867e-03
mid_holocene,zonal,prediction_error,97,bilinear,1.8396003527e-03
mid_holocene,zonal,prediction_error,98,bilinear,1.7164724185e-03
mid_holocene,zonal,prediction_error,99,bilinear,1.7334214035e-03
mid_holocene,zonal,prediction_error,100,bilinear,1.7820046613e-03
mid_holocene,zonal,prediction_error,101,bilinear,1.6605070287e-03
mid_holocene,zonal,prediction_error,102,bilinear,1.6594676610e-03
mid_holocene,zonal,prediction_error,103,bilinear,1.6375399552e-03
mid_holocene,zonal,prediction_error,104,bilinear,1.7522449074e-03
mid_holocene,zonal,prediction_error,105,bilinear,1.7849700861e-03
mid_holocene,zonal,prediction_error,106,bilinear,1.7817534954e-03
mid_holocene,zonal,prediction_error,107,bilinear,1.7288183125e-03
mid_holocene,zonal,prediction_error,108,bilinear,1.5809491248e-03
mid_holocene,zonal,prediction_error,109,bilinear,1.5911920226e-03
mid_holocene,zonal,prediction_error,110,bilinear,1.5719468698e-03
mid_holocene,zonal,prediction_error,111,bilinear,1.4984608104e-03
mid_holocene,zonal,prediction_error,112,bilinear,1.5201288811e-03
mid_holocene,zonal,prediction_error,113,bilinear,1.4926727430e-03
mid_holocene,zonal,prediction_error,114,bilinear,1.5702715084e-03
mid_holocene,zonal,prediction_error,115,bilinear,1.4819152849e-03
mid_holocene,zonal,prediction_error,116,bilinear,1.4823589484e-03
mid_holocene,zonal,prediction_error,117,bilinear,1.5430867562e-03
mid_holocene,zonal,prediction_error,118,bilinear,1.5598986475e-03
mid_holocene,zonal,prediction_error,119,bilinear,1.5968712229e-03
mid_holocene,zonal,prediction_error,120,bilinear,1.5403986067e-03
mid_holocene,zonal,prediction_error,121,bilinear,1.5606062913e-03
mid_holocene,zonal,prediction_error,122,bilinear,1.6071021627e-03
mid_holocene,zonal,prediction_error,123,bilinear,1.5981591367e-03
mid_holocene,zonal,prediction_error,124,bilinear,1.4802180904e-03
mid_holocene,zonal,prediction_error,125,bilinear,1.4989777637e-03
mid_holocene,zonal,prediction_error,126,bilinear,1.4038167237e-03
mid_holocene,zonal,prediction_error,127,bilinear,1.5191853938e-03
mid_holocene,zonal,prediction_error,128,bilinear,1.3914801669e-03
mid_holocene,zonal,prediction_error,129,bilinear,1.4978052457e-03
mid_holocene,zonal,prediction_error,130,bilinear,1.4255673703e-03
mid_holocene,zonal,prediction_error,131,bilinear,1.4849460482e-03
mid_holocene,zonal,prediction_error,132,bilinear,1.5040970313e-03
mid_holocene,zonal,prediction_error,133,bilinear,1.4166807679e-03
mid_holocene,zonal,prediction_error,134,bilinear,1.4307446759e-03
mid_holocene,zonal,prediction_error,135,bilinear,1.3053540260e-03
mid_holocene,zonal,prediction_error,136,bilinear,1.4054254293e-03
mid_holocene,zonal,prediction_error,137,bilinear,1.3906053817e-03
mid_holocene,zonal,prediction_error,138,bilinear,1.4051038200e-03
mid_holocene,zonal,prediction_error,139,bilinear,1.2994038815e-03
mid_holocene,zonal,prediction_error,140,bilinear,1.2678580019e-03
mid_holocene,zonal,prediction_error,141,bilinear,1.3610558909e-03
mid_holocene,zonal,prediction_error,142,bilinear,1.2749918218e-03
mid_holocene,zonal,prediction_error,143,bilinear,1.3291180252e-03
mid_holocene,zonal,prediction_error,144,bilinear,1.3913142330e-03
mid_holocene,zonal,prediction_error,145,bilinear,1.4114224781e-03
mid_holocene,zonal,prediction_error,146,bilinear,1.3978432536e-03
mid_holocene,zonal,prediction_error,147,bilinear,1.3225639109e-03
mid_holocene,zonal,prediction_error,148,bilinear,1.3185534196e-03
mid_holocene,zonal,prediction_error,149,bilinear,1.3152368571e-03
mid_holocene,zonal,prediction_error,150,bilinear,1.3775283501e-03
mid_holocene,zonal,prediction_error,151,bilinear,1.3835553404e-03
mid_holocene,zonal,prediction_error,152,bilinear,1.3552382585e-03
mid_holocene,zonal,prediction_error,153,bilinear,1.2399144015e-03
mid_holocene,zonal,prediction_error,154,bilinear,1.2945551734e-03
mid_holocene,zonal,prediction_error,155,bilinear,1.2605624426e-03
mid_holocene,zonal,prediction_error,156,bilinear,1.2860779978e-03
mid_holocene,zonal,prediction_error,157,bilinear,1.2318750905e-03
mid_holocene,zonal,prediction_error,158,bilinear,1.2671678124e-03
mid_holocene,zonal,prediction_error,159,bilinear,1.1757398801e-03
mid_holocene,zonal,prediction_error,160,bilinear,1.2142568587e-03
mid_holocene,zonal,prediction_error,161,bilinear,1.2507602486e-03
mid_holocene,zonal,prediction_error,162,bilinear,1.2316300354e-03
mid_holocene,zonal,prediction_error,163,bilinear,1.2063482856e-03
mid_holocene,zonal,prediction_error,164,bilinear,1.2216792069e-03
mid_holocene,zonal,prediction_error,165,bilinear,1.1615912710e-03
mid_holocene,zonal,prediction_error,166,bilinear,1.0659628259e-03
mid_holocene,zonal,prediction_error,167,bilinear,1.1645705067e-03
mid_holocene,zonal,prediction_error,168,bilinear,1.2083120973e-03
mid_holocene,zonal,prediction_error,169,bilinear,1.1990973530e-03
mid_holocene,zonal,prediction_error,170,bilinear,1.1909712680e-03
mid_holocene,zonal,prediction_error,171,bilinear,1.1761200697e-03
mid_holocene,zonal,prediction_error,172,bilinear,1.2040392506e-03
mid_holocene,zonal,prediction_error,173,bilinear,1.2234246859e-03
mid_holocene,zonal,prediction_error,174,bilinear,1.2040754699e-03
mid_holocene,zonal,prediction_error,175,bilinear,1.1167139414e-03
mid_holocene,zonal,prediction_error,176,bilinear,1.1217277681e-03
mid_holocene,zonal,prediction_error,177,bilinear,1.1371368769e-03
mid_holocene,zonal,prediction_error,178,bilinear,1.1304151942e-03
mid_holocene,zonal,prediction_error,179,bilinear,1.0520142716e-03
mid_holocene,zonal,prediction_error,180,bilinear,1.1219711643e-03
mid_holocene,zonal,prediction_error,181,bilinear,1.1194659276e-03
mid_holocene,zonal,prediction_error,182,bilinear,1.0836646983e-03
mid_holocene,zonal,prediction_error,183,bilinear,1.1249261572e-03
mid_holocene,zonal,prediction_error,184,bilinear,1.0676916719e-03
mid_holocene,zonal,prediction_error,185,bilinear,1.1106688334e-03
mid_holocene,zonal,prediction_error,186,bilinear,1.1042443313e-03
mid_holocene,zonal,prediction_error,187,bilinear,1.1373592767e-03
mid_holocene,zonal,prediction_error,188,bilinear,1.1136794216e-03
mid_holocene,zonal,prediction_error,189,bilinear,1.1247476394e-03
mid_holocene,zonal,prediction_error,190,bilinear,1.1495646686e-03
mid_holocene,zonal,prediction_error,191,bilinear,1.0224391598e-03
mid_holocene,zonal,prediction_error,192,bilinear,1.0311766419e-03
mid_holocene,zonal,prediction_error,193,bilinear,9.2351551917e-04
mid_holocene,zonal,prediction_error,194,bilinear,1.0595331062e-03
mid_holocene,zonal,prediction_error,195,bilinear,1.0203480740e-03
mid_holocene,zonal,prediction_error,196,bilinear,1.0254003823e-03
mid_holocene,zonal,prediction_error,197,bilinear,9.6685350820e-04
mid_holocene,zonal,prediction_error,198,bilinear,1.0446848512e-03
mid_holocene,zonal,prediction_error,199,bilinear,9.7202925906e-04
mid_holocene,zonal,prediction_error,200,bilinear,9.1476403824e-04
mid_holocene,zonal,prediction_error,201,bilinear,9.7269077658e-04
mid_holocene,zonal,prediction_error,202,bilinear,9.5936378684e-04
mid_holocene,zonal,prediction_error,203,bilinear,9.7808422507e-04
mid_holocene,zonal,prediction_error,204,bilinear,9.4101994276e-04
mid_holocene,zonal,prediction_error,205,bilinear,9.3506649278e-04
mid_holocene,zonal,prediction_error,206,bilinear,9.0037085126e-04
mid_holocene,zonal,prediction_error,207,bilinear,8.7283901850e-04
mid_holocene,zonal,prediction_error,208,bilinear,9.2452794140e-04
mid_holocene,zonal,prediction_error,209,bilinear,9.1377507145e-04
mid_holocene,zonal,prediction_error,210,bilinear,8.9557493827e-04
mid_holocene,zonal,prediction_error,211,bilinear,9.6930076116e-04
mid_holocene,zonal,prediction_error,212,bilinear,9.4883253134e-04
mid_holocene,zonal,prediction_error,213,bilinear,9.3177706524e-04
mid_holocene,zonal,prediction_error,214,bilinear,8.3981669816e-04
mid_holocene,zonal,prediction_error,215,bilinear,8.8085113237e-04
mid_holocene,zonal,prediction_error,216,bilinear,8.3982782548e-04
mid_holocene,zonal,prediction_error,217,bilinear,8.7253110822e-04
mid_holocene,zonal,prediction_error,218,bilinear,8.2583845734e-04
mid_holocene,zonal,prediction_error,219,bilinear,7.5866415309e-04
mid_holocene,zonal,prediction_error,220,bilinear,8.1991681235e-04
mid_holocene,zonal,prediction_error,221,bilinear,8.5458134929e-04
mid_holocene,zonal,prediction_error,222,bilinear,8.2672275165e-04
mid_holocene,zonal,prediction_error,223,bilinear,7.7902087481e-04
mid_holocene,zonal,prediction_error,224,bilinear,8.0359703284e-04
mid_holocene,zonal,prediction_error,225,bilinear,8.0836586042e-04
mid_holocene,zonal,prediction_error,226,bilinear,8.4424706677e-04
mid_holocene,zonal,prediction_error,227,bilinear,7.5828297272e-04
mid_holocene,zonal,prediction_error,228,bilinear,8.0341730570e-04
mid_holocene,zonal,prediction_error,229,bilinear,8.0807120353e-04
mid_holocene,zonal,prediction_error,230,bilinear,8.0114931249e-04
mid_holocene,zonal,prediction_error,231,bilinear,7.6021324359e-04
mid_holocene,zonal,prediction_error,232,bilinear,7.4189717800e-04
mid_holocene,zonal,prediction_error,233,bilinear,7.7067400933e-04
mid_holocene,zonal,prediction_error,234,bilinear,8.0833501851e-04
mid_holocene,zonal,prediction_error,235,bilinear,7.3009037586e-04
mid_holocene,zonal,prediction_error,236,bilinear,7.3838075543e-04
mid_holocene,zonal,prediction_error,237,bilinear,7.4154525308e-04
mid_holocene,zonal,prediction_error,238,bilinear,7.2778588847e-04
mid_holocene,zonal,prediction_error,239,bilinear,6.9740426072e-04
mid_holocene,zonal,prediction_error,240,bilinear,7.4948495125e-04
mid_holocene,zonal,prediction_error,241,bilinear,6.7571391812e-04
mid_holocene,zonal,prediction_error,242,bilinear,7.2075896589e-04
mid_holocene,zonal,prediction_error,243,bilinear,7.4407842131e-04
mid_holocene,zonal,prediction_error,244,bilinear,7.6083653043e-04
mid_holocene,zonal,prediction_error,245,bilinear,7.2599712874e-04
mid_holocene,zonal,prediction_error,246,bilinear,7.6142140495e-04
mid_holocene,zonal,prediction_error,247,bilinear,7.5058535850e-04
mid_holocene,zonal,prediction_error,248,bilinear,7.1880889720e-04
mid_holocene,zonal,prediction_error,249,bilinear,7.6494448302e-04
mid_holocene,zonal,prediction_error,250,bilinear,7.4655078664e-04
mid_holocene,zonal,prediction_error,251,bilinear,6.8686430398e-04
mid_holocene,zonal,prediction_error,252,bilinear,6.5244895409e-04
mid_holocene,zonal,prediction_error,253,bilinear,7.1341259084e-04
mid_holocene,zonal,prediction_error,254,bilinear,6.4769975250e-04
mid_holocene,zonal,prediction_error,255,bilinear,6.7503682182e-04
mid_holocene,zonal,prediction_error,256,bilinear,6.9246860585e-04
mid_holocene,zonal,prediction_error,257,bilinear,7.1157593816e-04
mid_holocene,zonal,prediction_error,258,bilinear,6.1375283837e-04
mid_holocene,zonal,prediction_error,259,bilinear,6.2888223503e-04
mid_holocene,zonal,prediction_error,260,bilinear,6.4249109300e-04
mid_holocene,zonal,prediction_error,261,bilinear,5.9445120036e-04
mid_holocene,zonal,prediction_error,262,bilinear,6.7010729753e-04
mid_holocene,zonal,prediction_error,263,bilinear,6.6738942539e-04
mid_holocene,zonal,prediction_error,264,bilinear,6.2413584900e-04
mid_holocene,zonal,prediction_error,265,bilinear,6.5713688508e-04
mid_holocene,zonal,prediction_error,266,bilinear,6.6498936637e-04
mid_holocene,zonal,prediction_error,267,bilinear,6.0394954770e-04
mid_holocene,zonal,prediction_error,268,bilinear,6.6627049621e-04
mid_holocene,zonal,prediction_error,269,bilinear,6.4621466114e-04
mid_holocene,zonal,prediction_error,270,bilinear,6.5397886390e-04
mid_holocene,zonal,prediction_error,271,bilinear,5.9271251001e-04
mid_holocene,zonal,prediction_error,272,bilinear,6.2727319536e-04
mid_holocene,zonal,prediction_error,273,bilinear,6.1367139450e-04
mid_holocene,zonal,prediction_error,274,bilinear,5.7777998670e-04
mid_holocene,zonal,prediction_error,275,bilinear,5.8716354846e-04
mid_holocene,zonal,prediction_error,276,bilinear,6.5046704748e-04
mid_holocene,zonal,prediction_error,277,bilinear,5.7607593631e-04
mid_holocene,zonal,prediction_error,278,bilinear,6.3538000486e-04
mid_holocene,zonal,prediction_error,279,bilinear,5.6387568467e-04
mid_holocene,zonal,prediction_error,280,bilinear,5.4012603022e-04
mid_holocene,zonal,prediction_error,281,bilinear,5.5411964332e-04
mid_holocene,zonal,prediction_error,282,bilinear,5.5251021926e-04
mid_holocene,zonal,prediction_error,283,bilinear,5.5036998843e-04
mid_holocene,zonal,prediction_error,284,bilinear,5.5435619553e-04
mid_holocene,zonal,prediction_error,285,bilinear,5.0639825149e-04
mid_holocene,zonal,prediction_error,286,bilinear,5.3909735702e-04
mid_holocene,zonal,prediction_error,287,bilinear,5.2592751368e-04
mid_holocene,zonal,prediction_error,288,bilinear,5.1577867876e-04
mid_holocene,zonal,prediction_error,289,bilinear,5.2627750408e-04
mid_holocene,zonal,prediction_error,290,bilinear,5.0203356009e-04
mid_holocene,zonal,prediction_error,291,bilinear,5.0319400779e-04
mid_holocene,zonal,prediction_error,292,bilinear,4.9477640940e-04
mid_holocene,zonal,prediction_error,293,bilinear,5.0628158518e-04
mid_holocene,zonal,prediction_error,294,bilinear,5.1010240661e-04
mid_holocene,zonal,prediction_error,295,bilinear,5.0262880403e-04
mid_holocene,zonal,prediction_error,296,bilinear,4.8497325194e-04
mid_holocene,zonal,prediction_error,297,bilinear,4.9337002253e-04
mid_holocene,zonal,prediction_error,298,bilinear,4.7827363577e-04
mid_holocene,zonal,prediction_error,299,bilinear,4.9220257036e-04
mid_holocene,zonal,prediction_error,300,bilinear,4.9290165675e-04
mid_holocene,zonal,prediction_error,301,bilinear,4.3917793116e-04
mid_holocene,zonal,prediction_error,302,bilinear,4.6965811861e-04
mid_holocene,zonal,prediction_error,303,bilinear,4.8156591571e-04
mid_holocene,zonal,prediction_error,304,bilinear,4.7060113820e-04
mid_holocene,zonal,prediction_error,305,bilinear,4.7524868545e-04
mid_holocene,zonal,prediction_error,306,bilinear,4.5251600428e-04
mid_holocene,zonal,prediction_error,307,bilinear,4.5784886052e-04
mid_holocene,zonal,prediction_error,308,bilinear,4.3594085350e-04
mid_holocene,zonal,prediction_error,309,bilinear,4.2516907273e-04
mid_holocene,zonal,prediction_error,310,bilinear,4.6270845017e-04
mid_holocene,zonal,prediction_error,311,bilinear,4.0566623703e-04
mid_holocene,zonal,prediction_error,312,bilinear,4.3140771697e-04
mid_holocene,zonal,prediction_error,313,bilinear,4.1763749619e-04
mid_holocene,zonal,prediction_error,314,bilinear,3.8657835217e-04
mid_holocene,zonal,prediction_error,315,bilinear,4.0366952193e-04
mid_holocene,zonal,prediction_error,316,bilinear,4.2094185563e-04
mid_holocene,zonal,prediction_error,317,bilinear,3.7641589881e-04
mid_holocene,zonal,prediction_error,318,bilinear,3.9248388860e-04
mid_holocene,zonal,prediction_error,319,bilinear,4.0948357154e-04
mid_holocene,zonal,prediction_error,320,bilinear,4.0159308421e-04
mid_holocene,zonal,prediction_error,321,bilinear,4.1304069747e-04
mid_holocene,zonal,prediction_error,322,bilinear,3.8669699889e-04
mid_holocene,zonal,prediction_error,323,bilinear,4.2278149321e-04
mid_holocene,zonal,prediction_error,324,bilinear,3.6722956863e-04
mid_holocene,zonal,prediction_error,325,bilinear,3.3527050790e-04
mid_holocene,zonal,prediction_error,326,bilinear,3.5991229897e-04
mid_holocene,zonal,prediction_error,327,bilinear,3.6420561446e-04
mid_holocene,zonal,prediction_error,328,bilinear,3.3352577419e-04
mid_holocene,zonal,prediction_error,329,bilinear,3.7579933233e-04
mid_holocene,zonal,prediction_error,330,bilinear,3.6889975176e-04
mid_holocene,zonal,prediction_error,331,bilinear,3.3239630228e-04
mid_holocene,zonal,prediction_error,332,bilinear,3.5884408195e-04
mid_holocene,zonal,prediction_error,333,bilinear,3.5859562518e-04
mid_holocene,zonal,prediction_error,334,bilinear,3.2924724510e-04
mid_holocene,zonal,prediction_error,335,bilinear,3.2964996883e-04
mid_holocene,zonal,prediction_error,336,bilinear,3.5934522031e-04
mid_holocene,zonal,prediction_error,337,bilinear,3.1872914304e-04
mid_holocene,zonal,prediction_error,338,bilinear,3.1130619845e-04
mid_holocene,zonal,prediction_error,339,bilinear,3.4158331988e-04
mid_holocene,zonal,prediction_error,340,bilinear,3.2386003047e-04
mid_holocene,zonal,prediction_error,341,bilinear,3.0263022959e-04
mid_holocene,zonal,prediction_error,342,bilinear,3.4405844579e-04
mid_holocene,zonal,prediction_error,343,bilinear,3.2365373811e-04
mid_holocene,zonal,prediction_error,344,bilinear,3.0191669586e-04
mid_holocene,zonal,prediction_error,345,bilinear,3.2436861237e-04
mid_holocene,zonal,prediction_error,346,bilinear,3.1992993946e-04
mid_holocene,zonal,prediction_error,347,bilinear,3.1807075080e-04
mid_holocene,zonal,prediction_error,348,bilinear,3.1850417770e-04
mid_holocene,zonal,prediction_error,349,bilinear,3.1052200342e-04
mid_holocene,zonal,prediction_error,350,bilinear,3.1878177594e-04
mid_holocene,zonal,prediction_error,351,bilinear,2.9317519666e-04
mid_holocene,zonal,prediction_error,352,bilinear,2.9759104904e-04
mid_holocene,zonal,prediction_error,353,bilinear,2.8252770398e-04
mid_holocene,zonal,prediction_error,354,bilinear,2.8845328178e-04
mid_holocene,zonal,prediction_error,355,bilinear,2.7397286530e-04
mid_holocene,zonal,prediction_error,356,bilinear,2.7226554348e-04
mid_holocene,zonal,prediction_error,357,bilinear,2.8490676252e-04
mid_holocene,zonal,prediction_error,358,bilinear,2.8641128688e-04
mid_holocene,zonal,prediction_error,359,bilinear,2.7995279263e-04
mid_holocene,zonal,prediction_error,360,bilinear,2.8079713836e-04
mid_holocene,zonal,prediction_error,361,bilinear,2.5454651496e-04
mid_holocene,zonal,prediction_error,362,bilinear,2.7353056348e-04
mid_holocene,zonal,prediction_error,363,bilinear,2.6660347384e-04
mid_holocene,zonal,prediction_error,364,bilinear,2.6632040483e-04
mid_holocene,zonal,prediction_error,365,bilinear,2.5796294377e-04
mid_holocene,zonal,prediction_error,366,bilinear,2.6289830110e-04
mid_holocene,zonal,prediction_error,367,bilinear,2.5055253645e-04
mid_holocene,zonal,prediction_error,368,bilinear,2.4230360274e-04
mid_holocene,zonal,prediction_error,369,bilinear,2.4242247652e-04
mid_holocene,zonal,prediction_error,370,bilinear,2.5670935704e-04
mid_holocene,zonal,prediction_error,371,bilinear,2.8756594540e-04
mid_holocene,zonal,prediction_error,372,bilinear,2.2777902452e-04
mid_holocene,zonal,prediction_error,373,bilinear,2.3252827652e-04
mid_holocene,zonal,prediction_error,374,bilinear,2.2852510072e-04
mid_holocene,zonal,prediction_error,375,bilinear,2.2855207828e-04
mid_holocene,zonal,prediction_error,376,bilinear,2.3118755772e-04
mid_holocene,zonal,prediction_error,377,bilinear,2.4047251286e-04
mid_holocene,zonal,prediction_error,378,bilinear,2.2163755336e-04
mid_holocene,zonal,prediction_error,379,bilinear,2.2296644419e-04
mid_holocene,zonal,prediction_error,380,bilinear,2.2644683161e-04
mid_holocene,zonal,prediction_error,381,bilinear,2.1632471478e-04
mid_holocene,zonal,prediction_error,382,bilinear,2.2894662932e-04
mid_holocene,zonal,prediction_error,383,bilinear,2.1758823007e-04
mid_holocene,zonal,prediction_error,384,bilinear,2.3151263808e-04
mid_holocene,zonal,prediction_error,385,bilinear,1.9419651817e-04
mid_holocene,zonal,prediction_error,386,bilinear,2.0860635920e-04
mid_holocene,zonal,prediction_error,387,bilinear,2.0679699469e-04
mid_holocene,zonal,prediction_error,388,bilinear,2.0591927864e-04
mid_holocene,zonal,prediction_error,389,bilinear,1.9238840353e-04
mid_holocene,zonal,prediction_error,390,bilinear,1.9912224684e-04
mid_holocene,zonal,prediction_error,391,bilinear,1.9263317578e-04
mid_holocene,zonal,prediction_error,392,bilinear,2.0027926678e-04
mid_holocene,zonal,prediction_error,393,bilinear,2.0990302245e-04
mid_holocene,zonal,prediction_error,394,bilinear,1.8868870665e-04
mid_holocene,zonal,prediction_error,395,bilinear,2.0817618137e-04
mid_holocene,zonal,prediction_error,396,bilinear,2.1463218344e-04
mid_holocene,zonal,prediction_error,397,bilinear,1.9954171640e-04
mid_holocene,zonal,prediction_error,398,bilinear,1.7325148775e-04
mid_holocene,zonal,prediction_error,399,bilinear,1.9115005390e-04
mid_holocene,zonal,prediction_error,400,bilinear,1.8748693231e-04
mid_holocene,zonal,prediction_error,401,bilinear,1.7613552584e-04
mid_holocene,zonal,prediction_error,402,bilinear,1.6958253090e-04
mid_holocene,zonal,prediction_error,403,bilinear,1.7251130109e-04
mid_holocene,zonal,prediction_error,404,bilinear,1.7440038092e-04
mid_holocene,zonal,prediction_error,405,bilinear,1.7687564306e-04
mid_holocene,zonal,prediction_error,406,bilinear,2.0575080069e-04
mid_holocene,zonal,prediction_error,407,bilinear,1.7815659292e-04
mid_holocene,zonal,prediction_error,408,bilinear,1.6349147513e-04
mid_holocene,zonal,prediction_error,409,bilinear,1.7980642323e-04
mid_holocene,zonal,prediction_error,410,bilinear,1.7782116212e-04
mid_holocene,zonal,prediction_error,411,bilinear,1.5526894058e-04
mid_holocene,zonal,prediction_error,412,bilinear,1.8558052643e-04
mid_holocene,zonal,prediction_error,413,bilinear,1.8238373891e-04
mid_holocene,zonal,prediction_error,414,bilinear,1.6847337912e-04
mid_holocene,zonal,prediction_error,415,bilinear,1.6480889776e-04
mid_holocene,zonal,prediction_error,416,bilinear,1.7619718542e-04
mid_holocene,zonal,prediction_error,417,bilinear,1.6689581628e-04
mid_holocene,zonal,prediction_error,418,bilinear,1.5498025711e-04
mid_holocene,zonal,prediction_error,419,bilinear,1.6070204887e-04
mid_holocene,zonal,prediction_error,420,bilinear,1.3402844084e-04
mid_holocene,zonal,prediction_error,421,bilinear,1.6626415359e-04
mid_holocene,zonal,prediction_error,422,bilinear,1.7310164744e-04
mid_holocene,zonal,prediction_error,423,bilinear,1.5355365801e-04
mid_holocene,zonal,prediction_error,424,bilinear,1.4703358355e-04
mid_holocene,zonal,prediction_error,425,bilinear,1.5790744588e-04
mid_holocene,zonal,prediction_error,426,bilinear,1.5376876484e-04
mid_holocene,zonal,prediction_error,427,bilinear,1.3036335322e-04
mid_holocene,zonal,prediction_error,428,bilinear,1.5606969799e-04
mid_holocene,zonal,prediction_error,429,bilinear,1.3722400336e-04
mid_holocene,zonal,prediction_error,430,bilinear,1.4018828284e-04
mid_holocene,zonal,prediction_error,431,bilinear,1.4092216497e-04
mid_holocene,zonal,prediction_error,432,bilinear,1.4089014726e-04
mid_holocene,zonal,prediction_error,433,bilinear,1.2608999102e-04
mid_holocene,zonal,prediction_error,434,bilinear,1.2888606306e-04
mid_holocene,zonal,prediction_error,435,bilinear,1.3445186911e-04
mid_holocene,zonal,prediction_error,436,bilinear,1.2524548933e-04
mid_holocene,zonal,prediction_error,437,bilinear,1.2061547671e-04
mid_holocene,spherical,prediction_error,1,cca,3.1578061610e-08
mid_holocene,spherical,prediction_error,2,cca,3.5842870824e-08
mid_holocene,spherical,prediction_error,3,cca,4.7795671848e-08
mid_holocene,spherical,prediction_error,4,cca,7.2101589596e-08
mid_holocene,spherical,prediction_error,5,cca,1.3511121386e-07
mid_holocene,spherical,prediction_error,6,cca,2.2235674706e-07
mid_holocene,spherical,prediction_error,7,cca,3.4329680391e-07
mid_holocene,spherical,prediction_error,8,cca,4.3255762884e-07
mid_holocene,spherical,prediction_error,9,cca,5.8639474945e-07
mid_holocene,spherical,prediction_error,10,cca,7.4351898954e-07
mid_holocene,spherical,prediction_error,11,cca,8.8191478891e-07
mid_holocene,spherical,prediction_error,12,cca,1.1026220807e-06
mid_holocene,spherical,prediction_error,13,cca,1.2514967317e-06
mid_holocene,spherical,prediction_error,14,cca,1.6072025480e-06
mid_holocene,spherical,prediction_error,15,cca,1.6816341365e-06
mid_holocene,spherical,prediction_error,16,cca,1.8382788831e-06
mid_holocene,spherical,prediction_error,17,cca,2.0219110492e-06
mid_holocene,spherical,prediction_error,18,cca,2.1273486929e-06
mid_holocene,spherical,prediction_error,19,cca,2.3612458220e-06
mid_holocene,spherical,prediction_error,20,cca,2.7791748476e-06
mid_holocene,spherical,prediction_error,21,cca,2.6298686064e-06
mid_holocene,spherical,prediction_error,22,cca,2.9408125006e-06
mid_holocene,spherical,prediction_error,23,cca,2.9758802088e-06
mid_holocene,spherical,prediction_error,24,cca,3.3097275460e-06
mid_holocene,spherical,prediction_error,25,cca,3.2290014141e-06
mid_holocene,spherical,prediction_error,26,cca,3.3047284420e-06
mid_holocene,spherical,prediction_error,27,cca,3.4827756619e-06
mid_holocene,spherical,prediction_error,28,cca,3.5227519324e-06
mid_holocene,spherical,prediction_error,29,cca,3.6062008575e-06
mid_holocene,spherical,prediction_error,30,cca,3.7092780517e-06
mid_holocene,spherical,prediction_error,31,cca,3.9063397700e-06
mid_holocene,spherical,prediction_error,32,cca,3.9040792647e-06
mid_holocene,spherical,prediction_error,33,cca,4.1532092889e-06
mid_holocene,spherical,prediction_error,34,cca,4.0734165419e-06
mid_holocene,spherical,prediction_error,35,cca,4.1704674895e-06
mid_holocene,spherical,prediction_error,36,cca,4.1031421547e-06
mid_holocene,spherical,prediction_error,37,cca,4.2388327376e-06
mid_holocene,spherical,prediction_error,38,cca,4.3445081814e-06
mid_holocene,spherical,prediction_error,39,cca,4.4521673930e-06
mid_holocene,spherical,prediction_error,40,cca,4.5265764100e-06
mid_holocene,spherical,prediction_error,41,cca,4.4637125245e-06
mid_holocene,spherical,prediction_error,42,cca,4.4008526267e-06
mid_holocene,spherical,prediction_error,43,cca,4.6495398922e-06
mid_holocene,spherical,prediction_error,44,cca,4.5866545724e-06
mid_holocene,spherical,prediction_error,45,cca,4.7237325181e-06
mid_holocene,spherical,prediction_error,46,cca,4.8308975708e-06
mid_holocene,spherical,prediction_error,47,cca,4.7870399616e-06
mid_holocene,spherical,prediction_error,48,cca,4.9106140378e-06
mid_holocene,spherical,prediction_error,49,cca,4.9588514905e-06
mid_holocene,spherical,prediction_error,50,cca,4.8783736355e-06
mid_holocene,spherical,prediction_error,51,cca,4.9446760661e-06
mid_holocene,spherical,prediction_error,52,cca,4.9279985178e-06
mid_holocene,spherical,prediction_error,53,cca,5.1468672132e-06
mid_holocene,spherical,prediction_error,54,cca,5.0886319695e-06
mid_holocene,spherical,prediction_error,55,cca,5.1705161124e-06
mid_holocene,spherical,prediction_error,56,cca,5.1763571328e-06
mid_holocene,spherical,prediction_error,57,cca,5.2156657256e-06
mid_holocene,spherical,prediction_error,58,cca,5.2549337594e-06
mid_holocene,spherical,prediction_error,59,cca,5.2575221523e-06
mid_holocene,spherical,prediction_error,60,cca,5.2300051052e-06
mid_holocene,spherical,prediction_error,61,cca,5.3614487675e-06
mid_holocene,spherical,prediction_error,62,cca,5.3591783928e-06
mid_holocene,spherical,prediction_error,63,cca,5.5383024046e-06
mid_holocene,spherical,prediction_error,64,cca,5.5366724942e-06
mid_holocene,spherical,prediction_error,65,cca,5.5283504347e-06
mid_holocene,spherical,prediction_error,66,cca,5.6757245898e-06
mid_holocene,spherical,prediction_error,67,cca,5.7066404085e-06
mid_holocene,spherical,prediction_error,68,cca,5.7387010717e-06
mid_holocene,spherical,prediction_error,69,cca,5.7444654449e-06
mid_holocene,spherical,prediction_error,70,cca,5.7611417163e-06
mid_holocene,spherical,prediction_error,71,cca,5.8080340304e-06
mid_holocene,spherical,prediction_error,72,cca,5.8150100714e-06
mid_holocene,spherical,prediction_error,73,cca,5.8865694909e-06
mid_holocene,spherical,prediction_error,74,cca,5.9292160595e-06
mid_holocene,spherical,prediction_error,75,cca,5.8417799879e-06
mid_holocene,spherical,prediction_error,76,cca,6.0056555738e-06
mid_holocene,spherical,prediction_error,77,cca,5.9478659020e-06
mid_holocene,spherical,prediction_error,78,cca,6.0962955756e-06
mid_holocene,spherical,prediction_error,79,cca,6.0628130365e-06
mid_holocene,spherical,prediction_error,80,cca,6.0279616348e-06
mid_holocene,spherical,prediction_error,81,cca,6.1406656969e-06
mid_holocene,spherical,prediction_error,82,cca,6.1814624234e-06
mid_holocene,spherical,prediction_error,83,cca,6.1441020692e-06
mid_holocene,spherical,prediction_error,84,cca,6.1733817344e-06
mid_holocene,spherical,prediction_error,85,cca,6.3017693268e-06
mid_holocene,spherical,prediction_error,86,cca,6.2239736727e-06
mid_holocene,spherical,prediction_error,87,cca,6.2490738911e-06
mid_holocene,spherical,prediction_error,88,cca,6.3034465414e-06
mid_holocene,spherical,prediction_error,89,cca,6.3680550264e-06
mid_holocene,spherical,prediction_error,90,cca,6.3746479868e-06
mid_holocene,spherical,prediction_error,91,cca,6.4310871037e-06
mid_holocene,spherical,prediction_error,92,cca,6.4687969650e-06
mid_holocene,spherical,prediction_error,93,cca,6.3779241821e-06
mid_holocene,spherical,prediction_error,94,cca,6.5867421904e-06
mid_holocene,spherical,prediction_error,95,cca,6.5866375870e-06
mid_holocene,spherical,prediction_error,96,cca,6.5428084324e-06
mid_holocene,spherical,prediction_error,97,cca,6.6358548302e-06
mid_holocene,spherical,prediction_error,98,cca,6.6440695953e-06
mid_holocene,spherical,prediction_error,99,cca,6.7405639804e-06
mid_holocene,spherical,prediction_error,100,cca,6.7065746570e-06
mid_holocene,spherical,prediction_error,101,cca,6.7740144346e-06
mid_holocene,spherical,prediction_error,102,cca,6.6915898437e-06
mid_holocene,spherical,prediction_error,103,cca,6.7633431265e-06
mid_holocene,spherical,prediction_error,104,cca,6.8660880499e-06
mid_holocene,spherical,prediction_error,105,cca,6.8069568177e-06
mid_holocene,spherical,prediction_error,106,cca,6.8855818190e-06
mid_holocene,spherical,prediction_error,107,cca,6.9305142060e-06
mid_holocene,spherical,prediction_error,108,cca,6.9158719111e-06
mid_holocene,spherical,prediction_error,109,cca,7.0559626890e-06
mid_holocene,spherical,prediction_error,110,cca,6.9898979006e-06
mid_holocene,spherical,prediction_error,111,cca,6.9692386369e-06
mid_holocene,spherical,prediction_error,112,cca,7.0041430314e-06
mid_holocene,spherical,prediction_error,113,cca,7.0245171296e-06
mid_holocene,spherical,prediction_error,114,cca,7.0800071648e-06
mid_holocene,spherical,prediction_error,115,cca,7.1164968568e-06
mid_holocene,spherical,prediction_error,116,cca,7.1340749233e-06
mid_holocene,spherical,prediction_error,117,cca,7.1881235501e-06
mid_holocene,spherical,prediction_error,118,cca,7.1070806177e-06
mid_holocene,spherical,prediction_error,119,cca,7.1790990967e-06
mid_holocene,spherical,prediction_error,120,cca,7.2857180792e-06
mid_holocene,spherical,prediction_error,121,cca,7.2012221688e-06
mid_holocene,spherical,prediction_error,122,cca,7.3717593927e-06
mid_holocene,spherical,prediction_error,123,cca,7.2838971364e-06
mid_holocene,spherical,prediction_error,124,cca,7.2560267176e-06
mid_holocene,spherical,prediction_error,125,cca,7.2412451348e-06
mid_holocene,spherical,prediction_error,126,cca,7.3118536887e-06
mid_holocene,spherical,prediction_error,127,cca,7.3787458148e-06
mid_holocene,spherical,prediction_error,128,cca,7.3606557067e-06
mid_holocene,spherical,prediction_error,129,cca,7.4244693422e-06
mid_holocene,spherical,prediction_error,130,cca,7.3487180269e-06
mid_holocene,spherical,prediction_error,131,cca,7.4398742624e-06
mid_holocene,spherical,prediction_error,132,cca,7.5369507452e-06
mid_holocene,spherical,prediction_error,133,cca,7.3963677935e-06
mid_holocene,spherical,prediction_error,134,cca,7.4700163708e-06
mid_holocene,spherical,prediction_error,135,cca,7.4885734084e-06
mid_holocene,spherical,prediction_error,136,cca,7.4800944871e-06
mid_holocene,spherical,prediction_error,137,cca,7.5254317568e-06
mid_holocene,spherical,prediction_error,138,cca,7.4879883677e-06
mid_holocene,spherical,prediction_error,139,cca,7.5653174603e-06
mid_holocene,spherical,prediction_error,140,cca,7.4966523599e-06
mid_holocene,spherical,prediction_error,141,cca,7.5818003038e-06
mid_holocene,spherical,prediction_error,142,cca,7.5434519315e-06
mid_holocene,spherical,prediction_error,143,cca,7.6016118014e-06
mid_holocene,spherical,prediction_error,144,cca,7.5858610179e-06
mid_holocene,spherical,prediction_error,145,cca,7.5946296802e-06
mid_holocene,spherical,prediction_error,146,cca,7.6290636089e-06
mid_holocene,spherical,prediction_error,147,cca,7.6424734967e-06
mid_holocene,spherical,prediction_error,148,cca,7.6892528563e-06
mid_holocene,spherical,prediction_error,149,cca,7.6819587213e-06
mid_holocene,spherical,prediction_error,150,cca,7.7509753238e-06
mid_holocene,spherical,prediction_error,151,cca,7.6729459022e-06
mid_holocene,spherical,prediction_error,152,cca,7.7235025164e-06
mid_holocene,spherical,prediction_error,153,cca,7.7338731600e-06
mid_holocene,spherical,prediction_error,154,cca,7.7414815250e-06
mid_holocene,spherical,prediction_error,155,cca,7.7265070273e-06
mid_holocene,spherical,prediction_error,156,cca,7.7105802663e-06
mid_holocene,spherical,prediction_error,157,cca,7.7773719427e-06
mid_holocene,spherical,prediction_error,158,cca,7.7023903709e-06
mid_holocene,spherical,prediction_error,159,cca,7.7613099188e-06
mid_holocene,spherical,prediction_error,160,cca,7.7405424354e-06
mid_holocene,spherical,prediction_error,161,cca,7.7859981042e-06
mid_holocene,spherical,prediction_error,162,cca,7.7879858387e-06
mid_holocene,spherical,prediction_error,163,cca,7.7741775414e-06
mid_holocene,spherical,prediction_error,164,cca,7.7585000381e-06
mid_holocene,spherical,prediction_error,165,cca,7.8081292156e-06
mid_holocene,spherical,prediction_error,166,cca,7.7431380706e-06
mid_holocene,spherical,prediction_error,167,cca,7.8009070333e-06
mid_holocene,spherical,prediction_error,168,cca,7.6969905690e-06
mid_holocene,spherical,prediction_error,169,cca,7.7058738631e-06
mid_holocene,spherical,prediction_error,170,cca,7.8016989744e-06
mid_holocene,spherical,prediction_error,171,cca,7.6892159785e-06
mid_holocene,spherical,prediction_error,172,cca,7.7080601852e-06
mid_holocene,spherical,prediction_error,173,cca,7.6963591173e-06
mid_holocene,spherical,prediction_error,174,cca,7.6540457963e-06
mid_holocene,spherical,prediction_error,175,cca,7.7287824490e-06
mid_holocene,spherical,prediction_error,176,cca,7.7360197567e-06
mid_holocene,spherical,prediction_error,177,cca,7.7463004250e-06
mid_holocene,spherical,prediction_error,178,cca,7.6697753162e-06
mid_holocene,spherical,prediction_error,179,cca,7.6231343222e-06
mid_holocene,spherical,prediction_error,180,cca,7.6364633536e-06
mid_holocene,spherical,prediction_error,181,cca,7.6580896005e-06
mid_holocene,spherical,prediction_error,182,cca,7.6770871756e-06
mid_holocene,spherical,prediction_error,183,cca,7.5679949329e-06
mid_holocene,spherical,prediction_error,184,cca,7.6267690136e-06
mid_holocene,spherical,prediction_error,185,cca,7.6261834251e-06
mid_holocene,spherical,prediction_error,186,cca,7.6528065014e-06
mid_holocene,spherical,prediction_error,187,cca,7.6287430110e-06
mid_holocene,spherical,prediction_error,188,cca,7.6075984102e-06
mid_holocene,spherical,prediction_error,189,cca,7.5731072108e-06
mid_holocene,spherical,prediction_error,190,cca,7.6166602844e-06
mid_holocene,spherical,prediction_error,191,cca,7.5274918161e-06
mid_holocene,spherical,prediction_error,192,cca,7.5983125147e-06
mid_holocene,spherical,prediction_error,193,cca,7.6156155185e-06
mid_holocene,spherical,prediction_error,194,cca,7.5665367955e-06
mid_holocene,spherical,prediction_error,195,cca,7.4939421716e-06
mid_holocene,spherical,prediction_error,196,cca,7.5694639871e-06
mid_holocene,spherical,prediction_error,197,cca,7.4622939857e-06
mid_holocene,spherical,prediction_error,198,cca,7.4661720984e-06
mid_holocene,spherical,prediction_error,199,cca,7.4601682612e-06
mid_holocene,spherical,prediction_error,200,cca,7.4950996899e-06
mid_holocene,spherical,prediction_error,201,cca,7.4602908616e-06
mid_holocene,spherical,prediction_error,202,cca,7.4582175124e-06
mid_holocene,spherical,prediction_error,203,cca,7.3992633681e-06
mid_holocene,spherical,prediction_error,204,cca,7.4164991382e-06
mid_holocene,spherical,prediction_error,205,cca,7.3954082277e-06
mid_holocene,spherical,prediction_error,206,cca,7.4079510702e-06
mid_holocene,spherical,prediction_error,207,cca,7.4003190625e-06
mid_holocene,spherical,prediction_error,208,cca,7.3461094235e-06
mid_holocene,spherical,prediction_error,209,cca,7.2953088838e-06
mid_holocene,spherical,prediction_error,210,cca,7.3028908256e-06
mid_holocene,spherical,prediction_error,211,cca,7.2678197239e-06
mid_holocene,spherical,prediction_error,212,cca,7.2798426467e-06
mid_holocene,spherical,prediction_error,213,cca,7.1698760522e-06
mid_holocene,spherical,prediction_error,214,cca,7.2170624154e-06
mid_holocene,spherical,prediction_error,215,cca,7.1673677544e-06
mid_holocene,spherical,prediction_error,216,cca,7.2140574525e-06
mid_holocene,spherical,prediction_error,217,cca,7.1675555285e-06
mid_holocene,spherical,prediction_error,218,cca,7.1478645634e-06
mid_holocene,spherical,prediction_error,219,cca,7.0726365886e-06
mid_holocene,spherical,prediction_error,220,cca,7.0531729898e-06
mid_holocene,spherical,prediction_error,221,cca,7.0652617026e-06
mid_holocene,spherical,prediction_error,222,cca,7.0242728574e-06
mid_holocene,spherical,prediction_error,223,cca,7.0068952413e-06
mid_holocene,spherical,prediction_error,224,cca,6.9941241570e-06
mid_holocene,spherical,prediction_error,225,cca,6.9825404766e-06
mid_holocene,spherical,prediction_error,226,cca,6.9625734744e-06
mid_holocene,spherical,prediction_error,227,cca,6.9490575714e-06
mid_holocene,spherical,prediction_error,228,cca,6.9075862313e-06
mid_holocene,spherical,prediction_error,229,cca,6.9166330876e-06
mid_holocene,spherical,prediction_error,230,cca,6.8924898063e-06
mid_holocene,spherical,prediction_error,231,cca,6.8370069180e-06
mid_holocene,spherical,prediction_error,232,cca,6.7999961865e-06
mid_holocene,spherical,prediction_error,233,cca,6.8109847075e-06
mid_holocene,spherical,prediction_error,234,cca,6.7269036923e-06
mid_holocene,spherical,prediction_error,235,cca,6.7423164662e-06
mid_holocene,spherical,prediction_error,236,cca,6.7625071544e-06
mid_holocene,spherical,prediction_error,237,cca,6.6709360163e-06
mid_holocene,spherical,prediction_error,238,cca,6.6504549060e-06
mid_holocene,spherical,prediction_error,239,cca,6.6439596802e-06
mid_holocene,spherical,prediction_error,240,cca,6.5277181243e-06
mid_holocene,spherical,prediction_error,241,cca,6.4939438593e-06
mid_holocene,spherical,prediction_error,242,cca,6.5000905633e-06
mid_holocene,spherical,prediction_error,243,cca,6.4735503981e-06
mid_holocene,spherical,prediction_error,244,cca,6.4758132336e-06
mid_holocene,spherical,prediction_error,245,cca,6.4445353936e-06
mid_holocene,spherical,prediction_error,246,cca,6.4087184998e-06
mid_holocene,spherical,prediction_error,247,cca,6.4360959662e-06
mid_holocene,spherical,prediction_error,248,cca,6.3803777987e-06
mid_holocene,spherical,prediction_error,249,cca,6.2831105205e-06
mid_holocene,spherical,prediction_error,250,cca,6.3060292906e-06
mid_holocene,spherical,prediction_error,251,cca,6.2770272295e-06
mid_holocene,spherical,prediction_error,252,cca,6.2609140079e-06
mid_holocene,spherical,prediction_error,253,cca,6.2168650428e-06
mid_holocene,spherical,prediction_error,254,cca,6.1943881749e-06
mid_holocene,spherical,prediction_error,255,cca,6.1324846329e-06
mid_holocene,spherical,prediction_error,256,cca,6.1329714550e-06
mid_holocene,spherical,prediction_error,257,cca,6.0893580818e-06
mid_holocene,spherical,prediction_error,258,cca,6.0237335648e-06
mid_holocene,spherical,prediction_error,259,cca,6.0028109487e-06
mid_holocene,spherical,prediction_error,260,cca,6.0142694157e-06
mid_holocene,spherical,prediction_error,261,cca,5.9951290104e-06
mid_holocene,spherical,prediction_error,262,cca,5.9249853743e-06
mid_holocene,spherical,prediction_error,263,cca,5.8649450465e-06
mid_holocene,spherical,prediction_error,264,cca,5.8564739484e-06
mid_holocene,spherical,prediction_error,265,cca,5.8543720058e-06
mid_holocene,spherical,prediction_error,266,cca,5.8446955245e-06
mid_holocene,spherical,prediction_error,267,cca,5.7998604845e-06
mid_holocene,spherical,prediction_error,268,cca,5.7489739989e-06
mid_holocene,spherical,prediction_error,269,cca,5.7636680868e-06
mid_holocene,spherical,prediction_error,270,cca,5.6757950727e-06
mid_holocene,spherical,prediction_error,271,cca,5.6763579732e-06
mid_holocene,spherical,prediction_error,272,cca,5.6409973647e-06
mid_holocene,spherical,prediction_error,273,cca,5.6364793750e-06
mid_holocene,spherical,prediction_error,274,cca,5.5575897275e-06
mid_holocene,spherical,prediction_error,275,cca,5.5536655615e-06
mid_holocene,spherical,prediction_error,276,cca,5.5447332012e-06
mid_holocene,spherical,prediction_error,277,cca,5.4495169383e-06
mid_holocene,spherical,prediction_error,278,cca,5.4232023859e-06
mid_holocene,spherical,prediction_error,279,cca,5.4349584283e-06
mid_holocene,spherical,prediction_error,280,cca,5.3808215973e-06
mid_holocene,spherical,prediction_error,281,cca,5.3799303735e-06
mid_holocene,spherical,prediction_error,282,cca,5.3320446293e-06
mid_holocene,spherical,prediction_error,283,cca,5.3175429529e-06
mid_holocene,spherical,prediction_error,284,cca,5.3016773272e-06
mid_holocene,spherical,prediction_error,285,cca,5.2251217883e-06
mid_holocene,spherical,prediction_error,286,cca,5.2067029666e-06
mid_holocene,spherical,prediction_error,287,cca,5.2011781410e-06
mid_holocene,spherical,prediction_error,288,cca,5.1841166280e-06
mid_holocene,spherical,prediction_error,289,cca,5.1139004493e-06
mid_holocene,spherical,prediction_error,290,cca,5.0921095699e-06
mid_holocene,spherical,prediction_error,291,cca,5.0476383361e-06
mid_holocene,spherical,prediction_error,292,cca,5.0342740721e-06
mid_holocene,spherical,prediction_error,293,cca,5.0282010132e-06
mid_holocene,spherical,prediction_error,294,cca,5.0233431092e-06
mid_holocene,spherical,prediction_error,295,cca,4.9394490458e-06
mid_holocene,spherical,prediction_error,296,cca,4.9481660183e-06
mid_holocene,spherical,prediction_error,297,cca,4.8878588036e-06
mid_holocene,spherical,prediction_error,298,cca,4.8781207807e-06
mid_holocene,spherical,prediction_error,299,cca,4.8315267973e-06
mid_holocene,spherical,prediction_error,300,cca,4.8488348785e-06
mid_holocene,spherical,prediction_error,301,cca,4.7785782581e-06
mid_holocene,spherical,prediction_error,302,cca,4.7669962033e-06
mid_holocene,spherical,prediction_error,303,cca,4.7601874879e-06
mid_holocene,spherical,prediction_error,304,cca,4.6953522211e-06
mid_holocene,spherical,prediction_error,305,cca,4.6913605494e-06
mid_holocene,spherical,prediction_error,306,cca,4.6644034300e-06
mid_holocene,spherical,prediction_error,307,cca,4.6137260471e-06
mid_holocene,spherical,prediction_error,308,cca,4.5806509906e-06
mid_holocene,spherical,prediction_error,309,cca,4.5539075513e-06
mid_holocene,spherical,prediction_error,310,cca,4.5373950737e-06
mid_holocene,spherical,prediction_error,311,cca,4.5313430252e-06
mid_holocene,spherical,prediction_error,312,cca,4.5026051440e-06
mid_holocene,spherical,prediction_error,313,cca,4.4828851733e-06
mid_holocene,spherical,prediction_error,314,cca,4.4223322487e-06
mid_holocene,spherical,prediction_error,315,cca,4.3917879694e-06
mid_holocene,spherical,prediction_error,316,cca,4.4060266400e-06
mid_holocene,spherical,prediction_error,317,cca,4.3912934065e-06
mid_holocene,spherical,prediction_error,318,cca,4.3179101709e-06
mid_holocene,spherical,prediction_error,319,cca,4.3016047681e-06
mid_holocene,spherical,prediction_error,320,cca,4.2687431370e-06
mid_holocene,spherical,prediction_error,321,cca,4.2649639665e-06
mid_holocene,spherical,prediction_error,322,cca,4.2138792758e-06
mid_holocene,spherical,prediction_error,323,cca,4.1896713849e-06
mid_holocene,spherical,prediction_error,324,cca,4.1693445135e-06
mid_holocene,spherical,prediction_error,325,cca,4.1328113522e-06
mid_holocene,spherical,prediction_error,326,cca,4.1089479762e-06
mid_holocene,spherical,prediction_error,327,cca,4.0910387308e-06
mid_holocene,spherical,prediction_error,328,cca,4.0666240185e-06
mid_holocene,spherical,prediction_error,329,cca,4.0365094220e-06
mid_holocene,spherical,prediction_error,330,cca,4.0416112872e-06
mid_holocene,spherical,prediction_error,331,cca,3.9934059185e-06
mid_holocene,spherical,prediction_error,332,cca,3.9716444667e-06
mid_holocene,spherical,prediction_error,333,cca,3.9482683592e-06
mid_holocene,spherical,prediction_error,334,cca,3.9194534615e-06
mid_holocene,spherical,prediction_error,335,cca,3.9144918911e-06
mid_holocene,spherical,prediction_error,336,cca,3.9062564349e-06
mid_holocene,spherical,prediction_error,337,cca,3.8660509637e-06
mid_holocene,spherical,prediction_error,338,cca,3.8436467155e-06
mid_holocene,spherical,prediction_error,339,cca,3.8151086476e-06
mid_holocene,spherical,prediction_error,340,cca,3.7920861950e-06
mid_holocene,spherical,prediction_error,341,cca,3.7673808772e-06
mid_holocene,spherical,prediction_error,342,cca,3.7435838586e-06
mid_holocene,spherical,prediction_error,343,cca,3.7241028136e-06
mid_holocene,spherical,prediction_error,344,cca,3.7133133325e-06
mid_holocene,spherical,prediction_error,345,cca,3.6865726114e-06
mid_holocene,spherical,prediction_error,346,cca,3.6679094495e-06
mid_holocene,spherical,prediction_error,347,cca,3.6503291032e-06
mid_holocene,spherical,prediction_error,348,cca,3.6261440101e-06
mid_holocene,spherical,prediction_error,349,cca,3.5871263905e-06
mid_holocene,spherical,prediction_error,350,cca,3.5590410667e-06
mid_holocene,spherical,prediction_error,351,cca,3.5496844515e-06
mid_holocene,spherical,prediction_error,352,cca,3.5538039029e-06
mid_holocene,spherical,prediction_error,353,cca,3.5117934572e-06
mid_holocene,spherical,prediction_error,354,cca,3.5095331386e-06
mid_holocene,spherical,prediction_error,355,cca,3.4835685670e-06
mid_holocene,spherical,prediction_error,356,cca,3.4859525022e-06
mid_holocene,spherical,prediction_error,357,cca,3.4361867679e-06
mid_holocene,spherical,prediction_error,358,cca,3.4016575495e-06
mid_holocene,spherical,prediction_error,359,cca,3.3859226129e-06
mid_holocene,spherical,prediction_error,360,cca,3.3793801629e-06
mid_holocene,spherical,prediction_error,361,cca,3.3549938489e-06
mid_holocene,spherical,prediction_error,362,cca,3.3492692260e-06
mid_holocene,spherical,prediction_error,363,cca,3.3075275247e-06
mid_holocene,spherical,prediction_error,364,cca,3.3123724010e-06
mid_holocene,spherical,prediction_error,365,cca,3.2796282821e-06
mid_holocene,spherical,prediction_error,366,cca,3.2676506660e-06
mid_holocene,spherical,prediction_error,367,cca,3.2386549687e-06
mid_holocene,spherical,prediction_error,368,cca,3.2258994495e-06
mid_holocene,spherical,prediction_error,369,cca,3.1997601933e-06
mid_holocene,spherical,prediction_error,370,cca,3.1876325855e-06
mid_holocene,spherical,prediction_error,371,cca,3.1721114085e-06
mid_holocene,spherical,prediction_error,372,cca,3.1679087786e-06
mid_holocene,spherical,prediction_error,373,cca,3.1389281635e-06
mid_holocene,spherical,prediction_error,374,cca,3.1128922664e-06
mid_holocene,spherical,prediction_error,375,cca,3.1213814448e-06
mid_holocene,spherical,prediction_error,376,cca,3.0765977956e-06
mid_holocene,spherical,prediction_error,377,cca,3.0887754610e-06
mid_holocene,spherical,prediction_error,378,cca,3.0617529943e-06
mid_holocene,spherical,prediction_error,379,cca,3.0654742898e-06
mid_holocene,spherical,prediction_error,380,cca,3.0299013015e-06
mid_holocene,spherical,prediction_error,381,cca,3.0034274151e-06
mid_holocene,spherical,prediction_error,382,cca,2.9799424503e-06
mid_holocene,spherical,prediction_error,383,cca,2.9594517766e-06
mid_holocene,spherical,prediction_error,384,cca,2.9624044321e-06
mid_holocene,spherical,prediction_error,385,cca,2.9325446522e-06
mid_holocene,spherical,prediction_error,386,cca,2.9357473392e-06
mid_holocene,spherical,prediction_error,387,cca,2.9112879706e-06
mid_holocene,spherical,prediction_error,388,cca,2.8815733899e-06
mid_holocene,spherical,prediction_error,389,cca,2.8622647095e-06
mid_holocene,spherical,prediction_error,390,cca,2.8718185794e-06
mid_holocene,spherical,prediction_error,391,cca,2.8282545086e-06
mid_holocene,spherical,prediction_error,392,cca,2.8339031560e-06
mid_holocene,spherical,prediction_error,393,cca,2.8174446345e-06
mid_holocene,spherical,prediction_error,394,cca,2.7869740355e-06
mid_holocene,spherical,prediction_error,395,cca,2.7707929707e-06
mid_holocene,spherical,prediction_error,396,cca,2.7451999190e-06
mid_holocene,spherical,prediction_error,397,cca,2.7453448040e-06
mid_holocene,spherical,prediction_error,398,cca,2.7306191790e-06
mid_holocene,spherical,prediction_error,399,cca,2.7178011390e-06
mid_holocene,spherical,prediction_error,400,cca,2.7088867749e-06
mid_holocene,spherical,prediction_error,401,cca,2.7048435633e-06
mid_holocene,spherical,prediction_error,402,cca,2.6948803887e-06
mid_holocene,spherical,prediction_error,403,cca,2.6701872901e-06
mid_holocene,spherical,prediction_error,404,cca,2.6627188805e-06
mid_holocene,spherical,prediction_error,405,cca,2.6260519386e-06
mid_holocene,spherical,prediction_error,406,cca,2.6167945065e-06
mid_holocene,spherical,prediction_error,407,cca,2.6133958131e-06
mid_holocene,spherical,prediction_error,408,cca,2.6058198005e-06
mid_holocene,spherical,prediction_error,409,cca,2.5819191763e-06
mid_holocene,spherical,prediction_error,410,cca,2.5744091163e-06
mid_holocene,spherical,prediction_error,411,cca,2.5678098717e-06
mid_holocene,spherical,prediction_error,412,cca,2.5461530384e-06
mid_holocene,spherical,prediction_error,413,cca,2.5442754650e-06
mid_holocene,spherical,prediction_error,414,cca,2.5267986724e-06
mid_holocene,spherical,prediction_error,415,cca,2.5141217649e-06
mid_holocene,spherical,prediction_error,416,cca,2.5013408522e-06
mid_holocene,spherical,prediction_error,417,cca,2.4886956343e-06
mid_holocene,spherical,prediction_error,418,cca,2.4711795854e-06
mid_holocene,spherical,prediction_error,419,cca,2.4488726809e-06
mid_holocene,spherical,prediction_error,420,cca,2.4455767612e-06
mid_holocene,spherical,prediction_error,421,cca,2.4457367727e-06
mid_holocene,spherical,prediction_error,422,cca,2.4215049393e-06
mid_holocene,spherical,prediction_error,423,cca,2.4090038677e-06
mid_holocene,spherical,prediction_error,424,cca,2.4070639470e-06
mid_holocene,spherical,prediction_error,425,cca,2.3739650357e-06
mid_holocene,spherical,prediction_error,426,cca,2.3872396873e-06
mid_holocene,zonal,prediction_error,1,cca,1.0354212861e-03
mid_holocene,zonal,prediction_error,2,cca,1.0068314873e-03
mid_holocene,zonal,prediction_error,3,cca,9.7714887014e-04
mid_holocene,zonal,prediction_error,4,cca,9.6336687437e-04
mid_holocene,zonal,prediction_error,5,cca,9.4238617717e-04
mid_holocene,zonal,prediction_error,6,cca,9.2320937154e-04
mid_holocene,zonal,prediction_error,7,cca,9.1061503655e-04
mid_holocene,zonal,prediction_error,8,cca,8.9514125414e-04
mid_holocene,zonal,prediction_error,9,cca,8.8112357559e-04
mid_holocene,zonal,prediction_error,10,cca,8.5775509561e-04
mid_holocene,zonal,prediction_error,11,cca,8.4107543572e-04
mid_holocene,zonal,prediction_error,12,cca,8.2458405560e-04
mid_holocene,zonal,prediction_error,13,cca,8.1537628727e-04
mid_holocene,zonal,prediction_error,14,cca,8.0152844204e-04
mid_holocene,zonal,prediction_error,15,cca,7.8644023913e-04
mid_holocene,zonal,prediction_error,16,cca,7.7131986748e-04
mid_holocene,zonal,prediction_error,17,cca,7.6399828529e-04
mid_holocene,zonal,prediction_error,18,cca,7.4811521993e-04
mid_holocene,zonal,prediction_error,19,cca,7.4118357685e-04
mid_holocene,zonal,prediction_error,20,cca,7.2759857990e-04
mid_holocene,zonal,prediction_error,21,cca,7.0902053633e-04
mid_holocene,zonal,prediction_error,22,cca,7.0052067371e-04
mid_holocene,zonal,prediction_error,23,cca,6.9012105173e-04
mid_holocene,zonal,prediction_error,24,cca,6.8355587754e-04
mid_holocene,zonal,prediction_error,25,cca,6.7343792769e-04
mid_holocene,zonal,prediction_error,26,cca,6.6414844395e-04
mid_holocene,zonal,prediction_error,27,cca,6.5528711308e-04
mid_holocene,zonal,prediction_error,28,cca,6.4155013699e-04
mid_holocene,zonal,prediction_error,29,cca,6.3530027028e-04
mid_holocene,zonal,prediction_error,30,cca,6.2804488824e-04
mid_holocene,zonal,prediction_error,31,cca,6.1478237848e-04
mid_holocene,zonal,prediction_error,32,cca,6.1170692947e-04
mid_holocene,zonal,prediction_error,33,cca,6.0261524855e-04
mid_holocene,zonal,prediction_error,34,cca,6.0033944929e-04
mid_holocene,zonal,prediction_error,35,cca,5.9122622913e-04
mid_holocene,zonal,prediction_error,36,cca,5.8277835505e-04
mid_holocene,zonal,prediction_error,37,cca,5.7903789204e-04
mid_holocene,zonal,prediction_error,38,cca,5.7047782872e-04
mid_holocene,zonal,prediction_error,39,cca,5.6443156262e-04
mid_holocene,zonal,prediction_error,40,cca,5.5536758540e-04
mid_holocene,zonal,prediction_error,41,cca,5.4860666776e-04
mid_holocene,zonal,prediction_error,42,cca,5.4460396295e-04
mid_holocene,zonal,prediction_error,43,cca,5.4418795394e-04
mid_holocene,zonal,prediction_error,44,cca,5.3326363458e-04
mid_holocene,zonal,prediction_error,45,cca,5.3358082619e-04
mid_holocene,zonal,prediction_error,46,cca,5.2420706090e-04
mid_holocene,zonal,prediction_error,47,cca,5.1920742859e-04
mid_holocene,zonal,prediction_error,48,cca,5.1054377385e-04
mid_holocene,zonal,prediction_error,49,cca,5.0911776107e-04
mid_holocene,zonal,prediction_error,50,cca,5.0056884018e-04
mid_holocene,zonal,prediction_error,51,cca,4.9870118357e-04
mid_holocene,zonal,prediction_error,52,cca,4.9721483330e-04
mid_holocene,zonal,prediction_error,53,cca,4.8721288690e-04
mid_holocene,zonal,prediction_error,54,cca,4.8708334165e-04
mid_holocene,zonal,prediction_error,55,cca,4.7966404420e-04
mid_holocene,zonal,prediction_error,56,cca,4.7611342510e-04
mid_holocene,zonal,prediction_error,57,cca,4.6940301316e-04
mid_holocene,zonal,prediction_error,58,cca,4.6100684381e-04
mid_holocene,zonal,prediction_error,59,cca,4.5725631969e-04
mid_holocene,zonal,prediction_error,60,cca,4.5679910943e-04
mid_holocene,zonal,prediction_error,61,cca,4.4887378121e-04
mid_holocene,zonal,prediction_error,62,cca,4.4644516173e-04
mid_holocene,zonal,prediction_error,63,cca,4.3990547105e-04
mid_holocene,zonal,prediction_error,64,cca,4.3813248293e-04
mid_holocene,zonal,prediction_error,65,cca,4.3317258698e-04
mid_holocene,zonal,prediction_error,66,cca,4.3180776382e-04
mid_holocene,zonal,prediction_error,67,cca,4.2716222102e-04
mid_holocene,zonal,prediction_error,68,cca,4.2527675662e-04
mid_holocene,zonal,prediction_error,69,cca,4.1684192042e-04
mid_holocene,zonal,prediction_error,70,cca,4.1484619747e-04
mid_holocene,zonal,prediction_error,71,cca,4.1005373064e-04
mid_holocene,zonal,prediction_error,72,cca,4.0857691150e-04
mid_holocene,zonal,prediction_error,73,cca,4.0504707679e-04
mid_holocene,zonal,prediction_error,74,cca,4.0175605771e-04
mid_holocene,zonal,prediction_error,75,cca,4.0094561760e-04
mid_holocene,zonal,prediction_error,76,cca,3.9494931527e-04
mid_holocene,zonal,prediction_error,77,cca,3.9419752580e-04
mid_holocene,zonal,prediction_error,78,cca,3.8776342422e-04
mid_holocene,zonal,prediction_error,79,cca,3.8352988509e-04
mid_holocene,zonal,prediction_error,80,cca,3.8349619888e-04
mid_holocene,zonal,prediction_error,81,cca,3.7975104412e-04
mid_holocene,zonal,prediction_error,82,cca,3.7578452664e-04
mid_holocene,zonal,prediction_error,83,cca,3.7377682130e-04
mid_holocene,zonal,prediction_error,84,cca,3.6920580876e-04
mid_holocene,zonal,prediction_error,85,cca,3.6883179049e-04
mid_holocene,zonal,prediction_error,86,cca,3.6660609861e-04
mid_holocene,zonal,prediction_error,87,cca,3.6409992868e-04
mid_holocene,zonal,prediction_error,88,cca,3.6191977424e-04
mid_holocene,zonal,prediction_error,89,cca,3.5866212779e-04
mid_holocene,zonal,prediction_error,90,cca,3.5498702628e-04
mid_holocene,zonal,prediction_error,91,cca,3.5354495487e-04
mid_holocene,zonal,prediction_error,92,cca,3.4852002872e-04
mid_holocene,zonal,prediction_error,93,cca,3.4496281946e-04
mid_holocene,zonal,prediction_error,94,cca,3.4380459028e-04
mid_holocene,zonal,prediction_error,95,cca,3.4049948648e-04
mid_holocene,zonal,prediction_error,96,cca,3.4086829591e-04
mid_holocene,zonal,prediction_error,97,cca,3.3675363973e-04
mid_holocene,zonal,prediction_error,98,cca,3.3506447181e-04
mid_holocene,zonal,prediction_error,99,cca,3.3187520951e-04
mid_holocene,zonal,prediction_error,100,cca,3.3015831091e-04
mid_holocene,zonal,prediction_error,101,cca,3.2657117337e-04
mid_holocene,zonal,prediction_error,102,cca,3.2419805879e-04
mid_holocene,zonal,prediction_error,103,cca,3.2383201624e-04
mid_holocene,zonal,prediction_error,104,cca,3.1982738029e-04
mid_holocene,zonal,prediction_error,105,cca,3.1840837660e-04
mid_holocene,zonal,prediction_error,106,cca,3.1466891947e-04
mid_holocene,zonal,prediction_error,107,cca,3.1415364119e-04
mid_holocene,zonal,prediction_error,108,cca,3.1159326946e-04
mid_holocene,zonal,prediction_error,109,cca,3.1072052648e-04
mid_holocene,zonal,prediction_error,110,cca,3.0682013072e-04
mid_holocene,zonal,prediction_error,111,cca,3.0671683548e-04
mid_holocene,zonal,prediction_error,112,cca,3.0380022245e-04
mid_holocene,zonal,prediction_error,113,cca,3.0121386782e-04
mid_holocene,zonal,prediction_error,114,cca,2.9948972167e-04
mid_holocene,zonal,prediction_error,115,cca,2.9741247658e-04
mid_holocene,zonal,prediction_error,116,cca,2.9679103925e-04
mid_holocene,zonal,prediction_error,117,cca,2.9365924435e-04
mid_holocene,zonal,prediction_error,118,cca,2.9274933519e-04
mid_holocene,zonal,prediction_error,119,cca,2.9009109429e-04
mid_holocene,zonal,prediction_error,120,cca,2.8697506679e-04
mid_holocene,zonal,prediction_error,121,cca,2.8569839576e-04
mid_holocene,zonal,prediction_error,122,cca,2.8494101568e-04
mid_holocene,zonal,prediction_error,123,cca,2.8417123732e-04
mid_holocene,zonal,prediction_error,124,cca,2.8105273740e-04
mid_holocene,zonal,prediction_error,125,cca,2.8011915061e-04
mid_holocene,zonal,prediction_error,126,cca,2.7522816524e-04
mid_holocene,zonal,prediction_error,127,cca,2.7335406487e-04
mid_holocene,zonal,prediction_error,128,cca,2.7100844211e-04
mid_holocene,zonal,prediction_error,129,cca,2.7032143941e-04
mid_holocene,zonal,prediction_error,130,cca,2.6883697236e-04
mid_holocene,zonal,prediction_error,131,cca,2.6791217268e-04
mid_holocene,zonal,prediction_error,132,cca,2.6644090004e-04
mid_holocene,zonal,prediction_error,133,cca,2.6464545384e-04
mid_holocene,zonal,prediction_error,134,cca,2.6288456491e-04
mid_holocene,zonal,prediction_error,135,cca,2.6128277507e-04
mid_holocene,zonal,prediction_error,136,cca,2.6023631783e-04
mid_holocene,zonal,prediction_error,137,cca,2.5786894595e-04
mid_holocene,zonal,prediction_error,138,cca,2.5401701397e-04
mid_holocene,zonal,prediction_error,139,cca,2.5455428066e-04
mid_holocene,zonal,prediction_error,140,cca,2.5195937354e-04
mid_holocene,zonal,prediction_error,141,cca,2.4896774935e-04
mid_holocene,zonal,prediction_error,142,cca,2.4942506666e-04
mid_holocene,zonal,prediction_error,143,cca,2.4759629795e-04
mid_holocene,zonal,prediction_error,144,cca,2.4634004662e-04
mid_holocene,zonal,prediction_error,145,cca,2.4435170835e-04
mid_holocene,zonal,prediction_error,146,cca,2.4233967898e-04
mid_holocene,zonal,prediction_error,147,cca,2.4024311449e-04
mid_holocene,zonal,prediction_error,148,cca,2.4099982208e-04
mid_holocene,zonal,prediction_error,149,cca,2.3990078657e-04
mid_holocene,zonal,prediction_error,150,cca,2.3688599632e-04
mid_holocene,zonal,prediction_error,151,cca,2.3606546966e-04
mid_holocene,zonal,prediction_error,152,cca,2.3350929636e-04
mid_holocene,zonal,prediction_error,153,cca,2.3232007746e-04
mid_holocene,zonal,prediction_error,154,cca,2.2913918005e-04
mid_holocene,zonal,prediction_error,155,cca,2.3009696160e-04
mid_holocene,zonal,prediction_error,156,cca,2.2684633845e-04
mid_holocene,zonal,prediction_error,157,cca,2.2716531331e-04
mid_holocene,zonal,prediction_error,158,cca,2.2654292347e-04
mid_holocene,zonal,prediction_error,159,cca,2.2498296826e-04
mid_holocene,zonal,prediction_error,160,cca,2.2232687256e-04
mid_holocene,zonal,prediction_error,161,cca,2.2100418289e-04
mid_holocene,zonal,prediction_error,162,cca,2.2040497451e-04
mid_holocene,zonal,prediction_error,163,cca,2.1817393631e-04
mid_holocene,zonal,prediction_error,164,cca,2.1672645464e-04
mid_holocene,zonal,prediction_error,165,cca,2.1629504727e-04
mid_holocene,zonal,prediction_error,166,cca,2.1546238731e-04
mid_holocene,zonal,prediction_error,167,cca,2.1367818954e-04
mid_holocene,zonal,prediction_error,168,cca,2.1167381159e-04
mid_holocene,zonal,prediction_error,169,cca,2.0947673590e-04
mid_holocene,zonal,prediction_error,170,cca,2.0860709810e-04
mid_holocene,zonal,prediction_error,171,cca,2.0709813726e-04
mid_holocene,zonal,prediction_error,172,cca,2.0711076503e-04
mid_holocene,zonal,prediction_error,173,cca,2.0612636725e-04
mid_holocene,zonal,prediction_error,174,cca,2.0520341003e-04
mid_holocene,zonal,prediction_error,175,cca,2.0330186879e-04
mid_holocene,zonal,prediction_error,176,cca,2.0123221568e-04
mid_holocene,zonal,prediction_error,177,cca,2.0106375831e-04
mid_holocene,zonal,prediction_error,178,cca,1.9954288459e-04
mid_holocene,zonal,prediction_error,179,cca,2.0037224942e-04
mid_holocene,zonal,prediction_error,180,cca,1.9740814983e-04
mid_holocene,zonal,prediction_error,181,cca,1.9645815154e-04
mid_holocene,zonal,prediction_error,182,cca,1.9387347635e-04
mid_holocene,zonal,prediction_error,183,cca,1.9399856892e-04
mid_holocene,zonal,prediction_error,184,cca,1.9138246342e-04
mid_holocene,zonal,prediction_error,185,cca,1.9249561229e-04
mid_holocene,zonal,prediction_error,186,cca,1.9184744013e-04
mid_holocene,zonal,prediction_error,187,cca,1.8905453805e-04
mid_holocene,zonal,prediction_error,188,cca,1.8849008552e-04
mid_holocene,zonal,prediction_error,189,cca,1.8550679460e-04
mid_holocene,zonal,prediction_error,190,cca,1.8677367193e-04
mid_holocene,zonal,prediction_error,191,cca,1.8437026738e-04
mid_holocene,zonal,prediction_error,192,cca,1.8448657756e-04
mid_holocene,zonal,prediction_error,193,cca,1.8206505749e-04
mid_holocene,zonal,prediction_error,194,cca,1.8050425966e-04
mid_holocene,zonal,prediction_error,195,cca,1.7992701094e-04
mid_holocene,zonal,prediction_error,196,cca,1.7958326359e-04
mid_holocene,zonal,prediction_error,197,cca,1.7858732821e-04
mid_holocene,zonal,prediction_error,198,cca,1.7820954868e-04
mid_holocene,zonal,prediction_error,199,cca,1.7612662439e-04
mid_holocene,zonal,prediction_error,200,cca,1.7551461936e-04
mid_holocene,zonal,prediction_error,201,cca,1.7348046101e-04
mid_holocene,zonal,prediction_error,202,cca,1.7359209339e-04
mid_holocene,zonal,prediction_error,203,cca,1.7107056000e-04
mid_holocene,zonal,prediction_error,204,cca,1.7067181949e-04
mid_holocene,zonal,prediction_error,205,cca,1.7009506718e-04
mid_holocene,zonal,prediction_error,206,cca,1.6714375471e-04
mid_holocene,zonal,prediction_error,207,cca,1.6631353757e-04
mid_holocene,zonal,prediction_error,208,cca,1.6506936542e-04
mid_holocene,zonal,prediction_error,209,cca,1.6526956451e-04
mid_holocene,zonal,prediction_error,210,cca,1.6294803680e-04
mid_holocene,zonal,prediction_error,211,cca,1.6203243215e-04
mid_holocene,zonal,prediction_error,212,cca,1.6214527823e-04
mid_holocene,zonal,prediction_error,213,cca,1.6031411773e-04
mid_holocene,zonal,prediction_error,214,cca,1.5984187886e-04
mid_holocene,zonal,prediction_error,215,cca,1.5832824754e-04
mid_holocene,zonal,prediction_error,216,cca,1.5827337612e-04
mid_holocene,zonal,prediction_error,217,cca,1.5690115627e-04
mid_holocene,zonal,prediction_error,218,cca,1.5478197272e-04
mid_holocene,zonal,prediction_error,219,cca,1.5359383238e-04
mid_holocene,zonal,prediction_error,220,cca,1.5307976771e-04
mid_holocene,zonal,prediction_error,221,cca,1.5225818695e-04
mid_holocene,zonal,prediction_error,222,cca,1.5054139865e-04
mid_holocene,zonal,prediction_error,223,cca,1.5070278274e-04
mid_holocene,zonal,prediction_error,224,cca,1.4879828534e-04
mid_holocene,zonal,prediction_error,225,cca,1.4875946635e-04
mid_holocene,zonal,prediction_error,226,cca,1.4745335058e-04
mid_holocene,zonal,prediction_error,227,cca,1.4659772257e-04
mid_holocene,zonal,prediction_error,228,cca,1.4525581146e-04
mid_holocene,zonal,prediction_error,229,cca,1.4364265768e-04
mid_holocene,zonal,prediction_error,230,cca,1.4225023015e-04
mid_holocene,zonal,prediction_error,231,cca,1.4109472239e-04
mid_holocene,zonal,prediction_error,232,cca,1.4028623776e-04
mid_holocene,zonal,prediction_error,233,cca,1.3944437911e-04
mid_holocene,zonal,prediction_error,234,cca,1.3896960448e-04
mid_holocene,zonal,prediction_error,235,cca,1.3779428388e-04
mid_holocene,zonal,prediction_error,236,cca,1.3717932688e-04
mid_holocene,zonal,prediction_error,237,cca,1.3506443739e-04
mid_holocene,zonal,prediction_error,238,cca,1.3608847705e-04
mid_holocene,zonal,prediction_error,239,cca,1.3427496471e-04
mid_holocene,zonal,prediction_error,240,cca,1.3367806403e-04
mid_holocene,zonal,prediction_error,241,cca,1.3245685671e-04
mid_holocene,zonal,prediction_error,242,cca,1.3145439961e-04
mid_holocene,zonal,prediction_error,243,cca,1.2992434731e-04
mid_holocene,zonal,prediction_error,244,cca,1.2911410339e-04
mid_holocene,zonal,prediction_error,245,cca,1.2841965524e-04
mid_holocene,zonal,prediction_error,246,cca,1.2710319626e-04
mid_holocene,zonal,prediction_error,247,cca,1.2723063318e-04
mid_holocene,zonal,prediction_error,248,cca,1.2570634938e-04
mid_holocene,zonal,prediction_error,249,cca,1.2562002412e-04
mid_holocene,zonal,prediction_error,250,cca,1.2347904317e-04
mid_holocene,zonal,prediction_error,251,cca,1.2348132451e-04
mid_holocene,zonal,prediction_error,252,cca,1.2168359144e-04
mid_holocene,zonal,prediction_error,253,cca,1.2051965808e-04
mid_holocene,zonal,prediction_error,254,cca,1.1980706771e-04
mid_holocene,zonal,prediction_error,255,cca,1.2004263672e-04
mid_holocene,zonal,prediction_error,256,cca,1.1876607256e-04
mid_holocene,zonal,prediction_error,257,cca,1.1808779927e-04
mid_holocene,zonal,prediction_error,258,cca,1.1731022796e-04
mid_holocene,zonal,prediction_error,259,cca,1.1656399116e-04
mid_holocene,zonal,prediction_error,260,cca,1.1535114725e-04
mid_holocene,zonal,prediction_error,261,cca,1.1539913524e-04
mid_holocene,zonal,prediction_error,262,cca,1.1420537045e-04
mid_holocene,zonal,prediction_error,263,cca,1.1330923915e-04
mid_holocene,zonal,prediction_error,264,cca,1.1264852918e-04
mid_holocene,zonal,prediction_error,265,cca,1.1195910756e-04
mid_holocene,zonal,prediction_error,266,cca,1.1044189879e-04
mid_holocene,zonal,prediction_error,267,cca,1.1014884328e-04
mid_holocene,zonal,prediction_error,268,cca,1.0941284953e-04
mid_holocene,zonal,prediction_error,269,cca,1.0794467527e-04
mid_holocene,zonal,prediction_error,270,cca,1.0766578222e-04
mid_holocene,zonal,prediction_error,271,cca,1.0694462988e-04
mid_holocene,zonal,prediction_error,272,cca,1.0622918573e-04
mid_holocene,zonal,prediction_error,273,cca,1.0625240906e-04
mid_holocene,zonal,prediction_error,274,cca,1.0426541832e-04
mid_holocene,zonal,prediction_error,275,cca,1.0441157779e-04
mid_holocene,zonal,prediction_error,276,cca,1.0361746678e-04
mid_holocene,zonal,prediction_error,277,cca,1.0298962219e-04
mid_holocene,zonal,prediction_error,278,cca,1.0231198064e-04
mid_holocene,zonal,prediction_error,279,cca,1.0154844136e-04
mid_holocene,zonal,prediction_error,280,cca,1.0068268701e-04
mid_holocene,zonal,prediction_error,281,cca,9.9097113128e-05
mid_holocene,zonal,prediction_error,282,cca,9.8429679783e-05
mid_holocene,zonal,prediction_error,283,cca,9.8148560280e-05
mid_holocene,zonal,prediction_error,284,cca,9.8107055791e-05
mid_holocene,zonal,prediction_error,285,cca,9.6708379708e-05
mid_holocene,zonal,prediction_error,286,cca,9.6567874208e-05
mid_holocene,zonal,prediction_error,287,cca,9.5279258292e-05
mid_holocene,zonal,prediction_error,288,cca,9.4822346178e-05
mid_holocene,zonal,prediction_error,289,cca,9.3781557113e-05
mid_holocene,zonal,prediction_error,290,cca,9.3269009205e-05
mid_holocene,zonal,prediction_error,291,cca,9.2047261717e-05
mid_holocene,zonal,prediction_error,292,cca,9.1959464064e-05
mid_holocene,zonal,prediction_error,293,cca,9.1269093622e-05
mid_holocene,zonal,prediction_error,294,cca,9.0439435713e-05
mid_holocene,zonal,prediction_error,295,cca,9.0348841702e-05
mid_holocene,zonal,prediction_error,296,cca,8.9823598580e-05
mid_holocene,zonal,prediction_error,297,cca,8.9836710927e-05
mid_holocene,zonal,prediction_error,298,cca,8.7942016312e-05
mid_holocene,zonal,prediction_error,299,cca,8.8112028111e-05
mid_holocene,zonal,prediction_error,300,cca,8.7564888033e-05
mid_holocene,zonal,prediction_error,301,cca,8.6707224209e-05
mid_holocene,zonal,prediction_error,302,cca,8.5577265255e-05
mid_holocene,zonal,prediction_error,303,cca,8.5111970778e-05
mid_holocene,zonal,prediction_error,304,cca,8.4501507561e-05
mid_holocene,zonal,prediction_error,305,cca,8.3464515488e-05
mid_holocene,zonal,prediction_error,306,cca,8.3579688663e-05
mid_holocene,zonal,prediction_error,307,cca,8.2558895583e-05
mid_holocene,zonal,prediction_error,308,cca,8.2174730425e-05
mid_holocene,zonal,prediction_error,309,cca,8.0804992799e-05
mid_holocene,zonal,prediction_error,310,cca,8.0109929923e-05
mid_holocene,zonal,prediction_error,311,cca,8.0015136770e-05
mid_holocene,zonal,prediction_error,312,cca,7.9236777585e-05
mid_holocene,zonal,prediction_error,313,cca,7.8014157875e-05
mid_holocene,zonal,prediction_error,314,cca,7.7910651878e-05
mid_holocene,zonal,prediction_error,315,cca,7.7291556497e-05
mid_holocene,zonal,prediction_error,316,cca,7.6734405901e-05
mid_holocene,zonal,prediction_error,317,cca,7.6403044770e-05
mid_holocene,zonal,prediction_error,318,cca,7.5220995423e-05
mid_holocene,zonal,prediction_error,319,cca,7.5285565568e-05
mid_holocene,zonal,prediction_error,320,cca,7.4410618611e-05
mid_holocene,zonal,prediction_error,321,cca,7.3759271507e-05
mid_holocene,zonal,prediction_error,322,cca,7.3920505070e-05
mid_holocene,zonal,prediction_error,323,cca,7.2919937098e-05
mid_holocene,zonal,prediction_error,324,cca,7.1861052432e-05
mid_holocene,zonal,prediction_error,325,cca,7.1549337158e-05
mid_holocene,zonal,prediction_error,326,cca,7.1037983194e-05
mid_holocene,zonal,prediction_error,327,cca,7.0632454915e-05
mid_holocene,zonal,prediction_error,328,cca,7.0011596525e-05
mid_holocene,zonal,prediction_error,329,cca,6.9931124312e-05
mid_holocene,zonal,prediction_error,330,cca,6.8979709851e-05
mid_holocene,zonal,prediction_error,331,cca,6.8152337652e-05
mid_holocene,zonal,prediction_error,332,cca,6.8408430051e-05
mid_holocene,zonal,prediction_error,333,cca,6.7517512478e-05
mid_holocene,zonal,prediction_error,334,cca,6.7031194094e-05
mid_holocene,zonal,prediction_error,335,cca,6.5927444498e-05
mid_holocene,zonal,prediction_error,336,cca,6.5598853536e-05
mid_holocene,zonal,prediction_error,337,cca,6.5046629824e-05
mid_holocene,zonal,prediction_error,338,cca,6.4724086238e-05
mid_holocene,zonal,prediction_error,339,cca,6.4680403835e-05
mid_holocene,zonal,prediction_error,340,cca,6.4295408140e-05
mid_holocene,zonal,prediction_error,341,cca,6.4027252706e-05
mid_holocene,zonal,prediction_error,342,cca,6.3384793524e-05
mid_holocene,zonal,prediction_error,343,cca,6.2619252070e-05
mid_holocene,zonal,prediction_error,344,cca,6.2494082027e-05
mid_holocene,zonal,prediction_error,345,cca,6.1861217354e-05
mid_holocene,zonal,prediction_error,346,cca,6.1217165158e-05
mid_holocene,zonal,prediction_error,347,cca,6.0531982804e-05
mid_holocene,zonal,prediction_error,348,cca,6.0378489661e-05
mid_holocene,zonal,prediction_error,349,cca,5.9641410043e-05
mid_holocene,zonal,prediction_error,350,cca,5.9207323892e-05
mid_holocene,zonal,prediction_error,351,cca,5.8327893620e-05
mid_holocene,zonal,prediction_error,352,cca,5.8120312468e-05
mid_holocene,zonal,prediction_error,353,cca,5.7354700384e-05
mid_holocene,zonal,prediction_error,354,cca,5.7419585093e-05
mid_holocene,zonal,prediction_error,355,cca,5.6701210197e-05
mid_holocene,zonal,prediction_error,356,cca,5.6483361495e-05
mid_holocene,zonal,prediction_error,357,cca,5.5990201156e-05
mid_holocene,zonal,prediction_error,358,cca,5.5824365333e-05
mid_holocene,zonal,prediction_error,359,cca,5.5035528552e-05
mid_holocene,zonal,prediction_error,360,cca,5.4518834795e-05
mid_holocene,zonal,prediction_error,361,cca,5.4402936607e-05
mid_holocene,zonal,prediction_error,362,cca,5.3724427155e-05
mid_holocene,zonal,prediction_error,363,cca,5.3554396322e-05
mid_holocene,zonal,prediction_error,364,cca,5.3323642176e-05
mid_holocene,zonal,prediction_error,365,cca,5.2831786222e-05
mid_holocene,zonal,prediction_error,366,cca,5.2100598864e-05
mid_holocene,zonal,prediction_error,367,cca,5.2198438023e-05
mid_holocene,zonal,prediction_error,368,cca,5.1325176692e-05
mid_holocene,zonal,prediction_error,369,cca,5.0909885288e-05
mid_holocene,zonal,prediction_error,370,cca,5.0553984174e-05
mid_holocene,zonal,prediction_error,371,cca,5.0387876664e-05
mid_holocene,zonal,prediction_error,372,cca,4.9831673697e-05
mid_holocene,zonal,prediction_error,373,cca,4.9436571352e-05
mid_holocene,zonal,prediction_error,374,cca,4.9170878930e-05
mid_holocene,zonal,prediction_error,375,cca,4.8584899874e-05
mid_holocene,zonal,prediction_error,376,cca,4.7902130210e-05
mid_holocene,zonal,prediction_error,377,cca,4.7666602165e-05
mid_holocene,zonal,prediction_error,378,cca,4.7168061044e-05
mid_holocene,zonal,prediction_error,379,cca,4.6585295507e-05
mid_holocene,zonal,prediction_error,380,cca,4.6259964119e-05
mid_holocene,zonal,prediction_error,381,cca,4.5979558563e-05
mid_holocene,zonal,prediction_error,382,cca,4.5863072077e-05
mid_holocene,zonal,prediction_error,383,cca,4.5245738322e-05
mid_holocene,zonal,prediction_error,384,cca,4.4860992533e-05
mid_holocene,zonal,prediction_error,385,cca,4.4860271032e-05
mid_holocene,zonal,prediction_error,386,cca,4.4337590567e-05
mid_holocene,zonal,prediction_error,387,cca,4.4147595229e-05
mid_holocene,zonal,prediction_error,388,cca,4.3522848373e-05
mid_holocene,zonal,prediction_error,389,cca,4.3254626350e-05
mid_holocene,zonal,prediction_error,390,cca,4.2775857378e-05
mid_holocene,zonal,prediction_error,391,cca,4.2720602454e-05
mid_holocene,zonal,prediction_error,392,cca,4.2142506510e-05
mid_holocene,zonal,prediction_error,393,cca,4.1975581890e-05
mid_holocene,zonal,prediction_error,394,cca,4.1425519563e-05
mid_holocene,zonal,prediction_error,395,cca,4.0943911674e-05
mid_holocene,zonal,prediction_error,396,cca,4.0747265414e-05
mid_holocene,zonal,prediction_error,397,cca,4.0495174832e-05
mid_holocene,zonal,prediction_error,398,cca,4.0442508914e-05
mid_holocene,zonal,prediction_error,399,cca,3.9822357898e-05
mid_holocene,zonal,prediction_error,400,cca,3.9763674880e-05
mid_holocene,zonal,prediction_error,401,cca,3.9227796546e-05
mid_holocene,zonal,prediction_error,402,cca,3.8825603495e-05
mid_holocene,zonal,prediction_error,403,cca,3.8662949336e-05
mid_holocene,zonal,prediction_error,404,cca,3.8435028923e-05
mid_holocene,zonal,prediction_error,405,cca,3.8078403304e-05
mid_holocene,zonal,prediction_error,406,cca,3.7846800907e-05
mid_holocene,zonal,prediction_error,407,cca,3.7587417685e-05
mid_holocene,zonal,prediction_error,408,cca,3.7406694790e-05
mid_holocene,zonal,prediction_error,409,cca,3.7019945102e-05
mid_holocene,zonal,prediction_error,410,cca,3.6812594764e-05
mid_holocene,zonal,prediction_error,411,cca,3.6575972625e-05
mid_holocene,zonal,prediction_error,412,cca,3.6345414952e-05
mid_holocene,zonal,prediction_error,413,cca,3.5907642277e-05
mid_holocene,zonal,prediction_error,414,cca,3.5843611715e-05
mid_holocene,zonal,prediction_error,415,cca,3.5292559529e-05
mid_holocene,zonal,prediction_error,416,cca,3.5148975746e-05
mid_holocene,zonal,prediction_error,417,cca,3.4933959856e-05
mid_holocene,zonal,prediction_error,418,cca,3.4603011928e-05
mid_holocene,zonal,prediction_error,419,cca,3.4247640934e-05
mid_holocene,zonal,prediction_error,420,cca,3.4023617105e-05
mid_holocene,zonal,prediction_error,421,cca,3.3841488188e-05
mid_holocene,zonal,prediction_error,422,cca,3.3552245408e-05
mid_holocene,zonal,prediction_error,423,cca,3.3197690714e-05
mid_holocene,zonal,prediction_error,424,cca,3.2769272322e-05
mid_holocene,zonal,prediction_error,425,cca,3.2542653243e-05
mid_holocene,zonal,prediction_error,426,cca,3.2249162600e-05
mid_holocene,zonal,prediction_error,427,cca,3.2233947652e-05
mid_holocene,zonal,prediction_error,428,cca,3.1594355622e-05
mid_holocene,zonal,prediction_error,429,cca,3.1818432226e-05
mid_holocene,zonal,prediction_error,430,cca,3.1285089612e-05
mid_holocene,zonal,prediction_error,431,cca,3.1173821481e-05
mid_holocene,zonal,prediction_error,432,cca,3.0879748653e-05
mid_holocene,zonal,prediction_error,433,cca,3.0484703490e-05
mid_holocene,zonal,prediction_error,434,cca,3.0365463672e-05
mid_holocene,zonal,prediction_error,435,cca,3.0060675838e-05
mid_holocene,zonal,prediction_error,436,cca,3.0072273710e-05
mid_holocene,zonal,prediction_error,437,cca,2.9441030714e-05
mid_holocene,spherical,prediction_error,1,unet,4.6859116865e-07
mid_holocene,spherical,prediction_error,2,unet,3.9960488273e-07
mid_holocene,spherical,prediction_error,3,unet,1.8837576629e-07
mid_holocene,spherical,prediction_error,4,unet,2.6158443403e-07
mid_holocene,spherical,prediction_error,5,unet,1.3268326278e-07
mid_holocene,spherical,prediction_error,6,unet,1.0262732984e-07
mid_holocene,spherical,prediction_error,7,unet,7.7427672670e-08
mid_holocene,spherical,prediction_error,8,unet,7.3663750505e-08
mid_holocene,spherical,prediction_error,9,unet,7.3796548927e-08
mid_holocene,spherical,prediction_error,10,unet,6.9718598746e-08
mid_holocene,spherical,prediction_error,11,unet,5.7619549367e-08
mid_holocene,spherical,prediction_error,12,unet,6.1460556232e-08
mid_holocene,spherical,prediction_error,13,unet,6.4561339863e-08
mid_holocene,spherical,prediction_error,14,unet,5.7761539754e-08
mid_holocene,spherical,prediction_error,15,unet,5.0937148846e-08
mid_holocene,spherical,prediction_error,16,unet,6.3652110429e-08
mid_holocene,spherical,prediction_error,17,unet,5.3111053614e-08
mid_holocene,spherical,prediction_error,18,unet,7.2302301527e-08
mid_holocene,spherical,prediction_error,19,unet,5.4552967843e-08
mid_holocene,spherical,prediction_error,20,unet,5.7467309376e-08
mid_holocene,spherical,prediction_error,21,unet,5.2112296292e-08
mid_holocene,spherical,prediction_error,22,unet,6.0201511407e-08
mid_holocene,spherical,prediction_error,23,unet,5.3442666922e-08
mid_holocene,spherical,prediction_error,24,unet,5.6024392395e-08
mid_holocene,spherical,prediction_error,25,unet,5.2280995603e-08
mid_holocene,spherical,prediction_error,26,unet,5.5952868434e-08
mid_holocene,spherical,prediction_error,27,unet,5.3480516862e-08
mid_holocene,spherical,prediction_error,28,unet,5.9142264560e-08
mid_holocene,spherical,prediction_error,29,unet,5.4890641703e-08
mid_holocene,spherical,prediction_error,30,unet,6.0203204187e-08
mid_holocene,spherical,prediction_error,31,unet,5.6076419525e-08
mid_holocene,spherical,prediction_error,32,unet,5.9200058894e-08
mid_holocene,spherical,prediction_error,33,unet,5.7725957046e-08
mid_holocene,spherical,prediction_error,34,unet,5.9094050075e-08
mid_holocene,spherical,prediction_error,35,unet,5.9275595064e-08
mid_holocene,spherical,prediction_error,36,unet,6.2218021769e-08
mid_holocene,spherical,prediction_error,37,unet,6.2697703207e-08
mid_holocene,spherical,prediction_error,38,unet,6.7715133590e-08
mid_holocene,spherical,prediction_error,39,unet,6.3755466991e-08
mid_holocene,spherical,prediction_error,40,unet,7.1866254591e-08
mid_holocene,spherical,prediction_error,41,unet,6.6100888044e-08
mid_holocene,spherical,prediction_error,42,unet,6.9233009370e-08
mid_holocene,spherical,prediction_error,43,unet,6.9985489928e-08
mid_holocene,spherical,prediction_error,44,unet,7.6391166227e-08
mid_holocene,spherical,prediction_error,45,unet,7.4388008996e-08
mid_holocene,spherical,prediction_error,46,unet,8.0748260838e-08
mid_holocene,spherical,prediction_error,47,unet,7.8831049368e-08
mid_holocene,spherical,prediction_error,48,unet,8.0864139902e-08
mid_holocene,spherical,prediction_error,49,unet,8.0451585399e-08
mid_holocene,spherical,prediction_error,50,unet,8.7775486891e-08
mid_holocene,spherical,prediction_error,51,unet,8.5706029485e-08
mid_holocene,spherical,prediction_error,52,unet,8.8250453197e-08
mid_holocene,spherical,prediction_error,53,unet,9.0030257461e-08
mid_holocene,spherical,prediction_error,54,unet,9.2917309258e-08
mid_holocene,spherical,prediction_error,55,unet,9.3529552788e-08
mid_holocene,spherical,prediction_error,56,unet,9.9703072329e-08
mid_holocene,spherical,prediction_error,57,unet,1.0130850736e-07
mid_holocene,spherical,prediction_error,58,unet,1.0466102157e-07
mid_holocene,spherical,prediction_error,59,unet,1.0390738495e-07
mid_holocene,spherical,prediction_error,60,unet,1.0833376904e-07
mid_holocene,spherical,prediction_error,61,unet,1.1078620564e-07
mid_holocene,spherical,prediction_error,62,unet,1.1823828568e-07
mid_holocene,spherical,prediction_error,63,unet,1.1775107513e-07
mid_holocene,spherical,prediction_error,64,unet,1.2049521437e-07
mid_holocene,spherical,prediction_error,65,unet,1.2257904835e-07
mid_holocene,spherical,prediction_error,66,unet,1.2992169068e-07
mid_holocene,spherical,prediction_error,67,unet,1.2953108347e-07
mid_holocene,spherical,prediction_error,68,unet,1.3387360403e-07
mid_holocene,spherical,prediction_error,69,unet,1.3511274890e-07
mid_holocene,spherical,prediction_error,70,unet,1.4199738046e-07
mid_holocene,spherical,prediction_error,71,unet,1.4386342008e-07
mid_holocene,spherical,prediction_error,72,unet,1.5209854230e-07
mid_holocene,spherical,prediction_error,73,unet,1.5157408612e-07
mid_holocene,spherical,prediction_error,74,unet,1.5678585097e-07
mid_holocene,spherical,prediction_error,75,unet,1.6181174407e-07
mid_holocene,spherical,prediction_error,76,unet,1.6440912540e-07
mid_holocene,spherical,prediction_error,77,unet,1.6871688861e-07
mid_holocene,spherical,prediction_error,78,unet,1.7193022236e-07
mid_holocene,spherical,prediction_error,79,unet,1.7721067895e-07
mid_holocene,spherical,prediction_error,80,unet,1.8118395268e-07
mid_holocene,spherical,prediction_error,81,unet,1.8851705106e-07
mid_holocene,spherical,prediction_error,82,unet,1.9258479967e-07
mid_holocene,spherical,prediction_error,83,unet,1.9736186822e-07
mid_holocene,spherical,prediction_error,84,unet,2.0732004158e-07
mid_holocene,spherical,prediction_error,85,unet,2.0932041822e-07
mid_holocene,spherical,prediction_error,86,unet,2.1598466981e-07
mid_holocene,spherical,prediction_error,87,unet,2.2055124500e-07
mid_holocene,spherical,prediction_error,88,unet,2.2659128305e-07
mid_holocene,spherical,prediction_error,89,unet,2.2921309694e-07
mid_holocene,spherical,prediction_error,90,unet,2.3691096310e-07
mid_holocene,spherical,prediction_error,91,unet,2.4079509545e-07
mid_holocene,spherical,prediction_error,92,unet,2.4951187454e-07
mid_holocene,spherical,prediction_error,93,unet,2.5090395839e-07
mid_holocene,spherical,prediction_error,94,unet,2.6388084908e-07
mid_holocene,spherical,prediction_error,95,unet,2.6556883587e-07
mid_holocene,spherical,prediction_error,96,unet,2.7470116788e-07
mid_holocene,spherical,prediction_error,97,unet,2.8168373311e-07
mid_holocene,spherical,prediction_error,98,unet,2.9057469598e-07
mid_holocene,spherical,prediction_error,99,unet,2.9785929717e-07
mid_holocene,spherical,prediction_error,100,unet,3.0451424485e-07
mid_holocene,spherical,prediction_error,101,unet,3.1305645476e-07
mid_holocene,spherical,prediction_error,102,unet,3.2181511339e-07
mid_holocene,spherical,prediction_error,103,unet,3.2958057085e-07
mid_holocene,spherical,prediction_error,104,unet,3.3902482868e-07
mid_holocene,spherical,prediction_error,105,unet,3.4270669109e-07
mid_holocene,spherical,prediction_error,106,unet,3.5207586221e-07
mid_holocene,spherical,prediction_error,107,unet,3.6292655511e-07
mid_holocene,spherical,prediction_error,108,unet,3.7229638364e-07
mid_holocene,spherical,prediction_error,109,unet,3.8097831036e-07
mid_holocene,spherical,prediction_error,110,unet,3.8915074264e-07
mid_holocene,spherical,prediction_error,111,unet,3.9776191398e-07
mid_holocene,spherical,prediction_error,112,unet,4.1070643258e-07
mid_holocene,spherical,prediction_error,113,unet,4.2085659516e-07
mid_holocene,spherical,prediction_error,114,unet,4.3087698004e-07
mid_holocene,spherical,prediction_error,115,unet,4.3782727131e-07
mid_holocene,spherical,prediction_error,116,unet,4.5289458080e-07
mid_holocene,spherical,prediction_error,117,unet,4.6374840863e-07
mid_holocene,spherical,prediction_error,118,unet,4.7514923415e-07
mid_holocene,spherical,prediction_error,119,unet,4.8910269382e-07
mid_holocene,spherical,prediction_error,120,unet,4.9688856690e-07
mid_holocene,spherical,prediction_error,121,unet,5.1198126478e-07
mid_holocene,spherical,prediction_error,122,unet,5.2836570496e-07
mid_holocene,spherical,prediction_error,123,unet,5.4117299596e-07
mid_holocene,spherical,prediction_error,124,unet,5.5403539266e-07
mid_holocene,spherical,prediction_error,125,unet,5.6580693414e-07
mid_holocene,spherical,prediction_error,126,unet,5.8471507553e-07
mid_holocene,spherical,prediction_error,127,unet,5.9509712050e-07
mid_holocene,spherical,prediction_error,128,unet,6.0899529016e-07
mid_holocene,spherical,prediction_error,129,unet,6.2556360629e-07
mid_holocene,spherical,prediction_error,130,unet,6.4326045874e-07
mid_holocene,spherical,prediction_error,131,unet,6.5058935123e-07
mid_holocene,spherical,prediction_error,132,unet,6.7030159315e-07
mid_holocene,spherical,prediction_error,133,unet,6.8785520524e-07
mid_holocene,spherical,prediction_error,134,unet,7.0148921162e-07
mid_holocene,spherical,prediction_error,135,unet,7.1834261758e-07
mid_holocene,spherical,prediction_error,136,unet,7.2869885192e-07
mid_holocene,spherical,prediction_error,137,unet,7.4982254141e-07
mid_holocene,spherical,prediction_error,138,unet,7.6424532813e-07
mid_holocene,spherical,prediction_error,139,unet,7.8441657442e-07
mid_holocene,spherical,prediction_error,140,unet,8.0599833605e-07
mid_holocene,spherical,prediction_error,141,unet,8.1949001011e-07
mid_holocene,spherical,prediction_error,142,unet,8.4146618733e-07
mid_holocene,spherical,prediction_error,143,unet,8.5691854341e-07
mid_holocene,spherical,prediction_error,144,unet,8.7338236321e-07
mid_holocene,spherical,prediction_error,145,unet,8.9349375892e-07
mid_holocene,spherical,prediction_error,146,unet,9.1319952054e-07
mid_holocene,spherical,prediction_error,147,unet,9.3869669257e-07
mid_holocene,spherical,prediction_error,148,unet,9.5697024333e-07
mid_holocene,spherical,prediction_error,149,unet,9.7260765623e-07
mid_holocene,spherical,prediction_error,150,unet,1.0023482545e-06
mid_holocene,spherical,prediction_error,151,unet,1.0218065859e-06
mid_holocene,spherical,prediction_error,152,unet,1.0452399558e-06
mid_holocene,spherical,prediction_error,153,unet,1.0697854777e-06
mid_holocene,spherical,prediction_error,154,unet,1.0907422878e-06
mid_holocene,spherical,prediction_error,155,unet,1.1111512485e-06
mid_holocene,spherical,prediction_error,156,unet,1.1339980615e-06
mid_holocene,spherical,prediction_error,157,unet,1.1564201907e-06
mid_holocene,spherical,prediction_error,158,unet,1.1826083271e-06
mid_holocene,spherical,prediction_error,159,unet,1.2207207957e-06
mid_holocene,spherical,prediction_error,160,unet,1.2370796695e-06
mid_holocene,spherical,prediction_error,161,unet,1.2596641057e-06
mid_holocene,spherical,prediction_error,162,unet,1.2868575549e-06
mid_holocene,spherical,prediction_error,163,unet,1.3055894969e-06
mid_holocene,spherical,prediction_error,164,unet,1.3388888067e-06
mid_holocene,spherical,prediction_error,165,unet,1.3620426124e-06
mid_holocene,spherical,prediction_error,166,unet,1.3880901944e-06
mid_holocene,spherical,prediction_error,167,unet,1.4075219546e-06
mid_holocene,spherical,prediction_error,168,unet,1.4407562344e-06
mid_holocene,spherical,prediction_error,169,unet,1.4700390597e-06
mid_holocene,spherical,prediction_error,170,unet,1.4929405204e-06
mid_holocene,spherical,prediction_error,171,unet,1.5179547833e-06
mid_holocene,spherical,prediction_error,172,unet,1.5372891704e-06
mid_holocene,spherical,prediction_error,173,unet,1.5645024013e-06
mid_holocene,spherical,prediction_error,174,unet,1.5985088534e-06
mid_holocene,spherical,prediction_error,175,unet,1.6186596239e-06
mid_holocene,spherical,prediction_error,176,unet,1.6541601163e-06
mid_holocene,spherical,prediction_error,177,unet,1.6672708888e-06
mid_holocene,spherical,prediction_error,178,unet,1.7005737732e-06
mid_holocene,spherical,prediction_error,179,unet,1.7278144683e-06
mid_holocene,spherical,prediction_error,180,unet,1.7565556199e-06
mid_holocene,spherical,prediction_error,181,unet,1.7738546318e-06
mid_holocene,spherical,prediction_error,182,unet,1.7932409921e-06
mid_holocene,spherical,prediction_error,183,unet,1.8324031408e-06
mid_holocene,spherical,prediction_error,184,unet,1.8665193873e-06
mid_holocene,spherical,prediction_error,185,unet,1.8675973697e-06
mid_holocene,spherical,prediction_error,186,unet,1.9051983406e-06
mid_holocene,spherical,prediction_error,187,unet,1.9138784946e-06
mid_holocene,spherical,prediction_error,188,unet,1.9669870210e-06
mid_holocene,spherical,prediction_error,189,unet,1.9725461973e-06
mid_holocene,spherical,prediction_error,190,unet,1.9924092569e-06
mid_holocene,spherical,prediction_error,191,unet,2.0120468915e-06
mid_holocene,spherical,prediction_error,192,unet,2.0422229388e-06
mid_holocene,spherical,prediction_error,193,unet,2.0628765841e-06
mid_holocene,spherical,prediction_error,194,unet,2.0816672137e-06
mid_holocene,spherical,prediction_error,195,unet,2.1059098505e-06
mid_holocene,spherical,prediction_error,196,unet,2.1288822480e-06
mid_holocene,spherical,prediction_error,197,unet,2.1343349727e-06
mid_holocene,spherical,prediction_error,198,unet,2.1567781233e-06
mid_holocene,spherical,prediction_error,199,unet,2.1840170673e-06
mid_holocene,spherical,prediction_error,200,unet,2.2168438762e-06
mid_holocene,spherical,prediction_error,201,unet,2.2300694599e-06
mid_holocene,spherical,prediction_error,202,unet,2.2199974515e-06
mid_holocene,spherical,prediction_error,203,unet,2.2449333866e-06
mid_holocene,spherical,prediction_error,204,unet,2.2664354022e-06
mid_holocene,spherical,prediction_error,205,unet,2.2786900651e-06
mid_holocene,spherical,prediction_error,206,unet,2.3018887549e-06
mid_holocene,spherical,prediction_error,207,unet,2.3194181388e-06
mid_holocene,spherical,prediction_error,208,unet,2.3349714897e-06
mid_holocene,spherical,prediction_error,209,unet,2.3466247102e-06
mid_holocene,spherical,prediction_error,210,unet,2.3528234283e-06
mid_holocene,spherical,prediction_error,211,unet,2.3643594491e-06
mid_holocene,spherical,prediction_error,212,unet,2.3860686752e-06
mid_holocene,spherical,prediction_error,213,unet,2.3929694202e-06
mid_holocene,spherical,prediction_error,214,unet,2.4042903736e-06
mid_holocene,spherical,prediction_error,215,unet,2.4243733853e-06
mid_holocene,spherical,prediction_error,216,unet,2.4191560194e-06
mid_holocene,spherical,prediction_error,217,unet,2.4401297334e-06
mid_holocene,spherical,prediction_error,218,unet,2.4306275163e-06
mid_holocene,spherical,prediction_error,219,unet,2.4458135591e-06
mid_holocene,spherical,prediction_error,220,unet,2.4550742684e-06
mid_holocene,spherical,prediction_error,221,unet,2.4635163960e-06
mid_holocene,spherical,prediction_error,222,unet,2.4671056442e-06
mid_holocene,spherical,prediction_error,223,unet,2.4585288331e-06
mid_holocene,spherical,prediction_error,224,unet,2.4721114657e-06
mid_holocene,spherical,prediction_error,225,unet,2.4903743322e-06
mid_holocene,spherical,prediction_error,226,unet,2.5031235457e-06
mid_holocene,spherical,prediction_error,227,unet,2.5095276179e-06
mid_holocene,spherical,prediction_error,228,unet,2.4993388821e-06
mid_holocene,spherical,prediction_error,229,unet,2.5039124370e-06
mid_holocene,spherical,prediction_error,230,unet,2.5084058760e-06
mid_holocene,spherical,prediction_error,231,unet,2.5079762977e-06
mid_holocene,spherical,prediction_error,232,unet,2.5062566047e-06
mid_holocene,spherical,prediction_error,233,unet,2.5116773331e-06
mid_holocene,spherical,prediction_error,234,unet,2.5166769767e-06
mid_holocene,spherical,prediction_error,235,unet,2.5144095135e-06
mid_holocene,spherical,prediction_error,236,unet,2.5197286363e-06
mid_holocene,spherical,prediction_error,237,unet,2.5039998895e-06
mid_holocene,spherical,prediction_error,238,unet,2.5171070905e-06
mid_holocene,spherical,prediction_error,239,unet,2.5121468988e-06
mid_holocene,spherical,prediction_error,240,unet,2.5161790972e-06
mid_holocene,spherical,prediction_error,241,unet,2.4766085067e-06
mid_holocene,spherical,prediction_error,242,unet,2.5128895419e-06
mid_holocene,spherical,prediction_error,243,unet,2.5050937044e-06
mid_holocene,spherical,prediction_error,244,unet,2.4927986200e-06
mid_holocene,spherical,prediction_error,245,unet,2.4948912139e-06
mid_holocene,spherical,prediction_error,246,unet,2.4811734755e-06
mid_holocene,spherical,prediction_error,247,unet,2.4935116659e-06
mid_holocene,spherical,prediction_error,248,unet,2.4856957418e-06
mid_holocene,spherical,prediction_error,249,unet,2.4862834352e-06
mid_holocene,spherical,prediction_error,250,unet,2.4739980986e-06
mid_holocene,spherical,prediction_error,251,unet,2.4681019721e-06
mid_holocene,spherical,prediction_error,252,unet,2.4768503913e-06
mid_holocene,spherical,prediction_error,253,unet,2.4756517592e-06
mid_holocene,spherical,prediction_error,254,unet,2.4692950154e-06
mid_holocene,spherical,prediction_error,255,unet,2.4678196362e-06
mid_holocene,spherical,prediction_error,256,unet,2.4723640616e-06
mid_holocene,spherical,prediction_error,257,unet,2.4694464970e-06
mid_holocene,spherical,prediction_error,258,unet,2.4406293306e-06
mid_holocene,spherical,prediction_error,259,unet,2.4378767187e-06
mid_holocene,spherical,prediction_error,260,unet,2.4408002238e-06
mid_holocene,spherical,prediction_error,261,unet,2.4374765774e-06
mid_holocene,spherical,prediction_error,262,unet,2.4330713998e-06
mid_holocene,spherical,prediction_error,263,unet,2.4215901997e-06
mid_holocene,spherical,prediction_error,264,unet,2.4263741137e-06
mid_holocene,spherical,prediction_error,265,unet,2.4130746348e-06
mid_holocene,spherical,prediction_error,266,unet,2.3939591522e-06
mid_holocene,spherical,prediction_error,267,unet,2.3901909744e-06
mid_holocene,spherical,prediction_error,268,unet,2.3944859904e-06
mid_holocene,spherical,prediction_error,269,unet,2.3913830843e-06
mid_holocene,spherical,prediction_error,270,unet,2.3736022797e-06
mid_holocene,spherical,prediction_error,271,unet,2.3662177045e-06
mid_holocene,spherical,prediction_error,272,unet,2.3648366831e-06
mid_holocene,spherical,prediction_error,273,unet,2.3735325329e-06
mid_holocene,spherical,prediction_error,274,unet,2.3342527727e-06
mid_holocene,spherical,prediction_error,275,unet,2.3418949290e-06
mid_holocene,spherical,prediction_error,276,unet,2.3377436061e-06
mid_holocene,spherical,prediction_error,277,unet,2.3325633380e-06
mid_holocene,spherical,prediction_error,278,unet,2.3176190524e-06
mid_holocene,spherical,prediction_error,279,unet,2.3083796866e-06
mid_holocene,spherical,prediction_error,280,unet,2.3047288185e-06
mid_holocene,spherical,prediction_error,281,unet,2.2967458359e-06
mid_holocene,spherical,prediction_error,282,unet,2.2838537243e-06
mid_holocene,spherical,prediction_error,283,unet,2.2724617120e-06
mid_holocene,spherical,prediction_error,284,unet,2.2681936053e-06
mid_holocene,spherical,prediction_error,285,unet,2.2468653457e-06
mid_holocene,spherical,prediction_error,286,unet,2.2469126549e-06
mid_holocene,spherical,prediction_error,287,unet,2.2418215617e-06
mid_holocene,spherical,prediction_error,288,unet,2.2508564654e-06
mid_holocene,spherical,prediction_error,289,unet,2.2306227789e-06
mid_holocene,spherical,prediction_error,290,unet,2.2164776898e-06
mid_holocene,spherical,prediction_error,291,unet,2.2188617573e-06
mid_holocene,spherical,prediction_error,292,unet,2.2073393766e-06
mid_holocene,spherical,prediction_error,293,unet,2.2021219434e-06
mid_holocene,spherical,prediction_error,294,unet,2.1945667254e-06
mid_holocene,spherical,prediction_error,295,unet,2.1711108790e-06
mid_holocene,spherical,prediction_error,296,unet,2.1801132154e-06
mid_holocene,spherical,prediction_error,297,unet,2.1611264096e-06
mid_holocene,spherical,prediction_error,298,unet,2.1531447738e-06
mid_holocene,spherical,prediction_error,299,unet,2.1517869367e-06
mid_holocene,spherical,prediction_error,300,unet,2.1460081235e-06
mid_holocene,spherical,prediction_error,301,unet,2.1292564343e-06
mid_holocene,spherical,prediction_error,302,unet,2.1166553743e-06
mid_holocene,spherical,prediction_error,303,unet,2.1158588585e-06
mid_holocene,spherical,prediction_error,304,unet,2.1130162083e-06
mid_holocene,spherical,prediction_error,305,unet,2.0996909723e-06
mid_holocene,spherical,prediction_error,306,unet,2.0898685791e-06
mid_holocene,spherical,prediction_error,307,unet,2.0753401215e-06
mid_holocene,spherical,prediction_error,308,unet,2.0650184228e-06
mid_holocene,spherical,prediction_error,309,unet,2.0603707404e-06
mid_holocene,spherical,prediction_error,310,unet,2.0588007307e-06
mid_holocene,spherical,prediction_error,311,unet,2.0466690322e-06
mid_holocene,spherical,prediction_error,312,unet,2.0372778858e-06
mid_holocene,spherical,prediction_error,313,unet,2.0258944710e-06
mid_holocene,spherical,prediction_error,314,unet,2.0166057003e-06
mid_holocene,spherical,prediction_error,315,unet,2.0168479503e-06
mid_holocene,spherical,prediction_error,316,unet,1.9991207920e-06
mid_holocene,spherical,prediction_error,317,unet,2.0030848405e-06
mid_holocene,spherical,prediction_error,318,unet,1.9880837810e-06
mid_holocene,spherical,prediction_error,319,unet,1.9852974227e-06
mid_holocene,spherical,prediction_error,320,unet,1.9766316565e-06
mid_holocene,spherical,prediction_error,321,unet,1.9767710198e-06
mid_holocene,spherical,prediction_error,322,unet,1.9453153300e-06
mid_holocene,spherical,prediction_error,323,unet,1.9418302901e-06
mid_holocene,spherical,prediction_error,324,unet,1.9347606442e-06
mid_holocene,spherical,prediction_error,325,unet,1.9232673694e-06
mid_holocene,spherical,prediction_error,326,unet,1.9142661757e-06
mid_holocene,spherical,prediction_error,327,unet,1.8996548076e-06
mid_holocene,spherical,prediction_error,328,unet,1.8965526483e-06
mid_holocene,spherical,prediction_error,329,unet,1.8847617255e-06
mid_holocene,spherical,prediction_error,330,unet,1.8842705685e-06
mid_holocene,spherical,prediction_error,331,unet,1.8711441575e-06
mid_holocene,spherical,prediction_error,332,unet,1.8592383137e-06
mid_holocene,spherical,prediction_error,333,unet,1.8563481799e-06
mid_holocene,spherical,prediction_error,334,unet,1.8528390355e-06
mid_holocene,spherical,prediction_error,335,unet,1.8485703778e-06
mid_holocene,spherical,prediction_error,336,unet,1.8425083848e-06
mid_holocene,spherical,prediction_error,337,unet,1.8394149258e-06
mid_holocene,spherical,prediction_error,338,unet,1.8273086151e-06
mid_holocene,spherical,prediction_error,339,unet,1.8176464363e-06
mid_holocene,spherical,prediction_error,340,unet,1.8117823591e-06
mid_holocene,spherical,prediction_error,341,unet,1.8096069259e-06
mid_holocene,spherical,prediction_error,342,unet,1.7947851170e-06
mid_holocene,spherical,prediction_error,343,unet,1.7845151681e-06
mid_holocene,spherical,prediction_error,344,unet,1.7762713878e-06
mid_holocene,spherical,prediction_error,345,unet,1.7604948037e-06
mid_holocene,spherical,prediction_error,346,unet,1.7526595862e-06
mid_holocene,spherical,prediction_error,347,unet,1.7533935335e-06
mid_holocene,spherical,prediction_error,348,unet,1.7418072068e-06
mid_holocene,spherical,prediction_error,349,unet,1.7317389435e-06
mid_holocene,spherical,prediction_error,350,unet,1.7201961763e-06
mid_holocene,spherical,prediction_error,351,unet,1.7199437079e-06
mid_holocene,spherical,prediction_error,352,unet,1.7162175600e-06
mid_holocene,spherical,prediction_error,353,unet,1.7060819315e-06
mid_holocene,spherical,prediction_error,354,unet,1.7016686386e-06
mid_holocene,spherical,prediction_error,355,unet,1.6926427512e-06
mid_holocene,spherical,prediction_error,356,unet,1.6882756008e-06
mid_holocene,spherical,prediction_error,357,unet,1.6772882207e-06
mid_holocene,spherical,prediction_error,358,unet,1.6758979477e-06
mid_holocene,spherical,prediction_error,359,unet,1.6675682035e-06
mid_holocene,spherical,prediction_error,360,unet,1.6500030508e-06
mid_holocene,spherical,prediction_error,361,unet,1.6477687584e-06
mid_holocene,spherical,prediction_error,362,unet,1.6405099031e-06
mid_holocene,spherical,prediction_error,363,unet,1.6306269058e-06
mid_holocene,spherical,prediction_error,364,unet,1.6251996525e-06
mid_holocene,spherical,prediction_error,365,unet,1.6100797696e-06
mid_holocene,spherical,prediction_error,366,unet,1.6083618116e-06
mid_holocene,spherical,prediction_error,367,unet,1.5956877153e-06
mid_holocene,spherical,prediction_error,368,unet,1.5899762944e-06
mid_holocene,spherical,prediction_error,369,unet,1.5853796587e-06
mid_holocene,spherical,prediction_error,370,unet,1.5841793247e-06
mid_holocene,spherical,prediction_error,371,unet,1.5724866442e-06
mid_holocene,spherical,prediction_error,372,unet,1.5689121837e-06
mid_holocene,spherical,prediction_error,373,unet,1.5580242052e-06
mid_holocene,spherical,prediction_error,374,unet,1.5503237910e-06
mid_holocene,spherical,prediction_error,375,unet,1.5485703912e-06
mid_holocene,spherical,prediction_error,376,unet,1.5406608682e-06
mid_holocene,spherical,prediction_error,377,unet,1.5318117812e-06
mid_holocene,spherical,prediction_error,378,unet,1.5331742653e-06
mid_holocene,spherical,prediction_error,379,unet,1.5289963289e-06
mid_holocene,spherical,prediction_error,380,unet,1.5147232125e-06
mid_holocene,spherical,prediction_error,381,unet,1.5074757609e-06
mid_holocene,spherical,prediction_error,382,unet,1.5025096133e-06
mid_holocene,spherical,prediction_error,383,unet,1.4888326943e-06
mid_holocene,spherical,prediction_error,384,unet,1.4858510153e-06
mid_holocene,spherical,prediction_error,385,unet,1.4783744005e-06
mid_holocene,spherical,prediction_error,386,unet,1.4741556191e-06
mid_holocene,spherical,prediction_error,387,unet,1.4661009407e-06
mid_holocene,spherical,prediction_error,388,unet,1.4601096380e-06
mid_holocene,spherical,prediction_error,389,unet,1.4536538867e-06
mid_holocene,spherical,prediction_error,390,unet,1.4463748691e-06
mid_holocene,spherical,prediction_error,391,unet,1.4381407425e-06
mid_holocene,spherical,prediction_error,392,unet,1.4248605542e-06
mid_holocene,spherical,prediction_error,393,unet,1.4173431260e-06
mid_holocene,spherical,prediction_error,394,unet,1.4130801548e-06
mid_holocene,spherical,prediction_error,395,unet,1.4052030762e-06
mid_holocene,spherical,prediction_error,396,unet,1.3988016098e-06
mid_holocene,spherical,prediction_error,397,unet,1.3979873519e-06
mid_holocene,spherical,prediction_error,398,unet,1.3852406423e-06
mid_holocene,spherical,prediction_error,399,unet,1.3821944905e-06
mid_holocene,spherical,prediction_error,400,unet,1.3776121631e-06
mid_holocene,spherical,prediction_error,401,unet,1.3700095617e-06
mid_holocene,spherical,prediction_error,402,unet,1.3636094832e-06
mid_holocene,spherical,prediction_error,403,unet,1.3559714013e-06
mid_holocene,spherical,prediction_error,404,unet,1.3552160418e-06
mid_holocene,spherical,prediction_error,405,unet,1.3479836272e-06
mid_holocene,spherical,prediction_error,406,unet,1.3458919057e-06
mid_holocene,spherical,prediction_error,407,unet,1.3407774500e-06
mid_holocene,spherical,prediction_error,408,unet,1.3319264953e-06
mid_holocene,spherical,prediction_error,409,unet,1.3210198420e-06
mid_holocene,spherical,prediction_error,410,unet,1.3160681776e-06
mid_holocene,spherical,prediction_error,411,unet,1.3102410946e-06
mid_holocene,spherical,prediction_error,412,unet,1.3072999578e-06
mid_holocene,spherical,prediction_error,413,unet,1.3001752738e-06
mid_holocene,spherical,prediction_error,414,unet,1.2977246904e-06
mid_holocene,spherical,prediction_error,415,unet,1.2883429155e-06
mid_holocene,spherical,prediction_error,416,unet,1.2847166980e-06
mid_holocene,spherical,prediction_error,417,unet,1.2760462297e-06
mid_holocene,spherical,prediction_error,418,unet,1.2756005208e-06
mid_holocene,spherical,prediction_error,419,unet,1.2671555018e-06
mid_holocene,spherical,prediction_error,420,unet,1.2646664341e-06
mid_holocene,spherical,prediction_error,421,unet,1.2572137933e-06
mid_holocene,spherical,prediction_error,422,unet,1.2490368968e-06
mid_holocene,spherical,prediction_error,423,unet,1.2471659705e-06
mid_holocene,spherical,prediction_error,424,unet,1.2418072955e-06
mid_holocene,spherical,prediction_error,425,unet,1.2386700422e-06
mid_holocene,spherical,prediction_error,426,unet,1.2354700999e-06
mid_holocene,zonal,prediction_error,1,unet,2.8998132957e-04
mid_holocene,zonal,prediction_error,2,unet,2.8907527032e-04
mid_holocene,zonal,prediction_error,3,unet,2.8410466404e-04
mid_holocene,zonal,prediction_error,4,unet,2.8366514505e-04
mid_holocene,zonal,prediction_error,5,unet,2.8129404928e-04
mid_holocene,zonal,prediction_error,6,unet,2.8023722403e-04
mid_holocene,zonal,prediction_error,7,unet,2.7556146077e-04
mid_holocene,zonal,prediction_error,8,unet,2.7515482712e-04
mid_holocene,zonal,prediction_error,9,unet,2.7331299677e-04
mid_holocene,zonal,prediction_error,10,unet,2.6944992602e-04
mid_holocene,zonal,prediction_error,11,unet,2.6620700677e-04
mid_holocene,zonal,prediction_error,12,unet,2.6540982649e-04
mid_holocene,zonal,prediction_error,13,unet,2.6402346938e-04
mid_holocene,zonal,prediction_error,14,unet,2.6212736797e-04
mid_holocene,zonal,prediction_error,15,unet,2.5979511594e-04
mid_holocene,zonal,prediction_error,16,unet,2.5783193888e-04
mid_holocene,zonal,prediction_error,17,unet,2.5521609174e-04
mid_holocene,zonal,prediction_error,18,unet,2.5108664590e-04
mid_holocene,zonal,prediction_error,19,unet,2.5001776085e-04
mid_holocene,zonal,prediction_error,20,unet,2.4731499132e-04
mid_holocene,zonal,prediction_error,21,unet,2.4410790404e-04
mid_holocene,zonal,prediction_error,22,unet,2.4361435155e-04
mid_holocene,zonal,prediction_error,23,unet,2.4035205793e-04
mid_holocene,zonal,prediction_error,24,unet,2.3855312315e-04
mid_holocene,zonal,prediction_error,25,unet,2.3732937990e-04
mid_holocene,zonal,prediction_error,26,unet,2.3426506323e-04
mid_holocene,zonal,prediction_error,27,unet,2.3206484186e-04
mid_holocene,zonal,prediction_error,28,unet,2.3032658447e-04
mid_holocene,zonal,prediction_error,29,unet,2.2763986736e-04
mid_holocene,zonal,prediction_error,30,unet,2.2514630906e-04
mid_holocene,zonal,prediction_error,31,unet,2.2453533413e-04
mid_holocene,zonal,prediction_error,32,unet,2.2173601952e-04
mid_holocene,zonal,prediction_error,33,unet,2.2056697681e-04
mid_holocene,zonal,prediction_error,34,unet,2.1813007097e-04
mid_holocene,zonal,prediction_error,35,unet,2.1665948315e-04
mid_holocene,zonal,prediction_error,36,unet,2.1328983308e-04
mid_holocene,zonal,prediction_error,37,unet,2.1127340804e-04
mid_holocene,zonal,prediction_error,38,unet,2.1108619197e-04
mid_holocene,zonal,prediction_error,39,unet,2.0831850792e-04
mid_holocene,zonal,prediction_error,40,unet,2.0630525405e-04
mid_holocene,zonal,prediction_error,41,unet,2.0420806723e-04
mid_holocene,zonal,prediction_error,42,unet,2.0235068834e-04
mid_holocene,zonal,prediction_error,43,unet,2.0132643471e-04
mid_holocene,zonal,prediction_error,44,unet,1.9858080389e-04
mid_holocene,zonal,prediction_error,45,unet,1.9626853707e-04
mid_holocene,zonal,prediction_error,46,unet,1.9468841534e-04
mid_holocene,zonal,prediction_error,47,unet,1.9411098890e-04
mid_holocene,zonal,prediction_error,48,unet,1.9254948757e-04
mid_holocene,zonal,prediction_error,49,unet,1.9031863141e-04
mid_holocene,zonal,prediction_error,50,unet,1.8842405537e-04
mid_holocene,zonal,prediction_error,51,unet,1.8676870947e-04
mid_holocene,zonal,prediction_error,52,unet,1.8702499967e-04
mid_holocene,zonal,prediction_error,53,unet,1.8376009152e-04
mid_holocene,zonal,prediction_error,54,unet,1.8229873898e-04
mid_holocene,zonal,prediction_error,55,unet,1.8051024908e-04
mid_holocene,zonal,prediction_error,56,unet,1.7828320101e-04
mid_holocene,zonal,prediction_error,57,unet,1.7730013771e-04
mid_holocene,zonal,prediction_error,58,unet,1.7463925872e-04
mid_holocene,zonal,prediction_error,59,unet,1.7377894960e-04
mid_holocene,zonal,prediction_error,60,unet,1.7275398526e-04
mid_holocene,zonal,prediction_error,61,unet,1.7102125931e-04
mid_holocene,zonal,prediction_error,62,unet,1.6925955666e-04
mid_holocene,zonal,prediction_error,63,unet,1.6738143141e-04
mid_holocene,zonal,prediction_error,64,unet,1.6801370184e-04
mid_holocene,zonal,prediction_error,65,unet,1.6475911202e-04
mid_holocene,zonal,prediction_error,66,unet,1.6442457756e-04
mid_holocene,zonal,prediction_error,67,unet,1.6285390840e-04
mid_holocene,zonal,prediction_error,68,unet,1.6125595101e-04
mid_holocene,zonal,prediction_error,69,unet,1.6001054634e-04
mid_holocene,zonal,prediction_error,70,unet,1.5816757980e-04
mid_holocene,zonal,prediction_error,71,unet,1.5679879099e-04
mid_holocene,zonal,prediction_error,72,unet,1.5596660379e-04
mid_holocene,zonal,prediction_error,73,unet,1.5463159479e-04
mid_holocene,zonal,prediction_error,74,unet,1.5360186116e-04
mid_holocene,zonal,prediction_error,75,unet,1.5130850101e-04
mid_holocene,zonal,prediction_error,76,unet,1.5079149374e-04
mid_holocene,zonal,prediction_error,77,unet,1.4928145961e-04
mid_holocene,zonal,prediction_error,78,unet,1.4780103147e-04
mid_holocene,zonal,prediction_error,79,unet,1.4619443238e-04
mid_holocene,zonal,prediction_error,80,unet,1.4593372940e-04
mid_holocene,zonal,prediction_error,81,unet,1.4448678816e-04
mid_holocene,zonal,prediction_error,82,unet,1.4248606467e-04
mid_holocene,zonal,prediction_error,83,unet,1.4232079588e-04
mid_holocene,zonal,prediction_error,84,unet,1.4077261244e-04
mid_holocene,zonal,prediction_error,85,unet,1.3998226241e-04
mid_holocene,zonal,prediction_error,86,unet,1.3839554979e-04
mid_holocene,zonal,prediction_error,87,unet,1.3681553694e-04
mid_holocene,zonal,prediction_error,88,unet,1.3726981319e-04
mid_holocene,zonal,prediction_error,89,unet,1.3491311826e-04
mid_holocene,zonal,prediction_error,90,unet,1.3507738073e-04
mid_holocene,zonal,prediction_error,91,unet,1.3321219554e-04
mid_holocene,zonal,prediction_error,92,unet,1.3262869684e-04
mid_holocene,zonal,prediction_error,93,unet,1.3194263349e-04
mid_holocene,zonal,prediction_error,94,unet,1.3058629680e-04
mid_holocene,zonal,prediction_error,95,unet,1.2908668793e-04
mid_holocene,zonal,prediction_error,96,unet,1.2865361176e-04
mid_holocene,zonal,prediction_error,97,unet,1.2776156274e-04
mid_holocene,zonal,prediction_error,98,unet,1.2625362119e-04
mid_holocene,zonal,prediction_error,99,unet,1.2536592773e-04
mid_holocene,zonal,prediction_error,100,unet,1.2480811730e-04
mid_holocene,zonal,prediction_error,101,unet,1.2406253747e-04
mid_holocene,zonal,prediction_error,102,unet,1.2210698502e-04
mid_holocene,zonal,prediction_error,103,unet,1.2245052831e-04
mid_holocene,zonal,prediction_error,104,unet,1.2084579870e-04
mid_holocene,zonal,prediction_error,105,unet,1.2054400970e-04
mid_holocene,zonal,prediction_error,106,unet,1.1938051609e-04
mid_holocene,zonal,prediction_error,107,unet,1.1879114138e-04
mid_holocene,zonal,prediction_error,108,unet,1.1795242724e-04
mid_holocene,zonal,prediction_error,109,unet,1.1640678822e-04
mid_holocene,zonal,prediction_error,110,unet,1.1597965267e-04
mid_holocene,zonal,prediction_error,111,unet,1.1567763617e-04
mid_holocene,zonal,prediction_error,112,unet,1.1582035534e-04
mid_holocene,zonal,prediction_error,113,unet,1.1442667598e-04
mid_holocene,zonal,prediction_error,114,unet,1.1313957436e-04
mid_holocene,zonal,prediction_error,115,unet,1.1323789276e-04
mid_holocene,zonal,prediction_error,116,unet,1.1154142562e-04
mid_holocene,zonal,prediction_error,117,unet,1.1092866193e-04
mid_holocene,zonal,prediction_error,118,unet,1.1085384091e-04
mid_holocene,zonal,prediction_error,119,unet,1.0996452608e-04
mid_holocene,zonal,prediction_error,120,unet,1.0957043198e-04
mid_holocene,zonal,prediction_error,121,unet,1.0853719243e-04
mid_holocene,zonal,prediction_error,122,unet,1.0814916610e-04
mid_holocene,zonal,prediction_error,123,unet,1.0814819698e-04
mid_holocene,zonal,prediction_error,124,unet,1.0701073258e-04
mid_holocene,zonal,prediction_error,125,unet,1.0631980581e-04
mid_holocene,zonal,prediction_error,126,unet,1.0586748921e-04
mid_holocene,zonal,prediction_error,127,unet,1.0443415083e-04
mid_holocene,zonal,prediction_error,128,unet,1.0542017623e-04
mid_holocene,zonal,prediction_error,129,unet,1.0343999777e-04
mid_holocene,zonal,prediction_error,130,unet,1.0338939333e-04
mid_holocene,zonal,prediction_error,131,unet,1.0308487319e-04
mid_holocene,zonal,prediction_error,132,unet,1.0217959839e-04
mid_holocene,zonal,prediction_error,133,unet,1.0162909882e-04
mid_holocene,zonal,prediction_error,134,unet,1.0148414961e-04
mid_holocene,zonal,prediction_error,135,unet,1.0098833439e-04
mid_holocene,zonal,prediction_error,136,unet,1.0031729358e-04
mid_holocene,zonal,prediction_error,137,unet,1.0001607117e-04
mid_holocene,zonal,prediction_error,138,unet,9.9261019083e-05
mid_holocene,zonal,prediction_error,139,unet,9.8871773685e-05
mid_holocene,zonal,prediction_error,140,unet,9.8161927723e-05
mid_holocene,zonal,prediction_error,141,unet,9.7430313342e-05
mid_holocene,zonal,prediction_error,142,unet,9.7174775879e-05
mid_holocene,zonal,prediction_error,143,unet,9.7233602886e-05
mid_holocene,zonal,prediction_error,144,unet,9.7258453448e-05
mid_holocene,zonal,prediction_error,145,unet,9.6573094687e-05
mid_holocene,zonal,prediction_error,146,unet,9.6243247920e-05
mid_holocene,zonal,prediction_error,147,unet,9.5738176207e-05
mid_holocene,zonal,prediction_error,148,unet,9.6430183244e-05
mid_holocene,zonal,prediction_error,149,unet,9.6026502189e-05
mid_holocene,zonal,prediction_error,150,unet,9.5105419825e-05
mid_holocene,zonal,prediction_error,151,unet,9.4547951338e-05
mid_holocene,zonal,prediction_error,152,unet,9.4271788717e-05
mid_holocene,zonal,prediction_error,153,unet,9.4074813879e-05
mid_holocene,zonal,prediction_error,154,unet,9.3743526566e-05
mid_holocene,zonal,prediction_error,155,unet,9.3646065850e-05
mid_holocene,zonal,prediction_error,156,unet,9.3807285151e-05
mid_holocene,zonal,prediction_error,157,unet,9.3125026076e-05
mid_holocene,zonal,prediction_error,158,unet,9.2836233452e-05
mid_holocene,zonal,prediction_error,159,unet,9.2410870197e-05
mid_holocene,zonal,prediction_error,160,unet,9.2695487268e-05
mid_holocene,zonal,prediction_error,161,unet,9.2524833402e-05
mid_holocene,zonal,prediction_error,162,unet,9.2226129446e-05
mid_holocene,zonal,prediction_error,163,unet,9.1805856971e-05
mid_holocene,zonal,prediction_error,164,unet,9.2323105204e-05
mid_holocene,zonal,prediction_error,165,unet,9.1840805304e-05
mid_holocene,zonal,prediction_error,166,unet,9.1437977466e-05
mid_holocene,zonal,prediction_error,167,unet,9.1758757769e-05
mid_holocene,zonal,prediction_error,168,unet,9.1651104660e-05
mid_holocene,zonal,prediction_error,169,unet,9.0778768518e-05
mid_holocene,zonal,prediction_error,170,unet,9.1027042193e-05
mid_holocene,zonal,prediction_error,171,unet,9.0957494577e-05
mid_holocene,zonal,prediction_error,172,unet,9.1036157837e-05
mid_holocene,zonal,prediction_error,173,unet,9.0947176562e-05
mid_holocene,zonal,prediction_error,174,unet,9.0337470694e-05
mid_holocene,zonal,prediction_error,175,unet,9.0708402073e-05
mid_holocene,zonal,prediction_error,176,unet,9.0465950700e-05
mid_holocene,zonal,prediction_error,177,unet,9.0369155773e-05
mid_holocene,zonal,prediction_error,178,unet,8.9878932798e-05
mid_holocene,zonal,prediction_error,179,unet,9.0288068361e-05
mid_holocene,zonal,prediction_error,180,unet,9.0682228351e-05
mid_holocene,zonal,prediction_error,181,unet,9.0071529786e-05
mid_holocene,zonal,prediction_error,182,unet,9.0105701595e-05
mid_holocene,zonal,prediction_error,183,unet,8.9624158291e-05
mid_holocene,zonal,prediction_error,184,unet,8.9929939870e-05
mid_holocene,zonal,prediction_error,185,unet,8.9373347565e-05
mid_holocene,zonal,prediction_error,186,unet,8.9698934946e-05
mid_holocene,zonal,prediction_error,187,unet,8.9847675484e-05
mid_holocene,zonal,prediction_error,188,unet,8.9697140724e-05
mid_holocene,zonal,prediction_error,189,unet,8.9901965757e-05
mid_holocene,zonal,prediction_error,190,unet,8.9495328143e-05
mid_holocene,zonal,prediction_error,191,unet,8.9564651843e-05
mid_holocene,zonal,prediction_error,192,unet,9.1194337629e-05
mid_holocene,zonal,prediction_error,193,unet,8.9054845366e-05
mid_holocene,zonal,prediction_error,194,unet,8.9321233137e-05
mid_holocene,zonal,prediction_error,195,unet,8.9276523261e-05
mid_holocene,zonal,prediction_error,196,unet,8.9085192273e-05
mid_holocene,zonal,prediction_error,197,unet,8.9081208448e-05
mid_holocene,zonal,prediction_error,198,unet,8.8990273074e-05
mid_holocene,zonal,prediction_error,199,unet,8.8540716203e-05
mid_holocene,zonal,prediction_error,200,unet,8.9113479673e-05
mid_holocene,zonal,prediction_error,201,unet,8.8760971112e-05
mid_holocene,zonal,prediction_error,202,unet,8.8238926969e-05
mid_holocene,zonal,prediction_error,203,unet,8.8180316750e-05
mid_holocene,zonal,prediction_error,204,unet,8.7934667222e-05
mid_holocene,zonal,prediction_error,205,unet,8.7971732825e-05
mid_holocene,zonal,prediction_error,206,unet,8.7158865382e-05
mid_holocene,zonal,prediction_error,207,unet,8.7485109995e-05
mid_holocene,zonal,prediction_error,208,unet,8.7675526766e-05
mid_holocene,zonal,prediction_error,209,unet,8.7529202350e-05
mid_holocene,zonal,prediction_error,210,unet,8.7049816178e-05
mid_holocene,zonal,prediction_error,211,unet,8.6940581409e-05
mid_holocene,zonal,prediction_error,212,unet,8.6686901994e-05
mid_holocene,zonal,prediction_error,213,unet,8.6745355693e-05
mid_holocene,zonal,prediction_error,214,unet,8.6055767694e-05
mid_holocene,zonal,prediction_error,215,unet,8.6349632529e-05
mid_holocene,zonal,prediction_error,216,unet,8.5792681786e-05
mid_holocene,zonal,prediction_error,217,unet,8.5949009496e-05
mid_holocene,zonal,prediction_error,218,unet,8.5435303197e-05
mid_holocene,zonal,prediction_error,219,unet,8.4848003866e-05
mid_holocene,zonal,prediction_error,220,unet,8.5251931774e-05
mid_holocene,zonal,prediction_error,221,unet,8.4343044575e-05
mid_holocene,zonal,prediction_error,222,unet,8.3993446132e-05
mid_holocene,zonal,prediction_error,223,unet,8.3899506142e-05
mid_holocene,zonal,prediction_error,224,unet,8.3559374005e-05
mid_holocene,zonal,prediction_error,225,unet,8.3270200552e-05
mid_holocene,zonal,prediction_error,226,unet,8.2832670865e-05
mid_holocene,zonal,prediction_error,227,unet,8.2445737982e-05
mid_holocene,zonal,prediction_error,228,unet,8.2454526065e-05
mid_holocene,zonal,prediction_error,229,unet,8.1892604886e-05
mid_holocene,zonal,prediction_error,230,unet,8.1521996793e-05
mid_holocene,zonal,prediction_error,231,unet,8.1512955658e-05
mid_holocene,zonal,prediction_error,232,unet,8.1436213500e-05
mid_holocene,zonal,prediction_error,233,unet,8.0736473932e-05
mid_holocene,zonal,prediction_error,234,unet,8.0222082140e-05
mid_holocene,zonal,prediction_error,235,unet,8.0017604201e-05
mid_holocene,zonal,prediction_error,236,unet,7.9250127969e-05
mid_holocene,zonal,prediction_error,237,unet,7.8799115782e-05
mid_holocene,zonal,prediction_error,238,unet,7.8550995807e-05
mid_holocene,zonal,prediction_error,239,unet,7.7991192761e-05
mid_holocene,zonal,prediction_error,240,unet,7.7595736991e-05
mid_holocene,zonal,prediction_error,241,unet,7.7470579880e-05
mid_holocene,zonal,prediction_error,242,unet,7.6964803467e-05
mid_holocene,zonal,prediction_error,243,unet,7.6546269878e-05
mid_holocene,zonal,prediction_error,244,unet,7.6568503350e-05
mid_holocene,zonal,prediction_error,245,unet,7.6303965763e-05
mid_holocene,zonal,prediction_error,246,unet,7.5596712005e-05
mid_holocene,zonal,prediction_error,247,unet,7.5169229967e-05
mid_holocene,zonal,prediction_error,248,unet,7.4804659128e-05
mid_holocene,zonal,prediction_error,249,unet,7.4374899336e-05
mid_holocene,zonal,prediction_error,250,unet,7.3814778781e-05
mid_holocene,zonal,prediction_error,251,unet,7.3855593411e-05
mid_holocene,zonal,prediction_error,252,unet,7.3650559710e-05
mid_holocene,zonal,prediction_error,253,unet,7.2633552685e-05
mid_holocene,zonal,prediction_error,254,unet,7.2176010855e-05
mid_holocene,zonal,prediction_error,255,unet,7.1725879249e-05
mid_holocene,zonal,prediction_error,256,unet,7.2283373393e-05
mid_holocene,zonal,prediction_error,257,unet,7.0489127167e-05
mid_holocene,zonal,prediction_error,258,unet,7.0259606950e-05
mid_holocene,zonal,prediction_error,259,unet,7.0161788179e-05
mid_holocene,zonal,prediction_error,260,unet,6.9450470179e-05
mid_holocene,zonal,prediction_error,261,unet,6.9214171087e-05
mid_holocene,zonal,prediction_error,262,unet,6.9203788630e-05
mid_holocene,zonal,prediction_error,263,unet,6.8637441224e-05
mid_holocene,zonal,prediction_error,264,unet,6.8021796520e-05
mid_holocene,zonal,prediction_error,265,unet,6.7785893046e-05
mid_holocene,zonal,prediction_error,266,unet,6.7534868762e-05
mid_holocene,zonal,prediction_error,267,unet,6.7073642613e-05
mid_holocene,zonal,prediction_error,268,unet,6.6780675273e-05
mid_holocene,zonal,prediction_error,269,unet,6.6031507169e-05
mid_holocene,zonal,prediction_error,270,unet,6.5681424441e-05
mid_holocene,zonal,prediction_error,271,unet,6.5558701562e-05
mid_holocene,zonal,prediction_error,272,unet,6.5635252022e-05
mid_holocene,zonal,prediction_error,273,unet,6.4886663120e-05
mid_holocene,zonal,prediction_error,274,unet,6.4361661364e-05
mid_holocene,zonal,prediction_error,275,unet,6.4042716315e-05
mid_holocene,zonal,prediction_error,276,unet,6.4147226087e-05
mid_holocene,zonal,prediction_error,277,unet,6.3514166168e-05
mid_holocene,zonal,prediction_error,278,unet,6.2660313275e-05
mid_holocene,zonal,prediction_error,279,unet,6.1985987954e-05
mid_holocene,zonal,prediction_error,280,unet,6.1991695040e-05
mid_holocene,zonal,prediction_error,281,unet,6.1018602886e-05
mid_holocene,zonal,prediction_error,282,unet,6.0976025318e-05
mid_holocene,zonal,prediction_error,283,unet,6.0465896240e-05
mid_holocene,zonal,prediction_error,284,unet,6.0630360751e-05
mid_holocene,zonal,prediction_error,285,unet,5.9915337885e-05
mid_holocene,zonal,prediction_error,286,unet,5.9740432327e-05
mid_holocene,zonal,prediction_error,287,unet,5.9271011665e-05
mid_holocene,zonal,prediction_error,288,unet,5.9299802794e-05
mid_holocene,zonal,prediction_error,289,unet,5.8601199570e-05
mid_holocene,zonal,prediction_error,290,unet,5.8314064816e-05
mid_holocene,zonal,prediction_error,291,unet,5.7525033001e-05
mid_holocene,zonal,prediction_error,292,unet,5.7236112949e-05
mid_holocene,zonal,prediction_error,293,unet,5.6609657577e-05
mid_holocene,zonal,prediction_error,294,unet,5.6428608194e-05
mid_holocene,zonal,prediction_error,295,unet,5.6155741106e-05
mid_holocene,zonal,prediction_error,296,unet,5.5815979025e-05
mid_holocene,zonal,prediction_error,297,unet,5.5775966877e-05
mid_holocene,zonal,prediction_error,298,unet,5.5212393592e-05
mid_holocene,zonal,prediction_error,299,unet,5.5046058827e-05
mid_holocene,zonal,prediction_error,300,unet,5.4866615159e-05
mid_holocene,zonal,prediction_error,301,unet,5.4331355876e-05
mid_holocene,zonal,prediction_error,302,unet,5.3854451703e-05
mid_holocene,zonal,prediction_error,303,unet,5.3781725289e-05
mid_holocene,zonal,prediction_error,304,unet,5.3432996420e-05
mid_holocene,zonal,prediction_error,305,unet,5.2947711155e-05
mid_holocene,zonal,prediction_error,306,unet,5.2721713234e-05
mid_holocene,zonal,prediction_error,307,unet,5.2029018809e-05
mid_holocene,zonal,prediction_error,308,unet,5.2060355211e-05
mid_holocene,zonal,prediction_error,309,unet,5.1599294910e-05
mid_holocene,zonal,prediction_error,310,unet,5.1437772282e-05
mid_holocene,zonal,prediction_error,311,unet,5.1158497047e-05
mid_holocene,zonal,prediction_error,312,unet,5.1100357376e-05
mid_holocene,zonal,prediction_error,313,unet,5.0293851042e-05
mid_holocene,zonal,prediction_error,314,unet,5.0082174634e-05
mid_holocene,zonal,prediction_error,315,unet,4.9714814575e-05
mid_holocene,zonal,prediction_error,316,unet,5.0178990283e-05
mid_holocene,zonal,prediction_error,317,unet,4.9027325488e-05
mid_holocene,zonal,prediction_error,318,unet,4.8757190526e-05
mid_holocene,zonal,prediction_error,319,unet,4.8270497683e-05
mid_holocene,zonal,prediction_error,320,unet,4.9689832021e-05
mid_holocene,zonal,prediction_error,321,unet,4.7919591563e-05
mid_holocene,zonal,prediction_error,322,unet,4.7730531973e-05
mid_holocene,zonal,prediction_error,323,unet,4.7345129907e-05
mid_holocene,zonal,prediction_error,324,unet,4.6821512130e-05
mid_holocene,zonal,prediction_error,325,unet,4.6760994311e-05
mid_holocene,zonal,prediction_error,326,unet,4.6369447426e-05
mid_holocene,zonal,prediction_error,327,unet,4.5983627060e-05
mid_holocene,zonal,prediction_error,328,unet,4.5808835035e-05
mid_holocene,zonal,prediction_error,329,unet,4.5306099603e-05
mid_holocene,zonal,prediction_error,330,unet,4.4991733993e-05
mid_holocene,zonal,prediction_error,331,unet,4.4518975118e-05
mid_holocene,zonal,prediction_error,332,unet,4.4622224768e-05
mid_holocene,zonal,prediction_error,333,unet,4.4163105373e-05
mid_holocene,zonal,prediction_error,334,unet,4.3736764934e-05
mid_holocene,zonal,prediction_error,335,unet,4.3534759849e-05
mid_holocene,zonal,prediction_error,336,unet,4.3953735665e-05
mid_holocene,zonal,prediction_error,337,unet,4.3030116139e-05
mid_holocene,zonal,prediction_error,338,unet,4.2925055723e-05
mid_holocene,zonal,prediction_error,339,unet,4.2328822342e-05
mid_holocene,zonal,prediction_error,340,unet,4.2694627457e-05
mid_holocene,zonal,prediction_error,341,unet,4.2154543611e-05
mid_holocene,zonal,prediction_error,342,unet,4.1999614158e-05
mid_holocene,zonal,prediction_error,343,unet,4.1675357391e-05
mid_holocene,zonal,prediction_error,344,unet,4.1674142828e-05
mid_holocene,zonal,prediction_error,345,unet,4.1332587056e-05
mid_holocene,zonal,prediction_error,346,unet,4.0974594501e-05
mid_holocene,zonal,prediction_error,347,unet,4.0909262277e-05
mid_holocene,zonal,prediction_error,348,unet,4.0574635949e-05
mid_holocene,zonal,prediction_error,349,unet,4.0091778953e-05
mid_holocene,zonal,prediction_error,350,unet,3.9864043128e-05
mid_holocene,zonal,prediction_error,351,unet,3.9702284033e-05
mid_holocene,zonal,prediction_error,352,unet,3.9385286444e-05
mid_holocene,zonal,prediction_error,353,unet,3.8924482908e-05
mid_holocene,zonal,prediction_error,354,unet,3.8771868218e-05
mid_holocene,zonal,prediction_error,355,unet,3.8608129282e-05
mid_holocene,zonal,prediction_error,356,unet,3.8437599819e-05
mid_holocene,zonal,prediction_error,357,unet,3.8155842196e-05
mid_holocene,zonal,prediction_error,358,unet,3.7805905720e-05
mid_holocene,zonal,prediction_error,359,unet,3.7652182003e-05
mid_holocene,zonal,prediction_error,360,unet,3.7704846353e-05
mid_holocene,zonal,prediction_error,361,unet,3.7106125518e-05
mid_holocene,zonal,prediction_error,362,unet,3.7088747263e-05
mid_holocene,zonal,prediction_error,363,unet,3.6649318261e-05
mid_holocene,zonal,prediction_error,364,unet,3.6801958865e-05
mid_holocene,zonal,prediction_error,365,unet,3.6313946313e-05
mid_holocene,zonal,prediction_error,366,unet,3.6001372342e-05
mid_holocene,zonal,prediction_error,367,unet,3.5932042072e-05
mid_holocene,zonal,prediction_error,368,unet,3.5738863708e-05
mid_holocene,zonal,prediction_error,369,unet,3.5449966721e-05
mid_holocene,zonal,prediction_error,370,unet,3.5287003583e-05
mid_holocene,zonal,prediction_error,371,unet,3.4969577101e-05
mid_holocene,zonal,prediction_error,372,unet,3.4633146712e-05
mid_holocene,zonal,prediction_error,373,unet,3.4464271032e-05
mid_holocene,zonal,prediction_error,374,unet,3.4296048345e-05
mid_holocene,zonal,prediction_error,375,unet,3.4083332579e-05
mid_holocene,zonal,prediction_error,376,unet,3.3899292670e-05
mid_holocene,zonal,prediction_error,377,unet,3.3509265021e-05
mid_holocene,zonal,prediction_error,378,unet,3.3289546915e-05
mid_holocene,zonal,prediction_error,379,unet,3.2997987391e-05
mid_holocene,zonal,prediction_error,380,unet,3.2939860707e-05
mid_holocene,zonal,prediction_error,381,unet,3.2672296041e-05
mid_holocene,zonal,prediction_error,382,unet,3.2556276377e-05
mid_holocene,zonal,prediction_error,383,unet,3.2337334989e-05
mid_holocene,zonal,prediction_error,384,unet,3.3185647908e-05
mid_holocene,zonal,prediction_error,385,unet,3.2104084362e-05
mid_holocene,zonal,prediction_error,386,unet,3.1769732645e-05
mid_holocene,zonal,prediction_error,387,unet,3.1642632949e-05
mid_holocene,zonal,prediction_error,388,unet,3.1370278616e-05
mid_holocene,zonal,prediction_error,389,unet,3.1066045073e-05
mid_holocene,zonal,prediction_error,390,unet,3.0810282128e-05
mid_holocene,zonal,prediction_error,391,unet,3.0665360911e-05
mid_holocene,zonal,prediction_error,392,unet,3.0710268004e-05
mid_holocene,zonal,prediction_error,393,unet,3.0292339039e-05
mid_holocene,zonal,prediction_error,394,unet,2.9947719017e-05
mid_holocene,zonal,prediction_error,395,unet,2.9793664625e-05
mid_holocene,zonal,prediction_error,396,unet,2.9681064365e-05
mid_holocene,zonal,prediction_error,397,unet,2.9380482384e-05
mid_holocene,zonal,prediction_error,398,unet,2.9210270133e-05
mid_holocene,zonal,prediction_error,399,unet,2.9137271508e-05
mid_holocene,zonal,prediction_error,400,unet,2.9329484787e-05
mid_holocene,zonal,prediction_error,401,unet,2.8674014997e-05
mid_holocene,zonal,prediction_error,402,unet,2.8451125636e-05
mid_holocene,zonal,prediction_error,403,unet,2.8337772292e-05
mid_holocene,zonal,prediction_error,404,unet,2.8300632482e-05
mid_holocene,zonal,prediction_error,405,unet,2.7986045776e-05
mid_holocene,zonal,prediction_error,406,unet,2.7873293776e-05
mid_holocene,zonal,prediction_error,407,unet,2.7739542955e-05
mid_holocene,zonal,prediction_error,408,unet,2.7771797326e-05
mid_holocene,zonal,prediction_error,409,unet,2.7395943672e-05
mid_holocene,zonal,prediction_error,410,unet,2.7284775987e-05
mid_holocene,zonal,prediction_error,411,unet,2.7127813490e-05
mid_holocene,zonal,prediction_error,412,unet,2.7058207304e-05
mid_holocene,zonal,prediction_error,413,unet,2.6564142673e-05
mid_holocene,zonal,prediction_error,414,unet,2.6516294768e-05
mid_holocene,zonal,prediction_error,415,unet,2.6168724854e-05
mid_holocene,zonal,prediction_error,416,unet,2.6632772023e-05
mid_holocene,zonal,prediction_error,417,unet,2.5990722442e-05
mid_holocene,zonal,prediction_error,418,unet,2.5896267733e-05
mid_holocene,zonal,prediction_error,419,unet,2.5639287816e-05
mid_holocene,zonal,prediction_error,420,unet,2.5772028763e-05
mid_holocene,zonal,prediction_error,421,unet,2.5534885439e-05
mid_holocene,zonal,prediction_error,422,unet,2.5064916446e-05
mid_holocene,zonal,prediction_error,423,unet,2.5045304968e-05
mid_holocene,zonal,prediction_error,424,unet,2.7602638940e-05
mid_holocene,zonal,prediction_error,425,unet,2.4685239978e-05
mid_holocene,zonal,prediction_error,426,unet,2.4495056963e-05
mid_holocene,zonal,prediction_error,427,unet,2.4427171399e-05
mid_holocene,zonal,prediction_error,428,unet,2.4182919477e-05
mid_holocene,zonal,prediction_error,429,unet,2.4116175545e-05
mid_holocene,zonal,prediction_error,430,unet,2.3892594807e-05
mid_holocene,zonal,prediction_error,431,unet,2.3772296770e-05
mid_holocene,zonal,prediction_error,432,unet,2.3929151626e-05
mid_holocene,zonal,prediction_error,433,unet,2.3375136905e-05
mid_holocene,zonal,prediction_error,434,unet,2.3334953372e-05
mid_holocene,zonal,prediction_error,435,unet,2.3133066422e-05
mid_holocene,zonal,prediction_error,436,unet,2.3101657277e-05
mid_holocene,zonal,prediction_error,437,unet,2.2768344085e-05
ssp585,spherical,prediction_error,1,bilinear,5.2234893897e-07
ssp585,spherical,prediction_error,2,bilinear,9.8896798099e-06
ssp585,spherical,prediction_error,3,bilinear,3.0845397613e-07
ssp585,spherical,prediction_error,4,bilinear,2.0414203542e-06
ssp585,spherical,prediction_error,5,bilinear,3.3632905331e-06
ssp585,spherical,prediction_error,6,bilinear,3.4994755499e-06
ssp585,spherical,prediction_error,7,bilinear,3.7381768801e-06
ssp585,spherical,prediction_error,8,bilinear,7.7115391840e-06
ssp585,spherical,prediction_error,9,bilinear,6.4671213579e-06
ssp585,spherical,prediction_error,10,bilinear,5.8819640603e-06
ssp585,spherical,prediction_error,11,bilinear,5.4843453373e-06
ssp585,spherical,prediction_error,12,bilinear,7.4152117584e-06
ssp585,spherical,prediction_error,13,bilinear,7.6362727902e-06
ssp585,spherical,prediction_error,14,bilinear,6.6522239430e-06
ssp585,spherical,prediction_error,15,bilinear,7.3788624146e-06
ssp585,spherical,prediction_error,16,bilinear,1.0787160581e-05
ssp585,spherical,prediction_error,17,bilinear,1.2376182841e-05
ssp585,spherical,prediction_error,18,bilinear,1.0704770011e-05
ssp585,spherical,prediction_error,19,bilinear,8.9847870040e-06
ssp585,spherical,prediction_error,20,bilinear,1.1629819608e-05
ssp585,spherical,prediction_error,21,bilinear,1.2348466187e-05
ssp585,spherical,prediction_error,22,bilinear,8.8513057495e-06
ssp585,spherical,prediction_error,23,bilinear,1.3519635585e-05
ssp585,spherical,prediction_error,24,bilinear,1.4591331548e-05
ssp585,spherical,prediction_error,25,bilinear,1.3053521650e-05
ssp585,spherical,prediction_error,26,bilinear,1.6470865566e-05
ssp585,spherical,prediction_error,27,bilinear,1.5480526061e-05
ssp585,spherical,prediction_error,28,bilinear,1.5595240926e-05
ssp585,spherical,prediction_error,29,bilinear,1.1982065825e-05
ssp585,spherical,prediction_error,30,bilinear,1.3295307371e-05
ssp585,spherical,prediction_error,31,bilinear,1.3672599365e-05
ssp585,spherical,prediction_error,32,bilinear,1.4368467415e-05
ssp585,spherical,prediction_error,33,bilinear,1.3899348748e-05
ssp585,spherical,prediction_error,34,bilinear,1.7801812501e-05
ssp585,spherical,prediction_error,35,bilinear,1.6524846573e-05
ssp585,spherical,prediction_error,36,bilinear,1.9043761565e-05
ssp585,spherical,prediction_error,37,bilinear,1.8582595669e-05
ssp585,spherical,prediction_error,38,bilinear,1.6034351544e-05
ssp585,spherical,prediction_error,39,bilinear,1.5370370526e-05
ssp585,spherical,prediction_error,40,bilinear,2.1533529381e-05
ssp585,spherical,prediction_error,41,bilinear,2.1411272836e-05
ssp585,spherical,prediction_error,42,bilinear,2.1099158162e-05
ssp585,spherical,prediction_error,43,bilinear,2.0143704052e-05
ssp585,spherical,prediction_error,44,bilinear,2.1199017845e-05
ssp585,spherical,prediction_error,45,bilinear,2.1954847657e-05
ssp585,spherical,prediction_error,46,bilinear,2.2404809764e-05
ssp585,spherical,prediction_error,47,bilinear,2.2810051165e-05
ssp585,spherical,prediction_error,48,bilinear,2.3890135569e-05
ssp585,spherical,prediction_error,49,bilinear,2.2540488636e-05
ssp585,spherical,prediction_error,50,bilinear,2.4604191856e-05
ssp585,spherical,prediction_error,51,bilinear,2.8056384047e-05
ssp585,spherical,prediction_error,52,bilinear,2.4984829261e-05
ssp585,spherical,prediction_error,53,bilinear,2.7867668696e-05
ssp585,spherical,prediction_error,54,bilinear,3.2769142209e-05
ssp585,spherical,prediction_error,55,bilinear,2.8172720660e-05
ssp585,spherical,prediction_error,56,bilinear,3.0713748199e-05
ssp585,spherical,prediction_error,57,bilinear,2.7721050457e-05
ssp585,spherical,prediction_error,58,bilinear,2.6000384394e-05
ssp585,spherical,prediction_error,59,bilinear,2.7187890087e-05
ssp585,spherical,prediction_error,60,bilinear,2.5380152789e-05
ssp585,spherical,prediction_error,61,bilinear,2.8619665224e-05
ssp585,spherical,prediction_error,62,bilinear,2.5698804682e-05
ssp585,spherical,prediction_error,63,bilinear,2.6346870733e-05
ssp585,spherical,prediction_error,64,bilinear,2.9288751291e-05
ssp585,spherical,prediction_error,65,bilinear,2.6857281960e-05
ssp585,spherical,prediction_error,66,bilinear,2.5701017526e-05
ssp585,spherical,prediction_error,67,bilinear,2.8973920709e-05
ssp585,spherical,prediction_error,68,bilinear,2.7046160868e-05
ssp585,spherical,prediction_error,69,bilinear,2.9250311588e-05
ssp585,spherical,prediction_error,70,bilinear,2.4011229363e-05
ssp585,spherical,prediction_error,71,bilinear,2.8460767227e-05
ssp585,spherical,prediction_error,72,bilinear,2.6791361164e-05
ssp585,spherical,prediction_error,73,bilinear,2.7450966114e-05
ssp585,spherical,prediction_error,74,bilinear,2.9252219898e-05
ssp585,spherical,prediction_error,75,bilinear,2.7418417674e-05
ssp585,spherical,prediction_error,76,bilinear,2.9175377613e-05
ssp585,spherical,prediction_error,77,bilinear,3.1207924990e-05
ssp585,spherical,prediction_error,78,bilinear,2.9994242738e-05
ssp585,spherical,prediction_error,79,bilinear,3.1263575316e-05
ssp585,spherical,prediction_error,80,bilinear,3.0708124283e-05
ssp585,spherical,prediction_error,81,bilinear,3.2664112602e-05
ssp585,spherical,prediction_error,82,bilinear,3.6552598098e-05
ssp585,spherical,prediction_error,83,bilinear,3.3783297280e-05
ssp585,spherical,prediction_error,84,bilinear,3.4241572111e-05
ssp585,spherical,prediction_error,85,bilinear,3.3390614098e-05
ssp585,spherical,prediction_error,86,bilinear,3.4816536865e-05
ssp585,spherical,prediction_error,87,bilinear,3.0961214676e-05
ssp585,spherical,prediction_error,88,bilinear,3.3675001588e-05
ssp585,spherical,prediction_error,89,bilinear,3.3983918024e-05
ssp585,spherical,prediction_error,90,bilinear,3.1736279028e-05
ssp585,spherical,prediction_error,91,bilinear,3.3134805338e-05
ssp585,spherical,prediction_error,92,bilinear,3.6821129683e-05
ssp585,spherical,prediction_error,93,bilinear,3.4223644020e-05
ssp585,spherical,prediction_error,94,bilinear,3.7535326537e-05
ssp585,spherical,prediction_error,95,bilinear,3.7162151617e-05
ssp585,spherical,prediction_error,96,bilinear,3.5711428103e-05
ssp585,spherical,prediction_error,97,bilinear,4.6026680591e-05
ssp585,spherical,prediction_error,98,bilinear,3.5905829847e-05
ssp585,spherical,prediction_error,99,bilinear,3.6803418185e-05
ssp585,spherical,prediction_error,100,bilinear,4.1616033220e-05
ssp585,spherical,prediction_error,101,bilinear,3.7288310358e-05
ssp585,spherical,prediction_error,102,bilinear,3.6708655744e-05
ssp585,spherical,prediction_error,103,bilinear,3.7697932583e-05
ssp585,spherical,prediction_error,104,bilinear,3.8060211478e-05
ssp585,spherical,prediction_error,105,bilinear,3.6689264889e-05
ssp585,spherical,prediction_error,106,bilinear,3.4803946856e-05
ssp585,spherical,prediction_error,107,bilinear,4.1979092775e-05
ssp585,spherical,prediction_error,108,bilinear,4.4683723748e-05
ssp585,spherical,prediction_error,109,bilinear,4.2468762773e-05
ssp585,spherical,prediction_error,110,bilinear,4.3927889883e-05
ssp585,spherical,prediction_error,111,bilinear,4.2856532366e-05
ssp585,spherical,prediction_error,112,bilinear,4.7447401753e-05
ssp585,spherical,prediction_error,113,bilinear,4.8633679966e-05
ssp585,spherical,prediction_error,114,bilinear,4.9107887839e-05
ssp585,spherical,prediction_error,115,bilinear,4.5990079578e-05
ssp585,spherical,prediction_error,116,bilinear,4.5453323975e-05
ssp585,spherical,prediction_error,117,bilinear,5.0491507260e-05
ssp585,spherical,prediction_error,118,bilinear,4.5457692859e-05
ssp585,spherical,prediction_error,119,bilinear,4.7394202636e-05
ssp585,spherical,prediction_error,120,bilinear,4.7180400418e-05
ssp585,spherical,prediction_error,121,bilinear,4.1443623423e-05
ssp585,spherical,prediction_error,122,bilinear,4.6163919778e-05
ssp585,spherical,prediction_error,123,bilinear,4.3570335596e-05
ssp585,spherical,prediction_error,124,bilinear,4.3228102540e-05
ssp585,spherical,prediction_error,125,bilinear,4.8326585897e-05
ssp585,spherical,prediction_error,126,bilinear,4.6734406036e-05
ssp585,spherical,prediction_error,127,bilinear,4.7120537083e-05
ssp585,spherical,prediction_error,128,bilinear,4.9125837349e-05
ssp585,spherical,prediction_error,129,bilinear,4.7506487326e-05
ssp585,spherical,prediction_error,130,bilinear,4.5141594430e-05
ssp585,spherical,prediction_error,131,bilinear,4.2557691918e-05
ssp585,spherical,prediction_error,132,bilinear,4.6386853100e-05
ssp585,spherical,prediction_error,133,bilinear,4.5623905803e-05
ssp585,spherical,prediction_error,134,bilinear,4.6805739049e-05
ssp585,spherical,prediction_error,135,bilinear,4.3573399611e-05
ssp585,spherical,prediction_error,136,bilinear,4.3406810021e-05
ssp585,spherical,prediction_error,137,bilinear,5.0330132445e-05
ssp585,spherical,prediction_error,138,bilinear,4.7306764540e-05
ssp585,spherical,prediction_error,139,bilinear,4.8938704230e-05
ssp585,spherical,prediction_error,140,bilinear,4.6634449003e-05
ssp585,spherical,prediction_error,141,bilinear,4.2995170754e-05
ssp585,spherical,prediction_error,142,bilinear,4.3517799567e-05
ssp585,spherical,prediction_error,143,bilinear,4.3600266232e-05
ssp585,spherical,prediction_error,144,bilinear,4.1049895609e-05
ssp585,spherical,prediction_error,145,bilinear,4.1141684385e-05
ssp585,spherical,prediction_error,146,bilinear,4.7719408956e-05
ssp585,spherical,prediction_error,147,bilinear,4.4429080318e-05
ssp585,spherical,prediction_error,148,bilinear,3.9897979630e-05
ssp585,spherical,prediction_error,149,bilinear,3.9975308790e-05
ssp585,spherical,prediction_error,150,bilinear,4.7427073542e-05
ssp585,spherical,prediction_error,151,bilinear,5.2352342015e-05
ssp585,spherical,prediction_error,152,bilinear,4.6625069212e-05
ssp585,spherical,prediction_error,153,bilinear,4.6241996941e-05
ssp585,spherical,prediction_error,154,bilinear,4.9466907542e-05
ssp585,spherical,prediction_error,155,bilinear,4.4824723770e-05
ssp585,spherical,prediction_error,156,bilinear,4.5699000499e-05
ssp585,spherical,prediction_error,157,bilinear,4.6360213189e-05
ssp585,spherical,prediction_error,158,bilinear,4.6809661894e-05
ssp585,spherical,prediction_error,159,bilinear,4.7601684481e-05
ssp585,spherical,prediction_error,160,bilinear,4.6310326243e-05
ssp585,spherical,prediction_error,161,bilinear,4.8703966649e-05
ssp585,spherical,prediction_error,162,bilinear,5.0649668416e-05
ssp585,spherical,prediction_error,163,bilinear,4.5677795749e-05
ssp585,spherical,prediction_error,164,bilinear,4.8296744690e-05
ssp585,spherical,prediction_error,165,bilinear,4.9433327687e-05
ssp585,spherical,prediction_error,166,bilinear,4.6391954622e-05
ssp585,spherical,prediction_error,167,bilinear,4.2771673757e-05
ssp585,spherical,prediction_error,168,bilinear,5.7122767815e-05
ssp585,spherical,prediction_error,169,bilinear,4.8370200647e-05
ssp585,spherical,prediction_error,170,bilinear,4.4625438452e-05
ssp585,spherical,prediction_error,171,bilinear,5.1421409323e-05
ssp585,spherical,prediction_error,172,bilinear,4.5115247288e-05
ssp585,spherical,prediction_error,173,bilinear,5.2220489194e-05
ssp585,spherical,prediction_error,174,bilinear,5.0608607051e-05
ssp585,spherical,prediction_error,175,bilinear,4.9161337683e-05
ssp585,spherical,prediction_error,176,bilinear,4.6603005236e-05
ssp585,spherical,prediction_error,177,bilinear,5.0355526837e-05
ssp585,spherical,prediction_error,178,bilinear,4.8140358230e-05
ssp585,spherical,prediction_error,179,bilinear,5.0852995152e-05
ssp585,spherical,prediction_error,180,bilinear,4.4527662528e-05
ssp585,spherical,prediction_error,181,bilinear,4.4015858378e-05
ssp585,spherical,prediction_error,182,bilinear,4.3148947605e-05
ssp585,spherical,prediction_error,183,bilinear,4.4434341172e-05
ssp585,spherical,prediction_error,184,bilinear,4.3454502659e-05
ssp585,spherical,prediction_error,185,bilinear,4.1779927314e-05
ssp585,spherical,prediction_error,186,bilinear,4.8348613073e-05
ssp585,spherical,prediction_error,187,bilinear,4.3880759606e-05
ssp585,spherical,prediction_error,188,bilinear,4.9395378006e-05
ssp585,spherical,prediction_error,189,bilinear,4.5056317538e-05
ssp585,spherical,prediction_error,190,bilinear,4.3640192310e-05
ssp585,spherical,prediction_error,191,bilinear,4.7150452978e-05
ssp585,spherical,prediction_error,192,bilinear,5.2366351393e-05
ssp585,spherical,prediction_error,193,bilinear,4.3377986662e-05
ssp585,spherical,prediction_error,194,bilinear,4.5853576714e-05
ssp585,spherical,prediction_error,195,bilinear,4.8455890037e-05
ssp585,spherical,prediction_error,196,bilinear,4.3537294153e-05
ssp585,spherical,prediction_error,197,bilinear,4.8413581139e-05
ssp585,spherical,prediction_error,198,bilinear,4.7884647026e-05
ssp585,spherical,prediction_error,199,bilinear,4.8148575454e-05
ssp585,spherical,prediction_error,200,bilinear,4.3284581643e-05
ssp585,spherical,prediction_error,201,bilinear,4.8235183282e-05
ssp585,spherical,prediction_error,202,bilinear,4.5787325481e-05
ssp585,spherical,prediction_error,203,bilinear,4.1575882705e-05
ssp585,spherical,prediction_error,204,bilinear,4.5280584610e-05
ssp585,spherical,prediction_error,205,bilinear,4.5988159367e-05
ssp585,spherical,prediction_error,206,bilinear,4.3853665308e-05
ssp585,spherical,prediction_error,207,bilinear,4.4569311836e-05
ssp585,spherical,prediction_error,208,bilinear,4.3779529151e-05
ssp585,spherical,prediction_error,209,bilinear,4.2222077713e-05
ssp585,spherical,prediction_error,210,bilinear,4.2813441929e-05
ssp585,spherical,prediction_error,211,bilinear,4.4279861564e-05
ssp585,spherical,prediction_error,212,bilinear,3.9470834524e-05
ssp585,spherical,prediction_error,213,bilinear,4.2154555497e-05
ssp585,spherical,prediction_error,214,bilinear,4.4838196406e-05
ssp585,spherical,prediction_error,215,bilinear,4.0943596947e-05
ssp585,spherical,prediction_error,216,bilinear,4.3918458802e-05
ssp585,spherical,prediction_error,217,bilinear,4.2118642771e-05
ssp585,spherical,prediction_error,218,bilinear,4.1441377485e-05
ssp585,spherical,prediction_error,219,bilinear,4.1429095408e-05
ssp585,spherical,prediction_error,220,bilinear,4.2016103846e-05
ssp585,spherical,prediction_error,221,bilinear,4.0125734865e-05
ssp585,spherical,prediction_error,222,bilinear,4.0569728436e-05
ssp585,spherical,prediction_error,223,bilinear,3.9743890411e-05
ssp585,spherical,prediction_error,224,bilinear,3.6725831536e-05
ssp585,spherical,prediction_error,225,bilinear,3.4526112271e-05
ssp585,spherical,prediction_error,226,bilinear,3.6806685581e-05
ssp585,spherical,prediction_error,227,bilinear,3.6207435415e-05
ssp585,spherical,prediction_error,228,bilinear,3.3798208315e-05
ssp585,spherical,prediction_error,229,bilinear,3.9487738087e-05
ssp585,spherical,prediction_error,230,bilinear,3.8017860036e-05
ssp585,spherical,prediction_error,231,bilinear,3.4394006176e-05
ssp585,spherical,prediction_error,232,bilinear,3.6204037406e-05
ssp585,spherical,prediction_error,233,bilinear,3.5490079947e-05
ssp585,spherical,prediction_error,234,bilinear,3.4078157989e-05
ssp585,spherical,prediction_error,235,bilinear,3.8643579497e-05
ssp585,spherical,prediction_error,236,bilinear,3.9339359174e-05
ssp585,spherical,prediction_error,237,bilinear,3.5151955446e-05
ssp585,spherical,prediction_error,238,bilinear,3.8276330650e-05
ssp585,spherical,prediction_error,239,bilinear,3.9249112867e-05
ssp585,spherical,prediction_error,240,bilinear,3.7009131946e-05
ssp585,spherical,prediction_error,241,bilinear,3.9606827259e-05
ssp585,spherical,prediction_error,242,bilinear,3.5571406570e-05
ssp585,spherical,prediction_error,243,bilinear,3.4759352595e-05
ssp585,spherical,prediction_error,244,bilinear,3.7455178053e-05
ssp585,spherical,prediction_error,245,bilinear,3.5288840486e-05
ssp585,spherical,prediction_error,246,bilinear,3.6143494759e-05
ssp585,spherical,prediction_error,247,bilinear,3.3639231091e-05
ssp585,spherical,prediction_error,248,bilinear,3.3114796666e-05
ssp585,spherical,prediction_error,249,bilinear,3.3601596326e-05
ssp585,spherical,prediction_error,250,bilinear,3.4955693603e-05
ssp585,spherical,prediction_error,251,bilinear,3.1386717576e-05
ssp585,spherical,prediction_error,252,bilinear,3.2233125098e-05
ssp585,spherical,prediction_error,253,bilinear,3.2724048198e-05
ssp585,spherical,prediction_error,254,bilinear,3.4104460145e-05
ssp585,spherical,prediction_error,255,bilinear,3.1583364399e-05
ssp585,spherical,prediction_error,256,bilinear,3.3156852054e-05
ssp585,spherical,prediction_error,257,bilinear,3.2395991259e-05
ssp585,spherical,prediction_error,258,bilinear,2.9096474430e-05
ssp585,spherical,prediction_error,259,bilinear,3.3137801566e-05
ssp585,spherical,prediction_error,260,bilinear,3.2404891734e-05
ssp585,spherical,prediction_error,261,bilinear,2.9518054063e-05
ssp585,spherical,prediction_error,262,bilinear,3.0297062984e-05
ssp585,spherical,prediction_error,263,bilinear,3.0755208759e-05
ssp585,spherical,prediction_error,264,bilinear,3.0190281542e-05
ssp585,spherical,prediction_error,265,bilinear,3.3574619466e-05
ssp585,spherical,prediction_error,266,bilinear,2.9677264177e-05
ssp585,spherical,prediction_error,267,bilinear,2.8644182861e-05
ssp585,spherical,prediction_error,268,bilinear,3.1922368469e-05
ssp585,spherical,prediction_error,269,bilinear,2.9879393656e-05
ssp585,spherical,prediction_error,270,bilinear,2.7757684684e-05
ssp585,spherical,prediction_error,271,bilinear,2.9658701827e-05
ssp585,spherical,prediction_error,272,bilinear,2.7062349743e-05
ssp585,spherical,prediction_error,273,bilinear,2.8495867114e-05
ssp585,spherical,prediction_error,274,bilinear,2.8499572856e-05
ssp585,spherical,prediction_error,275,bilinear,2.6538635391e-05
ssp585,spherical,prediction_error,276,bilinear,2.9421662392e-05
ssp585,spherical,prediction_error,277,bilinear,2.9039898901e-05
ssp585,spherical,prediction_error,278,bilinear,2.8367479313e-05
ssp585,spherical,prediction_error,279,bilinear,2.7428155445e-05
ssp585,spherical,prediction_error,280,bilinear,2.8166250835e-05
ssp585,spherical,prediction_error,281,bilinear,2.7260644584e-05
ssp585,spherical,prediction_error,282,bilinear,2.8699191287e-05
ssp585,spherical,prediction_error,283,bilinear,2.9940939821e-05
ssp585,spherical,prediction_error,284,bilinear,2.7220767606e-05
ssp585,spherical,prediction_error,285,bilinear,2.9870157322e-05
ssp585,spherical,prediction_error,286,bilinear,2.7624161068e-05
ssp585,spherical,prediction_error,287,bilinear,2.5975000583e-05
ssp585,spherical,prediction_error,288,bilinear,2.6314835544e-05
ssp585,spherical,prediction_error,289,bilinear,2.8019385867e-05
ssp585,spherical,prediction_error,290,bilinear,2.8213969374e-05
ssp585,spherical,prediction_error,291,bilinear,2.6856117534e-05
ssp585,spherical,prediction_error,292,bilinear,2.8693505421e-05
ssp585,spherical,prediction_error,293,bilinear,2.5346736007e-05
ssp585,spherical,prediction_error,294,bilinear,2.6076505940e-05
ssp585,spherical,prediction_error,295,bilinear,2.6860796067e-05
ssp585,spherical,prediction_error,296,bilinear,2.7002695554e-05
ssp585,spherical,prediction_error,297,bilinear,2.5498471952e-05
ssp585,spherical,prediction_error,298,bilinear,2.3906066649e-05
ssp585,spherical,prediction_error,299,bilinear,2.4492846193e-05
ssp585,spherical,prediction_error,300,bilinear,2.6760825265e-05
ssp585,spherical,prediction_error,301,bilinear,2.2779357685e-05
ssp585,spherical,prediction_error,302,bilinear,2.4549081337e-05
ssp585,spherical,prediction_error,303,bilinear,2.5017665488e-05
ssp585,spherical,prediction_error,304,bilinear,2.2002056412e-05
ssp585,spherical,prediction_error,305,bilinear,2.2771097774e-05
ssp585,spherical,prediction_error,306,bilinear,2.3958820245e-05
ssp585,spherical,prediction_error,307,bilinear,2.3735256581e-05
ssp585,spherical,prediction_error,308,bilinear,2.1539843010e-05
ssp585,spherical,prediction_error,309,bilinear,2.3869471575e-05
ssp585,spherical,prediction_error,310,bilinear,2.3372134929e-05
ssp585,spherical,prediction_error,311,bilinear,2.2759943159e-05
ssp585,spherical,prediction_error,312,bilinear,2.2487071534e-05
ssp585,spherical,prediction_error,313,bilinear,2.2617947454e-05
ssp585,spherical,prediction_error,314,bilinear,2.1666394818e-05
ssp585,spherical,prediction_error,315,bilinear,2.1963337033e-05
ssp585,spherical,prediction_error,316,bilinear,2.0335379820e-05
ssp585,spherical,prediction_error,317,bilinear,2.0096608775e-05
ssp585,spherical,prediction_error,318,bilinear,2.1451932452e-05
ssp585,spherical,prediction_error,319,bilinear,2.0331824748e-05
ssp585,spherical,prediction_error,320,bilinear,2.1377504374e-05
ssp585,spherical,prediction_error,321,bilinear,2.3077302937e-05
ssp585,spherical,prediction_error,322,bilinear,2.0957064435e-05
ssp585,spherical,prediction_error,323,bilinear,2.0150603369e-05
ssp585,spherical,prediction_error,324,bilinear,2.0358292028e-05
ssp585,spherical,prediction_error,325,bilinear,2.1706598417e-05
ssp585,spherical,prediction_error,326,bilinear,1.9497389298e-05
ssp585,spherical,prediction_error,327,bilinear,1.7609766685e-05
ssp585,spherical,prediction_error,328,bilinear,2.0786587893e-05
ssp585,spherical,prediction_error,329,bilinear,2.0038018226e-05
ssp585,spherical,prediction_error,330,bilinear,1.6413450928e-05
ssp585,spherical,prediction_error,331,bilinear,1.8694256056e-05
ssp585,spherical,prediction_error,332,bilinear,1.7804204793e-05
ssp585,spherical,prediction_error,333,bilinear,1.7238429684e-05
ssp585,spherical,prediction_error,334,bilinear,1.8246423350e-05
ssp585,spherical,prediction_error,335,bilinear,1.8863091936e-05
ssp585,spherical,prediction_error,336,bilinear,1.7736881535e-05
ssp585,spherical,prediction_error,337,bilinear,1.8080968462e-05
ssp585,spherical,prediction_error,338,bilinear,1.8727524874e-05
ssp585,spherical,prediction_error,339,bilinear,1.7067816777e-05
ssp585,spherical,prediction_error,340,bilinear,1.8026982184e-05
ssp585,spherical,prediction_error,341,bilinear,1.8058810277e-05
ssp585,spherical,prediction_error,342,bilinear,1.7956332022e-05
ssp585,spherical,prediction_error,343,bilinear,1.7032803663e-05
ssp585,spherical,prediction_error,344,bilinear,1.6036191850e-05
ssp585,spherical,prediction_error,345,bilinear,1.6552682498e-05
ssp585,spherical,prediction_error,346,bilinear,1.6694944770e-05
ssp585,spherical,prediction_error,347,bilinear,1.6427107202e-05
ssp585,spherical,prediction_error,348,bilinear,1.6482771363e-05
ssp585,spherical,prediction_error,349,bilinear,1.6570300026e-05
ssp585,spherical,prediction_error,350,bilinear,1.6043483759e-05
ssp585,spherical,prediction_error,351,bilinear,1.6155836661e-05
ssp585,spherical,prediction_error,352,bilinear,1.5933598666e-05
ssp585,spherical,prediction_error,353,bilinear,1.5929415401e-05
ssp585,spherical,prediction_error,354,bilinear,1.6128433387e-05
ssp585,spherical,prediction_error,355,bilinear,1.6233865674e-05
ssp585,spherical,prediction_error,356,bilinear,1.5334140922e-05
ssp585,spherical,prediction_error,357,bilinear,1.5697202021e-05
ssp585,spherical,prediction_error,358,bilinear,1.5105291301e-05
ssp585,spherical,prediction_error,359,bilinear,1.3887771595e-05
ssp585,spherical,prediction_error,360,bilinear,1.4698442903e-05
ssp585,spherical,prediction_error,361,bilinear,1.4233584969e-05
ssp585,spherical,prediction_error,362,bilinear,1.4169646291e-05
ssp585,spherical,prediction_error,363,bilinear,1.3013812389e-05
ssp585,spherical,prediction_error,364,bilinear,1.4307930032e-05
ssp585,spherical,prediction_error,365,bilinear,1.2844340030e-05
ssp585,spherical,prediction_error,366,bilinear,1.3375984743e-05
ssp585,spherical,prediction_error,367,bilinear,1.3419182881e-05
ssp585,spherical,prediction_error,368,bilinear,1.2923476581e-05
ssp585,spherical,prediction_error,369,bilinear,1.2693715608e-05
ssp585,spherical,prediction_error,370,bilinear,1.2828048370e-05
ssp585,spherical,prediction_error,371,bilinear,1.3104591584e-05
ssp585,spherical,prediction_error,372,bilinear,1.2367014816e-05
ssp585,spherical,prediction_error,373,bilinear,1.2803662064e-05
ssp585,spherical,prediction_error,374,bilinear,1.2619057146e-05
ssp585,spherical,prediction_error,375,bilinear,1.2023186642e-05
ssp585,spherical,prediction_error,376,bilinear,1.2097136060e-05
ssp585,spherical,prediction_error,377,bilinear,1.1799444743e-05
ssp585,spherical,prediction_error,378,bilinear,1.2744997250e-05
ssp585,spherical,prediction_error,379,bilinear,1.2680429566e-05
ssp585,spherical,prediction_error,380,bilinear,1.1692619635e-05
ssp585,spherical,prediction_error,381,bilinear,1.1816013499e-05
ssp585,spherical,prediction_error,382,bilinear,1.2046813767e-05
ssp585,spherical,prediction_error,383,bilinear,1.1617873375e-05
ssp585,spherical,prediction_error,384,bilinear,1.1538682118e-05
ssp585,spherical,prediction_error,385,bilinear,1.1178813189e-05
ssp585,spherical,prediction_error,386,bilinear,1.1467111805e-05
ssp585,spherical,prediction_error,387,bilinear,1.1456250163e-05
ssp585,spherical,prediction_error,388,bilinear,1.1729033668e-05
ssp585,spherical,prediction_error,389,bilinear,1.1536663644e-05
ssp585,spherical,prediction_error,390,bilinear,1.0466448584e-05
ssp585,spherical,prediction_error,391,bilinear,1.1172532832e-05
ssp585,spherical,prediction_error,392,bilinear,1.0986822668e-05
ssp585,spherical,prediction_error,393,bilinear,1.0924707983e-05
ssp585,spherical,prediction_error,394,bilinear,1.1136390902e-05
ssp585,spherical,prediction_error,395,bilinear,1.0813836827e-05
ssp585,spherical,prediction_error,396,bilinear,1.1046213210e-05
ssp585,spherical,prediction_error,397,bilinear,1.0530949836e-05
ssp585,spherical,prediction_error,398,bilinear,1.1199351941e-05
ssp585,spherical,prediction_error,399,bilinear,1.0711167763e-05
ssp585,spherical,prediction_error,400,bilinear,1.0696969679e-05
ssp585,spherical,prediction_error,401,bilinear,1.0895956572e-05
ssp585,spherical,prediction_error,402,bilinear,1.0145714137e-05
ssp585,spherical,prediction_error,403,bilinear,1.0622870680e-05
ssp585,spherical,prediction_error,404,bilinear,1.0646213417e-05
ssp585,spherical,prediction_error,405,bilinear,9.4762351965e-06
ssp585,spherical,prediction_error,406,bilinear,1.0618274722e-05
ssp585,spherical,prediction_error,407,bilinear,9.9714510997e-06
ssp585,spherical,prediction_error,408,bilinear,9.8995931189e-06
ssp585,spherical,prediction_error,409,bilinear,1.0354161961e-05
ssp585,spherical,prediction_error,410,bilinear,1.0279503976e-05
ssp585,spherical,prediction_error,411,bilinear,9.1301978440e-06
ssp585,spherical,prediction_error,412,bilinear,9.5680419009e-06
ssp585,spherical,prediction_error,413,bilinear,1.0079186016e-05
ssp585,spherical,prediction_error,414,bilinear,8.9715872945e-06
ssp585,spherical,prediction_error,415,bilinear,1.0102849966e-05
ssp585,spherical,prediction_error,416,bilinear,9.7498986992e-06
ssp585,spherical,prediction_error,417,bilinear,9.6724377717e-06
ssp585,spherical,prediction_error,418,bilinear,9.4258823233e-06
ssp585,spherical,prediction_error,419,bilinear,9.3118400886e-06
ssp585,spherical,prediction_error,420,bilinear,9.4845124011e-06
ssp585,spherical,prediction_error,421,bilinear,9.0813946674e-06
ssp585,spherical,prediction_error,422,bilinear,9.2211344672e-06
ssp585,spherical,prediction_error,423,bilinear,9.1076945255e-06
ssp585,spherical,prediction_error,424,bilinear,9.4201068873e-06
ssp585,spherical,prediction_error,425,bilinear,9.1532697908e-06
ssp585,spherical,prediction_error,426,bilinear,9.2322615766e-06
ssp585,zonal,prediction_error,1,bilinear,3.9147675542e-03
ssp585,zonal,prediction_error,2,bilinear,4.0509774015e-03
ssp585,zonal,prediction_error,3,bilinear,3.6945325535e-03
ssp585,zonal,prediction_error,4,bilinear,3.3652181604e-03
ssp585,zonal,prediction_error,5,bilinear,3.4940160231e-03
ssp585,zonal,prediction_error,6,bilinear,3.5048720813e-03
ssp585,zonal,prediction_error,7,bilinear,3.1394709159e-03
ssp585,zonal,prediction_error,8,bilinear,2.9642011762e-03
ssp585,zonal,prediction_error,9,bilinear,3.0227647663e-03
ssp585,zonal,prediction_error,10,bilinear,3.0314619740e-03
ssp585,zonal,prediction_error,11,bilinear,2.6461495874e-03
ssp585,zonal,prediction_error,12,bilinear,2.9728857817e-03
ssp585,zonal,prediction_error,13,bilinear,2.8891323201e-03
ssp585,zonal,prediction_error,14,bilinear,2.9609759368e-03
ssp585,zonal,prediction_error,15,bilinear,2.9639059000e-03
ssp585,zonal,prediction_error,16,bilinear,2.9400745932e-03
ssp585,zonal,prediction_error,17,bilinear,3.0265117515e-03
ssp585,zonal,prediction_error,18,bilinear,2.8846153423e-03
ssp585,zonal,prediction_error,19,bilinear,2.6648549742e-03
ssp585,zonal,prediction_error,20,bilinear,2.6914755572e-03
ssp585,zonal,prediction_error,21,bilinear,2.7658440039e-03
ssp585,zonal,prediction_error,22,bilinear,2.7640203524e-03
ssp585,zonal,prediction_error,23,bilinear,2.6444691139e-03
ssp585,zonal,prediction_error,24,bilinear,2.7886174393e-03
ssp585,zonal,prediction_error,25,bilinear,2.8289406813e-03
ssp585,zonal,prediction_error,26,bilinear,2.8776911925e-03
ssp585,zonal,prediction_error,27,bilinear,2.7619141966e-03
ssp585,zonal,prediction_error,28,bilinear,2.8430432930e-03
ssp585,zonal,prediction_error,29,bilinear,2.7499737341e-03
ssp585,zonal,prediction_error,30,bilinear,2.6436845318e-03
ssp585,zonal,prediction_error,31,bilinear,2.5629392731e-03
ssp585,zonal,prediction_error,32,bilinear,2.5745354365e-03
ssp585,zonal,prediction_error,33,bilinear,2.6110280044e-03
ssp585,zonal,prediction_error,34,bilinear,2.4710050639e-03
ssp585,zonal,prediction_error,35,bilinear,2.4105383811e-03
ssp585,zonal,prediction_error,36,bilinear,2.2895648655e-03
ssp585,zonal,prediction_error,37,bilinear,2.2637651555e-03
ssp585,zonal,prediction_error,38,bilinear,2.5863699096e-03
ssp585,zonal,prediction_error,39,bilinear,2.5044012312e-03
ssp585,zonal,prediction_error,40,bilinear,2.7260464983e-03
ssp585,zonal,prediction_error,41,bilinear,2.6435179952e-03
ssp585,zonal,prediction_error,42,bilinear,2.7764831816e-03
ssp585,zonal,prediction_error,43,bilinear,2.5889033606e-03
ssp585,zonal,prediction_error,44,bilinear,2.5260174665e-03
ssp585,zonal,prediction_error,45,bilinear,2.0312973095e-03
ssp585,zonal,prediction_error,46,bilinear,2.0168828005e-03
ssp585,zonal,prediction_error,47,bilinear,2.0203510252e-03
ssp585,zonal,prediction_error,48,bilinear,2.5203887441e-03
ssp585,zonal,prediction_error,49,bilinear,2.3810726088e-03
ssp585,zonal,prediction_error,50,bilinear,2.4505703998e-03
ssp585,zonal,prediction_error,51,bilinear,2.1548078273e-03
ssp585,zonal,prediction_error,52,bilinear,1.9673159271e-03
ssp585,zonal,prediction_error,53,bilinear,1.8556094705e-03
ssp585,zonal,prediction_error,54,bilinear,2.0383791352e-03
ssp585,zonal,prediction_error,55,bilinear,2.0304613793e-03
ssp585,zonal,prediction_error,56,bilinear,2.1402543599e-03
ssp585,zonal,prediction_error,57,bilinear,1.9483366987e-03
ssp585,zonal,prediction_error,58,bilinear,1.9428191675e-03
ssp585,zonal,prediction_error,59,bilinear,1.9385159592e-03
ssp585,zonal,prediction_error,60,bilinear,2.0263188709e-03
ssp585,zonal,prediction_error,61,bilinear,2.0470431594e-03
ssp585,zonal,prediction_error,62,bilinear,2.2187785784e-03
ssp585,zonal,prediction_error,63,bilinear,2.0272818935e-03
ssp585,zonal,prediction_error,64,bilinear,1.9875166000e-03
ssp585,zonal,prediction_error,65,bilinear,1.9372304136e-03
ssp585,zonal,prediction_error,66,bilinear,1.9363092911e-03
ssp585,zonal,prediction_error,67,bilinear,1.8009186957e-03
ssp585,zonal,prediction_error,68,bilinear,1.9066002423e-03
ssp585,zonal,prediction_error,69,bilinear,1.6973901281e-03
ssp585,zonal,prediction_error,70,bilinear,1.7407320604e-03
ssp585,zonal,prediction_error,71,bilinear,1.8088275901e-03
ssp585,zonal,prediction_error,72,bilinear,1.7164536704e-03
ssp585,zonal,prediction_error,73,bilinear,1.8950283139e-03
ssp585,zonal,prediction_error,74,bilinear,2.0686176464e-03
ssp585,zonal,prediction_error,75,bilinear,2.0812819392e-03
ssp585,zonal,prediction_error,76,bilinear,1.9389799930e-03
ssp585,zonal,prediction_error,77,bilinear,1.7539541194e-03
ssp585,zonal,prediction_error,78,bilinear,1.7698191017e-03
ssp585,zonal,prediction_error,79,bilinear,1.7450509874e-03
ssp585,zonal,prediction_error,80,bilinear,1.7854936929e-03
ssp585,zonal,prediction_error,81,bilinear,1.7448346609e-03
ssp585,zonal,prediction_error,82,bilinear,1.7384035242e-03
ssp585,zonal,prediction_error,83,bilinear,1.7196581106e-03
ssp585,zonal,prediction_error,84,bilinear,1.6918742887e-03
ssp585,zonal,prediction_error,85,bilinear,1.6588507640e-03
ssp585,zonal,prediction_error,86,bilinear,1.6125214044e-03
ssp585,zonal,prediction_error,87,bilinear,1.6828078917e-03
ssp585,zonal,prediction_error,88,bilinear,1.5756768903e-03
ssp585,zonal,prediction_error,89,bilinear,1.5846637659e-03
ssp585,zonal,prediction_error,90,bilinear,1.7086265594e-03
ssp585,zonal,prediction_error,91,bilinear,1.5891881486e-03
ssp585,zonal,prediction_error,92,bilinear,1.6457499492e-03
ssp585,zonal,prediction_error,93,bilinear,1.5691236466e-03
ssp585,zonal,prediction_error,94,bilinear,1.5345911784e-03
ssp585,zonal,prediction_error,95,bilinear,1.5751819590e-03
ssp585,zonal,prediction_error,96,bilinear,1.5458499367e-03
ssp585,zonal,prediction_error,97,bilinear,1.6165391106e-03
ssp585,zonal,prediction_error,98,bilinear,1.5037498186e-03
ssp585,zonal,prediction_error,99,bilinear,1.5151250501e-03
ssp585,zonal,prediction_error,100,bilinear,1.5684151798e-03
ssp585,zonal,prediction_error,101,bilinear,1.4737483833e-03
ssp585,zonal,prediction_error,102,bilinear,1.4133310042e-03
ssp585,zonal,prediction_error,103,bilinear,1.4162728148e-03
ssp585,zonal,prediction_error,104,bilinear,1.5190258069e-03
ssp585,zonal,prediction_error,105,bilinear,1.5653642597e-03
ssp585,zonal,prediction_error,106,bilinear,1.6039078451e-03
ssp585,zonal,prediction_error,107,bilinear,1.5210934906e-03
ssp585,zonal,prediction_error,108,bilinear,1.4126390117e-03
ssp585,zonal,prediction_error,109,bilinear,1.4190151997e-03
ssp585,zonal,prediction_error,110,bilinear,1.3754812348e-03
ssp585,zonal,prediction_error,111,bilinear,1.3377389085e-03
ssp585,zonal,prediction_error,112,bilinear,1.3453756463e-03
ssp585,zonal,prediction_error,113,bilinear,1.2972958725e-03
ssp585,zonal,prediction_error,114,bilinear,1.3693312146e-03
ssp585,zonal,prediction_error,115,bilinear,1.2925728203e-03
ssp585,zonal,prediction_error,116,bilinear,1.3194196933e-03
ssp585,zonal,prediction_error,117,bilinear,1.3838796875e-03
ssp585,zonal,prediction_error,118,bilinear,1.3939496721e-03
ssp585,zonal,prediction_error,119,bilinear,1.3865858069e-03
ssp585,zonal,prediction_error,120,bilinear,1.3744928514e-03
ssp585,zonal,prediction_error,121,bilinear,1.3852649272e-03
ssp585,zonal,prediction_error,122,bilinear,1.4423290364e-03
ssp585,zonal,prediction_error,123,bilinear,1.4581250937e-03
ssp585,zonal,prediction_error,124,bilinear,1.3476699813e-03
ssp585,zonal,prediction_error,125,bilinear,1.3564353961e-03
ssp585,zonal,prediction_error,126,bilinear,1.2211071341e-03
ssp585,zonal,prediction_error,127,bilinear,1.3790460829e-03
ssp585,zonal,prediction_error,128,bilinear,1.2289972393e-03
ssp585,zonal,prediction_error,129,bilinear,1.3312556317e-03
ssp585,zonal,prediction_error,130,bilinear,1.2720329687e-03
ssp585,zonal,prediction_error,131,bilinear,1.3025133736e-03
ssp585,zonal,prediction_error,132,bilinear,1.3484678756e-03
ssp585,zonal,prediction_error,133,bilinear,1.2699684972e-03
ssp585,zonal,prediction_error,134,bilinear,1.2861161176e-03
ssp585,zonal,prediction_error,135,bilinear,1.1621196217e-03
ssp585,zonal,prediction_error,136,bilinear,1.2416424646e-03
ssp585,zonal,prediction_error,137,bilinear,1.2433083548e-03
ssp585,zonal,prediction_error,138,bilinear,1.2098458533e-03
ssp585,zonal,prediction_error,139,bilinear,1.1649053246e-03
ssp585,zonal,prediction_error,140,bilinear,1.1546438032e-03
ssp585,zonal,prediction_error,141,bilinear,1.2138182559e-03
ssp585,zonal,prediction_error,142,bilinear,1.1278778863e-03
ssp585,zonal,prediction_error,143,bilinear,1.1972066889e-03
ssp585,zonal,prediction_error,144,bilinear,1.2628143874e-03
ssp585,zonal,prediction_error,145,bilinear,1.2810095873e-03
ssp585,zonal,prediction_error,146,bilinear,1.2786256112e-03
ssp585,zonal,prediction_error,147,bilinear,1.1825119522e-03
ssp585,zonal,prediction_error,148,bilinear,1.1877023990e-03
ssp585,zonal,prediction_error,149,bilinear,1.1561862245e-03
ssp585,zonal,prediction_error,150,bilinear,1.2116151301e-03
ssp585,zonal,prediction_error,151,bilinear,1.2301636269e-03
ssp585,zonal,prediction_error,152,bilinear,1.2188198382e-03
ssp585,zonal,prediction_error,153,bilinear,1.1148819204e-03
ssp585,zonal,prediction_error,154,bilinear,1.1384526515e-03
ssp585,zonal,prediction_error,155,bilinear,1.1043719852e-03
ssp585,zonal,prediction_error,156,bilinear,1.1613528927e-03
ssp585,zonal,prediction_error,157,bilinear,1.1064969313e-03
ssp585,zonal,prediction_error,158,bilinear,1.1303495241e-03
ssp585,zonal,prediction_error,159,bilinear,1.0441749377e-03
ssp585,zonal,prediction_error,160,bilinear,1.0879075003e-03
ssp585,zonal,prediction_error,161,bilinear,1.1171396978e-03
ssp585,zonal,prediction_error,162,bilinear,1.0899399535e-03
ssp585,zonal,prediction_error,163,bilinear,1.0504879518e-03
ssp585,zonal,prediction_error,164,bilinear,1.1107691701e-03
ssp585,zonal,prediction_error,165,bilinear,1.0383234346e-03
ssp585,zonal,prediction_error,166,bilinear,9.3949360016e-04
ssp585,zonal,prediction_error,167,bilinear,1.0521858392e-03
ssp585,zonal,prediction_error,168,bilinear,1.0860499824e-03
ssp585,zonal,prediction_error,169,bilinear,1.0608708668e-03
ssp585,zonal,prediction_error,170,bilinear,1.0601103357e-03
ssp585,zonal,prediction_error,171,bilinear,1.0467853814e-03
ssp585,zonal,prediction_error,172,bilinear,1.0875474978e-03
ssp585,zonal,prediction_error,173,bilinear,1.1191542434e-03
ssp585,zonal,prediction_error,174,bilinear,1.0994117228e-03
ssp585,zonal,prediction_error,175,bilinear,1.0047935556e-03
ssp585,zonal,prediction_error,176,bilinear,1.0179941352e-03
ssp585,zonal,prediction_error,177,bilinear,1.0604734717e-03
ssp585,zonal,prediction_error,178,bilinear,1.0328147686e-03
ssp585,zonal,prediction_error,179,bilinear,9.4330661054e-04
ssp585,zonal,prediction_error,180,bilinear,1.0385616556e-03
ssp585,zonal,prediction_error,181,bilinear,1.0130455350e-03
ssp585,zonal,prediction_error,182,bilinear,9.8305020835e-04
ssp585,zonal,prediction_error,183,bilinear,1.0283939653e-03
ssp585,zonal,prediction_error,184,bilinear,9.6769185588e-04
ssp585,zonal,prediction_error,185,bilinear,9.9835956991e-04
ssp585,zonal,prediction_error,186,bilinear,9.9742858380e-04
ssp585,zonal,prediction_error,187,bilinear,1.0313568414e-03
ssp585,zonal,prediction_error,188,bilinear,1.0065023504e-03
ssp585,zonal,prediction_error,189,bilinear,1.0254128151e-03
ssp585,zonal,prediction_error,190,bilinear,1.0594877640e-03
ssp585,zonal,prediction_error,191,bilinear,9.2522813800e-04
ssp585,zonal,prediction_error,192,bilinear,9.2747418240e-04
ssp585,zonal,prediction_error,193,bilinear,8.5080478603e-04
ssp585,zonal,prediction_error,194,bilinear,9.8031072088e-04
ssp585,zonal,prediction_error,195,bilinear,9.0211326540e-04
ssp585,zonal,prediction_error,196,bilinear,9.2577485274e-04
ssp585,zonal,prediction_error,197,bilinear,8.7178045471e-04
ssp585,zonal,prediction_error,198,bilinear,9.5683646964e-04
ssp585,zonal,prediction_error,199,bilinear,8.8077535823e-04
ssp585,zonal,prediction_error,200,bilinear,8.3897196424e-04
ssp585,zonal,prediction_error,201,bilinear,8.6580456405e-04
ssp585,zonal,prediction_error,202,bilinear,8.7274209175e-04
ssp585,zonal,prediction_error,203,bilinear,8.7732892715e-04
ssp585,zonal,prediction_error,204,bilinear,8.5811519857e-04
ssp585,zonal,prediction_error,205,bilinear,8.4027302958e-04
ssp585,zonal,prediction_error,206,bilinear,8.2227988113e-04
ssp585,zonal,prediction_error,207,bilinear,7.8052692399e-04
ssp585,zonal,prediction_error,208,bilinear,8.3942262210e-04
ssp585,zonal,prediction_error,209,bilinear,8.3105311918e-04
ssp585,zonal,prediction_error,210,bilinear,8.1859985384e-04
ssp585,zonal,prediction_error,211,bilinear,8.9835241191e-04
ssp585,zonal,prediction_error,212,bilinear,8.4434918821e-04
ssp585,zonal,prediction_error,213,bilinear,8.3294190338e-04
ssp585,zonal,prediction_error,214,bilinear,7.3620732325e-04
ssp585,zonal,prediction_error,215,bilinear,8.1950735123e-04
ssp585,zonal,prediction_error,216,bilinear,7.6089188274e-04
ssp585,zonal,prediction_error,217,bilinear,7.9894617866e-04
ssp585,zonal,prediction_error,218,bilinear,7.6340704527e-04
ssp585,zonal,prediction_error,219,bilinear,7.0511092821e-04
ssp585,zonal,prediction_error,220,bilinear,7.7013824423e-04
ssp585,zonal,prediction_error,221,bilinear,7.7054496368e-04
ssp585,zonal,prediction_error,222,bilinear,7.6138499032e-04
ssp585,zonal,prediction_error,223,bilinear,7.0494772784e-04
ssp585,zonal,prediction_error,224,bilinear,7.1058860241e-04
ssp585,zonal,prediction_error,225,bilinear,7.3065970159e-04
ssp585,zonal,prediction_error,226,bilinear,7.7200801294e-04
ssp585,zonal,prediction_error,227,bilinear,6.9715444366e-04
ssp585,zonal,prediction_error,228,bilinear,7.1943963643e-04
ssp585,zonal,prediction_error,229,bilinear,7.4197202906e-04
ssp585,zonal,prediction_error,230,bilinear,7.4148872892e-04
ssp585,zonal,prediction_error,231,bilinear,6.9513840545e-04
ssp585,zonal,prediction_error,232,bilinear,6.7997492126e-04
ssp585,zonal,prediction_error,233,bilinear,7.0846485547e-04
ssp585,zonal,prediction_error,234,bilinear,7.3882997235e-04
ssp585,zonal,prediction_error,235,bilinear,6.6054484268e-04
ssp585,zonal,prediction_error,236,bilinear,6.9151665859e-04
ssp585,zonal,prediction_error,237,bilinear,6.7772672146e-04
ssp585,zonal,prediction_error,238,bilinear,6.5982415295e-04
ssp585,zonal,prediction_error,239,bilinear,6.1971264789e-04
ssp585,zonal,prediction_error,240,bilinear,6.8306625495e-04
ssp585,zonal,prediction_error,241,bilinear,6.1644209401e-04
ssp585,zonal,prediction_error,242,bilinear,6.5667165110e-04
ssp585,zonal,prediction_error,243,bilinear,6.8722428791e-04
ssp585,zonal,prediction_error,244,bilinear,7.0148488853e-04
ssp585,zonal,prediction_error,245,bilinear,6.7297955390e-04
ssp585,zonal,prediction_error,246,bilinear,6.9071481446e-04
ssp585,zonal,prediction_error,247,bilinear,6.9779368380e-04
ssp585,zonal,prediction_error,248,bilinear,6.5807865685e-04
ssp585,zonal,prediction_error,249,bilinear,6.8992885087e-04
ssp585,zonal,prediction_error,250,bilinear,6.8311884514e-04
ssp585,zonal,prediction_error,251,bilinear,6.3250223662e-04
ssp585,zonal,prediction_error,252,bilinear,5.9895279195e-04
ssp585,zonal,prediction_error,253,bilinear,6.5606631563e-04
ssp585,zonal,prediction_error,254,bilinear,6.0704288022e-04
ssp585,zonal,prediction_error,255,bilinear,6.2443515305e-04
ssp585,zonal,prediction_error,256,bilinear,6.2583951898e-04
ssp585,zonal,prediction_error,257,bilinear,6.4851511836e-04
ssp585,zonal,prediction_error,258,bilinear,5.6918330933e-04
ssp585,zonal,prediction_error,259,bilinear,5.7092877949e-04
ssp585,zonal,prediction_error,260,bilinear,5.8908091874e-04
ssp585,zonal,prediction_error,261,bilinear,5.4876299371e-04
ssp585,zonal,prediction_error,262,bilinear,6.0549901987e-04
ssp585,zonal,prediction_error,263,bilinear,6.2902790682e-04
ssp585,zonal,prediction_error,264,bilinear,5.7389465980e-04
ssp585,zonal,prediction_error,265,bilinear,6.1244364157e-04
ssp585,zonal,prediction_error,266,bilinear,6.1942876311e-04
ssp585,zonal,prediction_error,267,bilinear,5.5766421665e-04
ssp585,zonal,prediction_error,268,bilinear,6.1700522225e-04
ssp585,zonal,prediction_error,269,bilinear,6.0205000603e-04
ssp585,zonal,prediction_error,270,bilinear,6.0933728537e-04
ssp585,zonal,prediction_error,271,bilinear,5.4333970517e-04
ssp585,zonal,prediction_error,272,bilinear,5.8532594097e-04
ssp585,zonal,prediction_error,273,bilinear,5.6518020524e-04
ssp585,zonal,prediction_error,274,bilinear,5.2864428666e-04
ssp585,zonal,prediction_error,275,bilinear,5.5093884976e-04
ssp585,zonal,prediction_error,276,bilinear,6.0299629090e-04
ssp585,zonal,prediction_error,277,bilinear,5.2752096125e-04
ssp585,zonal,prediction_error,278,bilinear,5.8991569034e-04
ssp585,zonal,prediction_error,279,bilinear,5.1436872268e-04
ssp585,zonal,prediction_error,280,bilinear,4.9590204473e-04
ssp585,zonal,prediction_error,281,bilinear,5.0402530486e-04
ssp585,zonal,prediction_error,282,bilinear,5.0546431870e-04
ssp585,zonal,prediction_error,283,bilinear,5.0159459848e-04
ssp585,zonal,prediction_error,284,bilinear,5.0835172254e-04
ssp585,zonal,prediction_error,285,bilinear,4.6934966641e-04
ssp585,zonal,prediction_error,286,bilinear,4.8905275927e-04
ssp585,zonal,prediction_error,287,bilinear,4.8125997353e-04
ssp585,zonal,prediction_error,288,bilinear,4.7107754981e-04
ssp585,zonal,prediction_error,289,bilinear,4.8131861379e-04
ssp585,zonal,prediction_error,290,bilinear,4.5598888846e-04
ssp585,zonal,prediction_error,291,bilinear,4.6394142157e-04
ssp585,zonal,prediction_error,292,bilinear,4.5848886868e-04
ssp585,zonal,prediction_error,293,bilinear,4.7973000333e-04
ssp585,zonal,prediction_error,294,bilinear,4.6953544943e-04
ssp585,zonal,prediction_error,295,bilinear,4.5994368885e-04
ssp585,zonal,prediction_error,296,bilinear,4.3226949169e-04
ssp585,zonal,prediction_error,297,bilinear,4.4469889898e-04
ssp585,zonal,prediction_error,298,bilinear,4.3019037533e-04
ssp585,zonal,prediction_error,299,bilinear,4.5584626269e-04
ssp585,zonal,prediction_error,300,bilinear,4.4313165729e-04
ssp585,zonal,prediction_error,301,bilinear,3.9932782463e-04
ssp585,zonal,prediction_error,302,bilinear,4.3226583169e-04
ssp585,zonal,prediction_error,303,bilinear,4.3586752368e-04
ssp585,zonal,prediction_error,304,bilinear,4.3026029301e-04
ssp585,zonal,prediction_error,305,bilinear,4.3042384978e-04
ssp585,zonal,prediction_error,306,bilinear,4.1810090384e-04
ssp585,zonal,prediction_error,307,bilinear,4.2481381319e-04
ssp585,zonal,prediction_error,308,bilinear,4.0963329408e-04
ssp585,zonal,prediction_error,309,bilinear,3.8264734256e-04
ssp585,zonal,prediction_error,310,bilinear,4.2222612088e-04
ssp585,zonal,prediction_error,311,bilinear,3.7957035634e-04
ssp585,zonal,prediction_error,312,bilinear,3.9223683661e-04
ssp585,zonal,prediction_error,313,bilinear,3.7212039121e-04
ssp585,zonal,prediction_error,314,bilinear,3.5459471688e-04
ssp585,zonal,prediction_error,315,bilinear,3.6176654267e-04
ssp585,zonal,prediction_error,316,bilinear,3.8628565118e-04
ssp585,zonal,prediction_error,317,bilinear,3.4477118680e-04
ssp585,zonal,prediction_error,318,bilinear,3.6015058369e-04
ssp585,zonal,prediction_error,319,bilinear,3.7591593327e-04
ssp585,zonal,prediction_error,320,bilinear,3.6545697379e-04
ssp585,zonal,prediction_error,321,bilinear,3.8323615641e-04
ssp585,zonal,prediction_error,322,bilinear,3.4866051449e-04
ssp585,zonal,prediction_error,323,bilinear,3.9744856357e-04
ssp585,zonal,prediction_error,324,bilinear,3.3274189875e-04
ssp585,zonal,prediction_error,325,bilinear,3.0189543927e-04
ssp585,zonal,prediction_error,326,bilinear,3.2228681967e-04
ssp585,zonal,prediction_error,327,bilinear,3.2475074715e-04
ssp585,zonal,prediction_error,328,bilinear,3.0763357046e-04
ssp585,zonal,prediction_error,329,bilinear,3.2576823411e-04
ssp585,zonal,prediction_error,330,bilinear,3.4429342785e-04
ssp585,zonal,prediction_error,331,bilinear,3.0643615189e-04
ssp585,zonal,prediction_error,332,bilinear,3.2841295412e-04
ssp585,zonal,prediction_error,333,bilinear,3.2456630261e-04
ssp585,zonal,prediction_error,334,bilinear,2.9541033240e-04
ssp585,zonal,prediction_error,335,bilinear,3.0052078002e-04
ssp585,zonal,prediction_error,336,bilinear,3.1982159933e-04
ssp585,zonal,prediction_error,337,bilinear,2.9508926983e-04
ssp585,zonal,prediction_error,338,bilinear,2.8417612180e-04
ssp585,zonal,prediction_error,339,bilinear,3.1384800660e-04
ssp585,zonal,prediction_error,340,bilinear,3.0131153320e-04
ssp585,zonal,prediction_error,341,bilinear,2.7682436075e-04
ssp585,zonal,prediction_error,342,bilinear,3.1057385360e-04
ssp585,zonal,prediction_error,343,bilinear,3.0265170360e-04
ssp585,zonal,prediction_error,344,bilinear,2.8044702291e-04
ssp585,zonal,prediction_error,345,bilinear,2.9493961843e-04
ssp585,zonal,prediction_error,346,bilinear,2.9315813934e-04
ssp585,zonal,prediction_error,347,bilinear,2.8786684306e-04
ssp585,zonal,prediction_error,348,bilinear,2.8177678076e-04
ssp585,zonal,prediction_error,349,bilinear,2.8507554865e-04
ssp585,zonal,prediction_error,350,bilinear,2.8812900066e-04
ssp585,zonal,prediction_error,351,bilinear,2.6559365714e-04
ssp585,zonal,prediction_error,352,bilinear,2.7084316022e-04
ssp585,zonal,prediction_error,353,bilinear,2.6143186970e-04
ssp585,zonal,prediction_error,354,bilinear,2.6637369959e-04
ssp585,zonal,prediction_error,355,bilinear,2.4823492744e-04
ssp585,zonal,prediction_error,356,bilinear,2.5388089281e-04
ssp585,zonal,prediction_error,357,bilinear,2.6453907349e-04
ssp585,zonal,prediction_error,358,bilinear,2.6690923314e-04
ssp585,zonal,prediction_error,359,bilinear,2.5486917515e-04
ssp585,zonal,prediction_error,360,bilinear,2.5821470899e-04
ssp585,zonal,prediction_error,361,bilinear,2.3181383850e-04
ssp585,zonal,prediction_error,362,bilinear,2.5305711192e-04
ssp585,zonal,prediction_error,363,bilinear,2.4495378080e-04
ssp585,zonal,prediction_error,364,bilinear,2.4546064571e-04
ssp585,zonal,prediction_error,365,bilinear,2.3766526460e-04
ssp585,zonal,prediction_error,366,bilinear,2.3912719737e-04
ssp585,zonal,prediction_error,367,bilinear,2.3036896353e-04
ssp585,zonal,prediction_error,368,bilinear,2.2208524774e-04
ssp585,zonal,prediction_error,369,bilinear,2.2396097855e-04
ssp585,zonal,prediction_error,370,bilinear,2.3619405857e-04
ssp585,zonal,prediction_error,371,bilinear,2.6606920552e-04
ssp585,zonal,prediction_error,372,bilinear,2.0948717208e-04
ssp585,zonal,prediction_error,373,bilinear,2.1048672748e-04
ssp585,zonal,prediction_error,374,bilinear,2.0617453429e-04
ssp585,zonal,prediction_error,375,bilinear,2.0648902505e-04
ssp585,zonal,prediction_error,376,bilinear,2.0567954894e-04
ssp585,zonal,prediction_error,377,bilinear,2.1611001169e-04
ssp585,zonal,prediction_error,378,bilinear,2.0483414508e-04
ssp585,zonal,prediction_error,379,bilinear,2.0572578078e-04
ssp585,zonal,prediction_error,380,bilinear,2.0443254794e-04
ssp585,zonal,prediction_error,381,bilinear,1.9481054935e-04
ssp585,zonal,prediction_error,382,bilinear,2.1186593955e-04
ssp585,zonal,prediction_error,383,bilinear,2.0106116890e-04
ssp585,zonal,prediction_error,384,bilinear,2.1184133001e-04
ssp585,zonal,prediction_error,385,bilinear,1.7674822422e-04
ssp585,zonal,prediction_error,386,bilinear,1.9254602601e-04
ssp585,zonal,prediction_error,387,bilinear,1.8581839759e-04
ssp585,zonal,prediction_error,388,bilinear,1.8665902421e-04
ssp585,zonal,prediction_error,389,bilinear,1.7614292197e-04
ssp585,zonal,prediction_error,390,bilinear,1.7888304728e-04
ssp585,zonal,prediction_error,391,bilinear,1.7579254820e-04
ssp585,zonal,prediction_error,392,bilinear,1.8514414736e-04
ssp585,zonal,prediction_error,393,bilinear,1.9312199956e-04
ssp585,zonal,prediction_error,394,bilinear,1.7216269698e-04
ssp585,zonal,prediction_error,395,bilinear,1.9241239770e-04
ssp585,zonal,prediction_error,396,bilinear,1.9412773023e-04
ssp585,zonal,prediction_error,397,bilinear,1.7962812420e-04
ssp585,zonal,prediction_error,398,bilinear,1.5314872167e-04
ssp585,zonal,prediction_error,399,bilinear,1.7078320706e-04
ssp585,zonal,prediction_error,400,bilinear,1.7038118765e-04
ssp585,zonal,prediction_error,401,bilinear,1.5958431915e-04
ssp585,zonal,prediction_error,402,bilinear,1.5255984885e-04
ssp585,zonal,prediction_error,403,bilinear,1.5486005469e-04
ssp585,zonal,prediction_error,404,bilinear,1.5670858364e-04
ssp585,zonal,prediction_error,405,bilinear,1.6003380733e-04
ssp585,zonal,prediction_error,406,bilinear,1.8057582580e-04
ssp585,zonal,prediction_error,407,bilinear,1.5772479594e-04
ssp585,zonal,prediction_error,408,bilinear,1.4314787668e-04
ssp585,zonal,prediction_error,409,bilinear,1.6137536446e-04
ssp585,zonal,prediction_error,410,bilinear,1.6045709715e-04
ssp585,zonal,prediction_error,411,bilinear,1.3618898026e-04
ssp585,zonal,prediction_error,412,bilinear,1.6859538986e-04
ssp585,zonal,prediction_error,413,bilinear,1.6021331228e-04
ssp585,zonal,prediction_error,414,bilinear,1.5074458977e-04
ssp585,zonal,prediction_error,415,bilinear,1.4851512254e-04
ssp585,zonal,prediction_error,416,bilinear,1.5718814910e-04
ssp585,zonal,prediction_error,417,bilinear,1.4670756263e-04
ssp585,zonal,prediction_error,418,bilinear,1.3840662403e-04
ssp585,zonal,prediction_error,419,bilinear,1.4313240046e-04
ssp585,zonal,prediction_error,420,bilinear,1.1739367255e-04
ssp585,zonal,prediction_error,421,bilinear,1.4591884703e-04
ssp585,zonal,prediction_error,422,bilinear,1.5293479094e-04
ssp585,zonal,prediction_error,423,bilinear,1.3580375564e-04
ssp585,zonal,prediction_error,424,bilinear,1.3109781479e-04
ssp585,zonal,prediction_error,425,bilinear,1.3998534623e-04
ssp585,zonal,prediction_error,426,bilinear,1.3724400959e-04
ssp585,zonal,prediction_error,427,bilinear,1.1542706855e-04
ssp585,zonal,prediction_error,428,bilinear,1.3905276778e-04
ssp585,zonal,prediction_error,429,bilinear,1.2012347183e-04
ssp585,zonal,prediction_error,430,bilinear,1.2328519728e-04
ssp585,zonal,prediction_error,431,bilinear,1.2623246158e-04
ssp585,zonal,prediction_error,432,bilinear,1.2731545684e-04
ssp585,zonal,prediction_error,433,bilinear,1.1271486982e-04
ssp585,zonal,prediction_error,434,bilinear,1.1551946107e-04
ssp585,zonal,prediction_error,435,bilinear,1.1840463961e-04
ssp585,zonal,prediction_error,436,bilinear,1.1247240374e-04
ssp585,zonal,prediction_error,437,bilinear,1.0813081572e-04
ssp585,spherical,prediction_error,1,cca,3.8195003483e-08
ssp585,spherical,prediction_error,2,cca,4.1815543283e-08
ssp585,spherical,prediction_error,3,cca,8.9916218079e-08
ssp585,spherical,prediction_error,4,cca,1.4321390115e-07
ssp585,spherical,prediction_error,5,cca,2.3015971819e-07
ssp585,spherical,prediction_error,6,cca,4.9762821628e-07
ssp585,spherical,prediction_error,7,cca,7.3499401866e-07
ssp585,spherical,prediction_error,8,cca,7.7863638615e-07
ssp585,spherical,prediction_error,9,cca,1.1372453708e-06
ssp585,spherical,prediction_error,10,cca,8.8903569325e-07
ssp585,spherical,prediction_error,11,cca,1.1815680708e-06
ssp585,spherical,prediction_error,12,cca,1.2086986509e-06
ssp585,spherical,prediction_error,13,cca,1.5954048153e-06
ssp585,spherical,prediction_error,14,cca,1.2303090413e-06
ssp585,spherical,prediction_error,15,cca,2.0182768407e-06
ssp585,spherical,prediction_error,16,cca,2.0015299990e-06
ssp585,spherical,prediction_error,17,cca,2.2229451001e-06
ssp585,spherical,prediction_error,18,cca,1.9056279046e-06
ssp585,spherical,prediction_error,19,cca,2.9772025369e-06
ssp585,spherical,prediction_error,20,cca,3.0830361329e-06
ssp585,spherical,prediction_error,21,cca,2.3142411673e-06
ssp585,spherical,prediction_error,22,cca,2.9664077313e-06
ssp585,spherical,prediction_error,23,cca,2.8632575508e-06
ssp585,spherical,prediction_error,24,cca,2.9461519498e-06
ssp585,spherical,prediction_error,25,cca,3.0938493052e-06
ssp585,spherical,prediction_error,26,cca,2.8723540791e-06
ssp585,spherical,prediction_error,27,cca,3.3390859548e-06
ssp585,spherical,prediction_error,28,cca,3.1497076997e-06
ssp585,spherical,prediction_error,29,cca,3.4497078371e-06
ssp585,spherical,prediction_error,30,cca,3.2436994957e-06
ssp585,spherical,prediction_error,31,cca,3.2690802714e-06
ssp585,spherical,prediction_error,32,cca,4.2934268908e-06
ssp585,spherical,prediction_error,33,cca,3.8339663671e-06
ssp585,spherical,prediction_error,34,cca,4.1839681915e-06
ssp585,spherical,prediction_error,35,cca,3.7548491322e-06
ssp585,spherical,prediction_error,36,cca,3.7961404765e-06
ssp585,spherical,prediction_error,37,cca,3.7022963711e-06
ssp585,spherical,prediction_error,38,cca,3.9713107735e-06
ssp585,spherical,prediction_error,39,cca,3.9635204874e-06
ssp585,spherical,prediction_error,40,cca,4.2184588852e-06
ssp585,spherical,prediction_error,41,cca,4.1267025918e-06
ssp585,spherical,prediction_error,42,cca,4.3299851814e-06
ssp585,spherical,prediction_error,43,cca,4.4514917912e-06
ssp585,spherical,prediction_error,44,cca,4.3255693152e-06
ssp585,spherical,prediction_error,45,cca,4.1994255424e-06
ssp585,spherical,prediction_error,46,cca,4.5432123587e-06
ssp585,spherical,prediction_error,47,cca,4.4347869446e-06
ssp585,spherical,prediction_error,48,cca,4.7303663428e-06
ssp585,spherical,prediction_error,49,cca,4.6485951302e-06
ssp585,spherical,prediction_error,50,cca,4.7860693939e-06
ssp585,spherical,prediction_error,51,cca,4.6070857965e-06
ssp585,spherical,prediction_error,52,cca,4.9651417401e-06
ssp585,spherical,prediction_error,53,cca,4.9346323537e-06
ssp585,spherical,prediction_error,54,cca,4.6849841432e-06
ssp585,spherical,prediction_error,55,cca,4.6851012711e-06
ssp585,spherical,prediction_error,56,cca,4.8486072876e-06
ssp585,spherical,prediction_error,57,cca,5.0223176233e-06
ssp585,spherical,prediction_error,58,cca,5.0513436811e-06
ssp585,spherical,prediction_error,59,cca,5.3213684911e-06
ssp585,spherical,prediction_error,60,cca,4.8404837141e-06
ssp585,spherical,prediction_error,61,cca,5.1125696492e-06
ssp585,spherical,prediction_error,62,cca,5.1774147517e-06
ssp585,spherical,prediction_error,63,cca,5.3883834272e-06
ssp585,spherical,prediction_error,64,cca,5.1494261054e-06
ssp585,spherical,prediction_error,65,cca,5.6156826853e-06
ssp585,spherical,prediction_error,66,cca,5.3848236421e-06
ssp585,spherical,prediction_error,67,cca,5.6999446455e-06
ssp585,spherical,prediction_error,68,cca,5.4088628376e-06
ssp585,spherical,prediction_error,69,cca,5.8977287164e-06
ssp585,spherical,prediction_error,70,cca,5.4414883104e-06
ssp585,spherical,prediction_error,71,cca,6.0122649626e-06
ssp585,spherical,prediction_error,72,cca,5.7390272904e-06
ssp585,spherical,prediction_error,73,cca,5.7286745319e-06
ssp585,spherical,prediction_error,74,cca,5.4651958952e-06
ssp585,spherical,prediction_error,75,cca,5.5939747765e-06
ssp585,spherical,prediction_error,76,cca,5.7659648927e-06
ssp585,spherical,prediction_error,77,cca,5.7799672907e-06
ssp585,spherical,prediction_error,78,cca,6.0202029009e-06
ssp585,spherical,prediction_error,79,cca,5.7926797432e-06
ssp585,spherical,prediction_error,80,cca,5.9077969230e-06
ssp585,spherical,prediction_error,81,cca,5.8958125544e-06
ssp585,spherical,prediction_error,82,cca,6.0637828083e-06
ssp585,spherical,prediction_error,83,cca,6.2040611186e-06
ssp585,spherical,prediction_error,84,cca,6.0652808099e-06
ssp585,spherical,prediction_error,85,cca,6.3697483953e-06
ssp585,spherical,prediction_error,86,cca,6.3877811137e-06
ssp585,spherical,prediction_error,87,cca,6.4336519019e-06
ssp585,spherical,prediction_error,88,cca,6.3358875258e-06
ssp585,spherical,prediction_error,89,cca,6.1841496332e-06
ssp585,spherical,prediction_error,90,cca,6.1253671091e-06
ssp585,spherical,prediction_error,91,cca,6.6730883031e-06
ssp585,spherical,prediction_error,92,cca,6.4062129068e-06
ssp585,spherical,prediction_error,93,cca,6.4697072245e-06
ssp585,spherical,prediction_error,94,cca,6.6251133121e-06
ssp585,spherical,prediction_error,95,cca,6.4805578186e-06
ssp585,spherical,prediction_error,96,cca,6.8023518057e-06
ssp585,spherical,prediction_error,97,cca,6.9503750132e-06
ssp585,spherical,prediction_error,98,cca,6.6487005445e-06
ssp585,spherical,prediction_error,99,cca,6.6482316319e-06
ssp585,spherical,prediction_error,100,cca,6.7184761572e-06
ssp585,spherical,prediction_error,101,cca,6.7024309931e-06
ssp585,spherical,prediction_error,102,cca,6.7002436939e-06
ssp585,spherical,prediction_error,103,cca,6.9803840833e-06
ssp585,spherical,prediction_error,104,cca,7.0813463861e-06
ssp585,spherical,prediction_error,105,cca,7.2797775260e-06
ssp585,spherical,prediction_error,106,cca,6.7945909348e-06
ssp585,spherical,prediction_error,107,cca,6.9413247541e-06
ssp585,spherical,prediction_error,108,cca,6.9649025614e-06
ssp585,spherical,prediction_error,109,cca,6.9813988194e-06
ssp585,spherical,prediction_error,110,cca,7.0866118111e-06
ssp585,spherical,prediction_error,111,cca,7.4061986757e-06
ssp585,spherical,prediction_error,112,cca,7.1078996134e-06
ssp585,spherical,prediction_error,113,cca,7.2478445659e-06
ssp585,spherical,prediction_error,114,cca,7.2196258240e-06
ssp585,spherical,prediction_error,115,cca,7.1234023883e-06
ssp585,spherical,prediction_error,116,cca,7.6825927211e-06
ssp585,spherical,prediction_error,117,cca,7.2991047504e-06
ssp585,spherical,prediction_error,118,cca,7.5856819382e-06
ssp585,spherical,prediction_error,119,cca,7.2902325326e-06
ssp585,spherical,prediction_error,120,cca,7.6731036864e-06
ssp585,spherical,prediction_error,121,cca,7.2801622611e-06
ssp585,spherical,prediction_error,122,cca,7.6944348595e-06
ssp585,spherical,prediction_error,123,cca,7.4581852236e-06
ssp585,spherical,prediction_error,124,cca,7.6537456311e-06
ssp585,spherical,prediction_error,125,cca,7.4485427546e-06
ssp585,spherical,prediction_error,126,cca,7.6797298040e-06
ssp585,spherical,prediction_error,127,cca,7.5768924695e-06
ssp585,spherical,prediction_error,128,cca,7.6035892991e-06
ssp585,spherical,prediction_error,129,cca,7.9405151427e-06
ssp585,spherical,prediction_error,130,cca,7.2778148379e-06
ssp585,spherical,prediction_error,131,cca,7.6543568685e-06
ssp585,spherical,prediction_error,132,cca,7.9098083475e-06
ssp585,spherical,prediction_error,133,cca,7.5076700258e-06
ssp585,spherical,prediction_error,134,cca,7.6286740245e-06
ssp585,spherical,prediction_error,135,cca,7.7031831960e-06
ssp585,spherical,prediction_error,136,cca,7.9859952345e-06
ssp585,spherical,prediction_error,137,cca,7.7879107333e-06
ssp585,spherical,prediction_error,138,cca,8.0092703932e-06
ssp585,spherical,prediction_error,139,cca,8.0289107949e-06
ssp585,spherical,prediction_error,140,cca,7.9016763113e-06
ssp585,spherical,prediction_error,141,cca,7.6526486908e-06
ssp585,spherical,prediction_error,142,cca,8.2204733876e-06
ssp585,spherical,prediction_error,143,cca,7.8405463973e-06
ssp585,spherical,prediction_error,144,cca,8.1559678158e-06
ssp585,spherical,prediction_error,145,cca,7.8562856936e-06
ssp585,spherical,prediction_error,146,cca,7.9093067563e-06
ssp585,spherical,prediction_error,147,cca,7.6702964412e-06
ssp585,spherical,prediction_error,148,cca,7.9631821704e-06
ssp585,spherical,prediction_error,149,cca,8.0715801805e-06
ssp585,spherical,prediction_error,150,cca,7.9594435004e-06
ssp585,spherical,prediction_error,151,cca,7.8192810460e-06
ssp585,spherical,prediction_error,152,cca,8.1903508495e-06
ssp585,spherical,prediction_error,153,cca,7.6930333125e-06
ssp585,spherical,prediction_error,154,cca,8.3896979790e-06
ssp585,spherical,prediction_error,155,cca,8.0629569623e-06
ssp585,spherical,prediction_error,156,cca,7.9985639694e-06
ssp585,spherical,prediction_error,157,cca,8.1393741721e-06
ssp585,spherical,prediction_error,158,cca,7.9609448313e-06
ssp585,spherical,prediction_error,159,cca,8.0449967040e-06
ssp585,spherical,prediction_error,160,cca,8.0110364975e-06
ssp585,spherical,prediction_error,161,cca,7.8880169998e-06
ssp585,spherical,prediction_error,162,cca,8.4832253339e-06
ssp585,spherical,prediction_error,163,cca,7.9760020964e-06
ssp585,spherical,prediction_error,164,cca,7.8775320172e-06
ssp585,spherical,prediction_error,165,cca,7.9322938867e-06
ssp585,spherical,prediction_error,166,cca,7.7584841165e-06
ssp585,spherical,prediction_error,167,cca,7.8996354874e-06
ssp585,spherical,prediction_error,168,cca,7.6366233759e-06
ssp585,spherical,prediction_error,169,cca,7.7553401003e-06
ssp585,spherical,prediction_error,170,cca,8.1208172844e-06
ssp585,spherical,prediction_error,171,cca,7.8111134208e-06
ssp585,spherical,prediction_error,172,cca,8.0589000326e-06
ssp585,spherical,prediction_error,173,cca,7.7769240217e-06
ssp585,spherical,prediction_error,174,cca,7.7687827332e-06
ssp585,spherical,prediction_error,175,cca,7.8100610920e-06
ssp585,spherical,prediction_error,176,cca,7.6263817072e-06
ssp585,spherical,prediction_error,177,cca,7.8274134506e-06
ssp585,spherical,prediction_error,178,cca,7.7482828862e-06
ssp585,spherical,prediction_error,179,cca,7.7703508282e-06
ssp585,spherical,prediction_error,180,cca,7.5935242841e-06
ssp585,spherical,prediction_error,181,cca,7.7400146771e-06
ssp585,spherical,prediction_error,182,cca,7.5885039467e-06
ssp585,spherical,prediction_error,183,cca,7.6765812092e-06
ssp585,spherical,prediction_error,184,cca,7.6263694429e-06
ssp585,spherical,prediction_error,185,cca,7.5654602103e-06
ssp585,spherical,prediction_error,186,cca,7.8132026802e-06
ssp585,spherical,prediction_error,187,cca,7.7745834372e-06
ssp585,spherical,prediction_error,188,cca,7.7685588306e-06
ssp585,spherical,prediction_error,189,cca,7.9376984215e-06
ssp585,spherical,prediction_error,190,cca,7.7982729342e-06
ssp585,spherical,prediction_error,191,cca,7.5969781811e-06
ssp585,spherical,prediction_error,192,cca,7.6385558934e-06
ssp585,spherical,prediction_error,193,cca,7.7559013478e-06
ssp585,spherical,prediction_error,194,cca,7.8158539223e-06
ssp585,spherical,prediction_error,195,cca,7.3191923163e-06
ssp585,spherical,prediction_error,196,cca,7.8211462069e-06
ssp585,spherical,prediction_error,197,cca,7.5861859435e-06
ssp585,spherical,prediction_error,198,cca,7.7176561598e-06
ssp585,spherical,prediction_error,199,cca,7.5391338556e-06
ssp585,spherical,prediction_error,200,cca,7.7737685613e-06
ssp585,spherical,prediction_error,201,cca,7.6056542057e-06
ssp585,spherical,prediction_error,202,cca,7.5278436744e-06
ssp585,spherical,prediction_error,203,cca,7.3573004258e-06
ssp585,spherical,prediction_error,204,cca,7.2938016864e-06
ssp585,spherical,prediction_error,205,cca,7.3503168996e-06
ssp585,spherical,prediction_error,206,cca,7.2660463951e-06
ssp585,spherical,prediction_error,207,cca,7.3489855606e-06
ssp585,spherical,prediction_error,208,cca,7.1259852891e-06
ssp585,spherical,prediction_error,209,cca,7.1361497776e-06
ssp585,spherical,prediction_error,210,cca,7.3005971929e-06
ssp585,spherical,prediction_error,211,cca,7.2213999147e-06
ssp585,spherical,prediction_error,212,cca,7.5859195326e-06
ssp585,spherical,prediction_error,213,cca,6.9575996432e-06
ssp585,spherical,prediction_error,214,cca,7.0555624657e-06
ssp585,spherical,prediction_error,215,cca,7.0874756404e-06
ssp585,spherical,prediction_error,216,cca,7.1536898306e-06
ssp585,spherical,prediction_error,217,cca,7.0999273570e-06
ssp585,spherical,prediction_error,218,cca,7.2138550960e-06
ssp585,spherical,prediction_error,219,cca,6.9811659091e-06
ssp585,spherical,prediction_error,220,cca,6.8512890808e-06
ssp585,spherical,prediction_error,221,cca,6.9024853657e-06
ssp585,spherical,prediction_error,222,cca,6.8015200164e-06
ssp585,spherical,prediction_error,223,cca,6.9853901315e-06
ssp585,spherical,prediction_error,224,cca,6.9134856840e-06
ssp585,spherical,prediction_error,225,cca,6.8859298544e-06
ssp585,spherical,prediction_error,226,cca,6.9819792926e-06
ssp585,spherical,prediction_error,227,cca,6.7841350207e-06
ssp585,spherical,prediction_error,228,cca,6.8663649198e-06
ssp585,spherical,prediction_error,229,cca,6.9176758025e-06
ssp585,spherical,prediction_error,230,cca,6.9801877334e-06
ssp585,spherical,prediction_error,231,cca,6.9476207505e-06
ssp585,spherical,prediction_error,232,cca,6.8618844154e-06
ssp585,spherical,prediction_error,233,cca,6.7043920523e-06
ssp585,spherical,prediction_error,234,cca,6.7072409096e-06
ssp585,spherical,prediction_error,235,cca,6.7668350020e-06
ssp585,spherical,prediction_error,236,cca,6.8058698415e-06
ssp585,spherical,prediction_error,237,cca,6.7075729924e-06
ssp585,spherical,prediction_error,238,cca,6.6207867929e-06
ssp585,spherical,prediction_error,239,cca,6.5448391254e-06
ssp585,spherical,prediction_error,240,cca,6.4982718430e-06
ssp585,spherical,prediction_error,241,cca,6.4247889406e-06
ssp585,spherical,prediction_error,242,cca,6.4864917766e-06
ssp585,spherical,prediction_error,243,cca,6.4315524699e-06
ssp585,spherical,prediction_error,244,cca,6.3468535401e-06
ssp585,spherical,prediction_error,245,cca,6.2037814170e-06
ssp585,spherical,prediction_error,246,cca,6.4205723630e-06
ssp585,spherical,prediction_error,247,cca,6.3678101536e-06
ssp585,spherical,prediction_error,248,cca,6.3422482463e-06
ssp585,spherical,prediction_error,249,cca,6.2474166350e-06
ssp585,spherical,prediction_error,250,cca,6.2134659981e-06
ssp585,spherical,prediction_error,251,cca,6.2014076057e-06
ssp585,spherical,prediction_error,252,cca,6.2358006388e-06
ssp585,spherical,prediction_error,253,cca,6.0356455094e-06
ssp585,spherical,prediction_error,254,cca,6.0415864276e-06
ssp585,spherical,prediction_error,255,cca,6.0009179570e-06
ssp585,spherical,prediction_error,256,cca,5.8441835854e-06
ssp585,spherical,prediction_error,257,cca,6.0593351495e-06
ssp585,spherical,prediction_error,258,cca,5.8484430048e-06
ssp585,spherical,prediction_error,259,cca,5.9491943389e-06
ssp585,spherical,prediction_error,260,cca,6.0347869204e-06
ssp585,spherical,prediction_error,261,cca,5.9183829402e-06
ssp585,spherical,prediction_error,262,cca,6.0021572764e-06
ssp585,spherical,prediction_error,263,cca,5.7454006079e-06
ssp585,spherical,prediction_error,264,cca,5.9067060042e-06
ssp585,spherical,prediction_error,265,cca,5.7877557514e-06
ssp585,spherical,prediction_error,266,cca,5.6833744875e-06
ssp585,spherical,prediction_error,267,cca,5.7994748977e-06
ssp585,spherical,prediction_error,268,cca,5.7451439466e-06
ssp585,spherical,prediction_error,269,cca,5.7566854637e-06
ssp585,spherical,prediction_error,270,cca,5.5871738687e-06
ssp585,spherical,prediction_error,271,cca,5.6455783262e-06
ssp585,spherical,prediction_error,272,cca,5.6973588086e-06
ssp585,spherical,prediction_error,273,cca,5.5352072106e-06
ssp585,spherical,prediction_error,274,cca,5.5094798212e-06
ssp585,spherical,prediction_error,275,cca,5.4584421677e-06
ssp585,spherical,prediction_error,276,cca,5.4792162878e-06
ssp585,spherical,prediction_error,277,cca,5.4989907304e-06
ssp585,spherical,prediction_error,278,cca,5.2134577855e-06
ssp585,spherical,prediction_error,279,cca,5.3501200426e-06
ssp585,spherical,prediction_error,280,cca,5.2154912268e-06
ssp585,spherical,prediction_error,281,cca,5.2363260662e-06
ssp585,spherical,prediction_error,282,cca,5.3259187983e-06
ssp585,spherical,prediction_error,283,cca,5.2201866343e-06
ssp585,spherical,prediction_error,284,cca,5.2381852390e-06
ssp585,spherical,prediction_error,285,cca,5.1849796757e-06
ssp585,spherical,prediction_error,286,cca,5.0505115568e-06
ssp585,spherical,prediction_error,287,cca,5.1001444775e-06
ssp585,spherical,prediction_error,288,cca,4.9718426850e-06
ssp585,spherical,prediction_error,289,cca,5.0754139909e-06
ssp585,spherical,prediction_error,290,cca,5.0877027520e-06
ssp585,spherical,prediction_error,291,cca,4.9753080458e-06
ssp585,spherical,prediction_error,292,cca,4.9982607514e-06
ssp585,spherical,prediction_error,293,cca,4.9991420644e-06
ssp585,spherical,prediction_error,294,cca,4.9831412820e-06
ssp585,spherical,prediction_error,295,cca,4.8304033462e-06
ssp585,spherical,prediction_error,296,cca,4.8081935890e-06
ssp585,spherical,prediction_error,297,cca,4.8062562891e-06
ssp585,spherical,prediction_error,298,cca,4.7975927100e-06
ssp585,spherical,prediction_error,299,cca,4.7279188751e-06
ssp585,spherical,prediction_error,300,cca,4.7120096693e-06
ssp585,spherical,prediction_error,301,cca,4.6351387567e-06
ssp585,spherical,prediction_error,302,cca,4.6882661712e-06
ssp585,spherical,prediction_error,303,cca,4.6058362170e-06
ssp585,spherical,prediction_error,304,cca,4.5695201286e-06
ssp585,spherical,prediction_error,305,cca,4.5995629644e-06
ssp585,spherical,prediction_error,306,cca,4.5619752798e-06
ssp585,spherical,prediction_error,307,cca,4.5432729057e-06
ssp585,spherical,prediction_error,308,cca,4.3743848608e-06
ssp585,spherical,prediction_error,309,cca,4.5810080270e-06
ssp585,spherical,prediction_error,310,cca,4.3894682754e-06
ssp585,spherical,prediction_error,311,cca,4.4327137087e-06
ssp585,spherical,prediction_error,312,cca,4.2945069016e-06
ssp585,spherical,prediction_error,313,cca,4.2644318239e-06
ssp585,spherical,prediction_error,314,cca,4.3021683858e-06
ssp585,spherical,prediction_error,315,cca,4.2489602599e-06
ssp585,spherical,prediction_error,316,cca,4.3375081441e-06
ssp585,spherical,prediction_error,317,cca,4.2782299828e-06
ssp585,spherical,prediction_error,318,cca,4.1944520155e-06
ssp585,spherical,prediction_error,319,cca,4.1996381517e-06
ssp585,spherical,prediction_error,320,cca,4.1102846488e-06
ssp585,spherical,prediction_error,321,cca,4.1684119314e-06
ssp585,spherical,prediction_error,322,cca,4.0818329046e-06
ssp585,spherical,prediction_error,323,cca,4.1450404013e-06
ssp585,spherical,prediction_error,324,cca,4.0510948545e-06
ssp585,spherical,prediction_error,325,cca,3.9948070679e-06
ssp585,spherical,prediction_error,326,cca,3.9149330262e-06
ssp585,spherical,prediction_error,327,cca,4.0395607914e-06
ssp585,spherical,prediction_error,328,cca,3.8943565111e-06
ssp585,spherical,prediction_error,329,cca,3.8427277985e-06
ssp585,spherical,prediction_error,330,cca,3.8514682817e-06
ssp585,spherical,prediction_error,331,cca,3.7717144276e-06
ssp585,spherical,prediction_error,332,cca,3.8773676004e-06
ssp585,spherical,prediction_error,333,cca,3.7865738223e-06
ssp585,spherical,prediction_error,334,cca,3.7244155596e-06
ssp585,spherical,prediction_error,335,cca,3.7562519447e-06
ssp585,spherical,prediction_error,336,cca,3.7047075683e-06
ssp585,spherical,prediction_error,337,cca,3.6841061392e-06
ssp585,spherical,prediction_error,338,cca,3.6707311170e-06
ssp585,spherical,prediction_error,339,cca,3.6427494073e-06
ssp585,spherical,prediction_error,340,cca,3.6984511318e-06
ssp585,spherical,prediction_error,341,cca,3.7089782936e-06
ssp585,spherical,prediction_error,342,cca,3.6802543535e-06
ssp585,spherical,prediction_error,343,cca,3.6370379186e-06
ssp585,spherical,prediction_error,344,cca,3.6171558245e-06
ssp585,spherical,prediction_error,345,cca,3.5672521072e-06
ssp585,spherical,prediction_error,346,cca,3.5772945050e-06
ssp585,spherical,prediction_error,347,cca,3.4766187922e-06
ssp585,spherical,prediction_error,348,cca,3.4612468044e-06
ssp585,spherical,prediction_error,349,cca,3.4255949245e-06
ssp585,spherical,prediction_error,350,cca,3.4194509052e-06
ssp585,spherical,prediction_error,351,cca,3.4161442601e-06
ssp585,spherical,prediction_error,352,cca,3.4510025734e-06
ssp585,spherical,prediction_error,353,cca,3.3546392291e-06
ssp585,spherical,prediction_error,354,cca,3.3306732979e-06
ssp585,spherical,prediction_error,355,cca,3.3900385762e-06
ssp585,spherical,prediction_error,356,cca,3.2793322188e-06
ssp585,spherical,prediction_error,357,cca,3.2914173314e-06
ssp585,spherical,prediction_error,358,cca,3.2244823291e-06
ssp585,spherical,prediction_error,359,cca,3.2574842681e-06
ssp585,spherical,prediction_error,360,cca,3.2565924840e-06
ssp585,spherical,prediction_error,361,cca,3.1783450970e-06
ssp585,spherical,prediction_error,362,cca,3.1605989953e-06
ssp585,spherical,prediction_error,363,cca,3.0800564350e-06
ssp585,spherical,prediction_error,364,cca,3.1183149210e-06
ssp585,spherical,prediction_error,365,cca,3.1445674903e-06
ssp585,spherical,prediction_error,366,cca,3.0757381256e-06
ssp585,spherical,prediction_error,367,cca,3.0555636239e-06
ssp585,spherical,prediction_error,368,cca,3.0266101834e-06
ssp585,spherical,prediction_error,369,cca,2.9912069085e-06
ssp585,spherical,prediction_error,370,cca,3.0542189142e-06
ssp585,spherical,prediction_error,371,cca,3.0233271642e-06
ssp585,spherical,prediction_error,372,cca,3.0508485637e-06
ssp585,spherical,prediction_error,373,cca,2.9470148800e-06
ssp585,spherical,prediction_error,374,cca,2.8729756984e-06
ssp585,spherical,prediction_error,375,cca,2.9274325038e-06
ssp585,spherical,prediction_error,376,cca,2.9011460093e-06
ssp585,spherical,prediction_error,377,cca,2.9364935568e-06
ssp585,spherical,prediction_error,378,cca,2.8839679014e-06
ssp585,spherical,prediction_error,379,cca,2.8642292869e-06
ssp585,spherical,prediction_error,380,cca,2.8767105688e-06
ssp585,spherical,prediction_error,381,cca,2.7998171032e-06
ssp585,spherical,prediction_error,382,cca,2.8194993962e-06
ssp585,spherical,prediction_error,383,cca,2.7991985600e-06
ssp585,spherical,prediction_error,384,cca,2.8279721367e-06
ssp585,spherical,prediction_error,385,cca,2.7845146621e-06
ssp585,spherical,prediction_error,386,cca,2.8106737025e-06
ssp585,spherical,prediction_error,387,cca,2.7402281409e-06
ssp585,spherical,prediction_error,388,cca,2.7068400939e-06
ssp585,spherical,prediction_error,389,cca,2.6826702829e-06
ssp585,spherical,prediction_error,390,cca,2.7514791560e-06
ssp585,spherical,prediction_error,391,cca,2.6786432963e-06
ssp585,spherical,prediction_error,392,cca,2.6891122757e-06
ssp585,spherical,prediction_error,393,cca,2.6649285505e-06
ssp585,spherical,prediction_error,394,cca,2.6248046308e-06
ssp585,spherical,prediction_error,395,cca,2.5878309219e-06
ssp585,spherical,prediction_error,396,cca,2.5544398819e-06
ssp585,spherical,prediction_error,397,cca,2.6228765025e-06
ssp585,spherical,prediction_error,398,cca,2.5633816088e-06
ssp585,spherical,prediction_error,399,cca,2.6019810136e-06
ssp585,spherical,prediction_error,400,cca,2.6344230163e-06
ssp585,spherical,prediction_error,401,cca,2.5968048741e-06
ssp585,spherical,prediction_error,402,cca,2.5866464533e-06
ssp585,spherical,prediction_error,403,cca,2.5122193893e-06
ssp585,spherical,prediction_error,404,cca,2.5125526750e-06
ssp585,spherical,prediction_error,405,cca,2.4658946245e-06
ssp585,spherical,prediction_error,406,cca,2.4411674528e-06
ssp585,spherical,prediction_error,407,cca,2.4377140308e-06
ssp585,spherical,prediction_error,408,cca,2.4581127865e-06
ssp585,spherical,prediction_error,409,cca,2.4199209479e-06
ssp585,spherical,prediction_error,410,cca,2.4880234530e-06
ssp585,spherical,prediction_error,411,cca,2.3835338662e-06
ssp585,spherical,prediction_error,412,cca,2.4362215202e-06
ssp585,spherical,prediction_error,413,cca,2.4195041758e-06
ssp585,spherical,prediction_error,414,cca,2.4227418674e-06
ssp585,spherical,prediction_error,415,cca,2.3842098365e-06
ssp585,spherical,prediction_error,416,cca,2.3510471732e-06
ssp585,spherical,prediction_error,417,cca,2.3306759596e-06
ssp585,spherical,prediction_error,418,cca,2.3462234506e-06
ssp585,spherical,prediction_error,419,cca,2.3022900396e-06
ssp585,spherical,prediction_error,420,cca,2.3263519155e-06
ssp585,spherical,prediction_error,421,cca,2.3083804094e-06
ssp585,spherical,prediction_error,422,cca,2.3121181203e-06
ssp585,spherical,prediction_error,423,cca,2.3036403886e-06
ssp585,spherical,prediction_error,424,cca,2.3082934900e-06
ssp585,spherical,prediction_error,425,cca,2.2421563079e-06
ssp585,spherical,prediction_error,426,cca,2.2581818877e-06
ssp585,zonal,prediction_error,1,cca,9.5219431175e-04
ssp585,zonal,prediction_error,2,cca,9.2135517737e-04
ssp585,zonal,prediction_error,3,cca,8.8836375055e-04
ssp585,zonal,prediction_error,4,cca,8.6378668192e-04
ssp585,zonal,prediction_error,5,cca,8.5788854710e-04
ssp585,zonal,prediction_error,6,cca,8.6415882931e-04
ssp585,zonal,prediction_error,7,cca,8.3567603440e-04
ssp585,zonal,prediction_error,8,cca,8.2376754726e-04
ssp585,zonal,prediction_error,9,cca,7.7663692676e-04
ssp585,zonal,prediction_error,10,cca,7.7868383746e-04
ssp585,zonal,prediction_error,11,cca,7.8041397859e-04
ssp585,zonal,prediction_error,12,cca,7.5734155729e-04
ssp585,zonal,prediction_error,13,cca,7.6430910516e-04
ssp585,zonal,prediction_error,14,cca,7.6233890964e-04
ssp585,zonal,prediction_error,15,cca,7.2793632601e-04
ssp585,zonal,prediction_error,16,cca,7.3008208929e-04
ssp585,zonal,prediction_error,17,cca,7.1566333979e-04
ssp585,zonal,prediction_error,18,cca,6.9982649454e-04
ssp585,zonal,prediction_error,19,cca,7.0093717144e-04
ssp585,zonal,prediction_error,20,cca,6.8278191392e-04
ssp585,zonal,prediction_error,21,cca,6.5344568146e-04
ssp585,zonal,prediction_error,22,cca,6.4585617488e-04
ssp585,zonal,prediction_error,23,cca,6.4844404740e-04
ssp585,zonal,prediction_error,24,cca,6.2518196768e-04
ssp585,zonal,prediction_error,25,cca,6.2014342378e-04
ssp585,zonal,prediction_error,26,cca,6.2386014392e-04
ssp585,zonal,prediction_error,27,cca,6.0764611035e-04
ssp585,zonal,prediction_error,28,cca,6.0986048324e-04
ssp585,zonal,prediction_error,29,cca,5.9985577069e-04
ssp585,zonal,prediction_error,30,cca,5.8192954343e-04
ssp585,zonal,prediction_error,31,cca,5.7504035630e-04
ssp585,zonal,prediction_error,32,cca,5.8085380915e-04
ssp585,zonal,prediction_error,33,cca,5.7585146205e-04
ssp585,zonal,prediction_error,34,cca,5.8075108353e-04
ssp585,zonal,prediction_error,35,cca,5.5374073377e-04
ssp585,zonal,prediction_error,36,cca,5.6725316266e-04
ssp585,zonal,prediction_error,37,cca,5.4738970981e-04
ssp585,zonal,prediction_error,38,cca,5.4207564177e-04
ssp585,zonal,prediction_error,39,cca,5.3838151373e-04
ssp585,zonal,prediction_error,40,cca,5.4076814870e-04
ssp585,zonal,prediction_error,41,cca,5.3354604668e-04
ssp585,zonal,prediction_error,42,cca,5.1247329495e-04
ssp585,zonal,prediction_error,43,cca,5.1728746019e-04
ssp585,zonal,prediction_error,44,cca,5.1391915528e-04
ssp585,zonal,prediction_error,45,cca,5.1269643686e-04
ssp585,zonal,prediction_error,46,cca,4.9600531575e-04
ssp585,zonal,prediction_error,47,cca,5.0791394819e-04
ssp585,zonal,prediction_error,48,cca,4.7690459818e-04
ssp585,zonal,prediction_error,49,cca,4.9279299129e-04
ssp585,zonal,prediction_error,50,cca,4.7720114375e-04
ssp585,zonal,prediction_error,51,cca,4.9371690671e-04
ssp585,zonal,prediction_error,52,cca,4.8393779189e-04
ssp585,zonal,prediction_error,53,cca,4.8067016064e-04
ssp585,zonal,prediction_error,54,cca,4.7596019070e-04
ssp585,zonal,prediction_error,55,cca,4.6723355854e-04
ssp585,zonal,prediction_error,56,cca,4.4786503627e-04
ssp585,zonal,prediction_error,57,cca,4.4873943777e-04
ssp585,zonal,prediction_error,58,cca,4.4521664536e-04
ssp585,zonal,prediction_error,59,cca,4.4810641060e-04
ssp585,zonal,prediction_error,60,cca,4.4260754499e-04
ssp585,zonal,prediction_error,61,cca,4.3693983573e-04
ssp585,zonal,prediction_error,62,cca,4.2159981393e-04
ssp585,zonal,prediction_error,63,cca,4.2752646190e-04
ssp585,zonal,prediction_error,64,cca,4.1545867852e-04
ssp585,zonal,prediction_error,65,cca,4.1327227371e-04
ssp585,zonal,prediction_error,66,cca,4.1467779547e-04
ssp585,zonal,prediction_error,67,cca,4.1557982682e-04
ssp585,zonal,prediction_error,68,cca,4.1940862930e-04
ssp585,zonal,prediction_error,69,cca,4.1249286501e-04
ssp585,zonal,prediction_error,70,cca,4.0563212360e-04
ssp585,zonal,prediction_error,71,cca,3.9313980846e-04
ssp585,zonal,prediction_error,72,cca,3.9486450275e-04
ssp585,zonal,prediction_error,73,cca,3.8329598841e-04
ssp585,zonal,prediction_error,74,cca,3.9914683046e-04
ssp585,zonal,prediction_error,75,cca,3.9578001485e-04
ssp585,zonal,prediction_error,76,cca,3.9958170759e-04
ssp585,zonal,prediction_error,77,cca,3.8976317385e-04
ssp585,zonal,prediction_error,78,cca,3.7691078841e-04
ssp585,zonal,prediction_error,79,cca,3.7158367235e-04
ssp585,zonal,prediction_error,80,cca,3.5852979002e-04
ssp585,zonal,prediction_error,81,cca,3.6619872953e-04
ssp585,zonal,prediction_error,82,cca,3.7545255619e-04
ssp585,zonal,prediction_error,83,cca,3.6931735842e-04
ssp585,zonal,prediction_error,84,cca,3.6975226142e-04
ssp585,zonal,prediction_error,85,cca,3.6125605945e-04
ssp585,zonal,prediction_error,86,cca,3.5633528855e-04
ssp585,zonal,prediction_error,87,cca,3.6076576699e-04
ssp585,zonal,prediction_error,88,cca,3.4822021445e-04
ssp585,zonal,prediction_error,89,cca,3.4008249116e-04
ssp585,zonal,prediction_error,90,cca,3.4545259516e-04
ssp585,zonal,prediction_error,91,cca,3.3647944309e-04
ssp585,zonal,prediction_error,92,cca,3.3847067017e-04
ssp585,zonal,prediction_error,93,cca,3.3558332828e-04
ssp585,zonal,prediction_error,94,cca,3.3165660640e-04
ssp585,zonal,prediction_error,95,cca,3.2996666097e-04
ssp585,zonal,prediction_error,96,cca,3.3448196591e-04
ssp585,zonal,prediction_error,97,cca,3.3011481251e-04
ssp585,zonal,prediction_error,98,cca,3.2484670717e-04
ssp585,zonal,prediction_error,99,cca,3.2905078304e-04
ssp585,zonal,prediction_error,100,cca,3.1851192143e-04
ssp585,zonal,prediction_error,101,cca,3.2035530899e-04
ssp585,zonal,prediction_error,102,cca,3.2453180417e-04
ssp585,zonal,prediction_error,103,cca,3.1581346449e-04
ssp585,zonal,prediction_error,104,cca,3.1463928403e-04
ssp585,zonal,prediction_error,105,cca,3.0766294300e-04
ssp585,zonal,prediction_error,106,cca,3.0724068154e-04
ssp585,zonal,prediction_error,107,cca,3.0726303938e-04
ssp585,zonal,prediction_error,108,cca,3.0325774702e-04
ssp585,zonal,prediction_error,109,cca,2.9681853472e-04
ssp585,zonal,prediction_error,110,cca,2.9836470530e-04
ssp585,zonal,prediction_error,111,cca,3.0103512377e-04
ssp585,zonal,prediction_error,112,cca,2.9868239878e-04
ssp585,zonal,prediction_error,113,cca,2.8889301064e-04
ssp585,zonal,prediction_error,114,cca,2.9491030868e-04
ssp585,zonal,prediction_error,115,cca,2.8943669680e-04
ssp585,zonal,prediction_error,116,cca,2.9312288069e-04
ssp585,zonal,prediction_error,117,cca,2.8302457102e-04
ssp585,zonal,prediction_error,118,cca,2.8850504473e-04
ssp585,zonal,prediction_error,119,cca,2.8201314799e-04
ssp585,zonal,prediction_error,120,cca,2.8113426856e-04
ssp585,zonal,prediction_error,121,cca,2.8196272229e-04
ssp585,zonal,prediction_error,122,cca,2.7864427739e-04
ssp585,zonal,prediction_error,123,cca,2.6927763366e-04
ssp585,zonal,prediction_error,124,cca,2.7334205051e-04
ssp585,zonal,prediction_error,125,cca,2.7296705303e-04
ssp585,zonal,prediction_error,126,cca,2.8275338751e-04
ssp585,zonal,prediction_error,127,cca,2.6698359360e-04
ssp585,zonal,prediction_error,128,cca,2.7069660794e-04
ssp585,zonal,prediction_error,129,cca,2.6921824905e-04
ssp585,zonal,prediction_error,130,cca,2.6706958594e-04
ssp585,zonal,prediction_error,131,cca,2.5966216902e-04
ssp585,zonal,prediction_error,132,cca,2.6420889564e-04
ssp585,zonal,prediction_error,133,cca,2.6324553585e-04
ssp585,zonal,prediction_error,134,cca,2.5704484712e-04
ssp585,zonal,prediction_error,135,cca,2.5796007758e-04
ssp585,zonal,prediction_error,136,cca,2.6156398496e-04
ssp585,zonal,prediction_error,137,cca,2.5348688310e-04
ssp585,zonal,prediction_error,138,cca,2.4695931206e-04
ssp585,zonal,prediction_error,139,cca,2.4369786636e-04
ssp585,zonal,prediction_error,140,cca,2.4787974657e-04
ssp585,zonal,prediction_error,141,cca,2.4766348712e-04
ssp585,zonal,prediction_error,142,cca,2.4489433435e-04
ssp585,zonal,prediction_error,143,cca,2.3740959948e-04
ssp585,zonal,prediction_error,144,cca,2.4082275095e-04
ssp585,zonal,prediction_error,145,cca,2.3528077497e-04
ssp585,zonal,prediction_error,146,cca,2.3441596349e-04
ssp585,zonal,prediction_error,147,cca,2.3089940406e-04
ssp585,zonal,prediction_error,148,cca,2.3723022695e-04
ssp585,zonal,prediction_error,149,cca,2.3788469845e-04
ssp585,zonal,prediction_error,150,cca,2.3132622983e-04
ssp585,zonal,prediction_error,151,cca,2.2770207639e-04
ssp585,zonal,prediction_error,152,cca,2.2868748934e-04
ssp585,zonal,prediction_error,153,cca,2.3161714225e-04
ssp585,zonal,prediction_error,154,cca,2.2407421708e-04
ssp585,zonal,prediction_error,155,cca,2.2330171772e-04
ssp585,zonal,prediction_error,156,cca,2.2088768554e-04
ssp585,zonal,prediction_error,157,cca,2.2299263882e-04
ssp585,zonal,prediction_error,158,cca,2.1842610452e-04
ssp585,zonal,prediction_error,159,cca,2.2320249667e-04
ssp585,zonal,prediction_error,160,cca,2.2108942475e-04
ssp585,zonal,prediction_error,161,cca,2.1262888822e-04
ssp585,zonal,prediction_error,162,cca,2.1876025454e-04
ssp585,zonal,prediction_error,163,cca,2.1441002693e-04
ssp585,zonal,prediction_error,164,cca,2.1511851140e-04
ssp585,zonal,prediction_error,165,cca,2.1150405901e-04
ssp585,zonal,prediction_error,166,cca,2.1300877898e-04
ssp585,zonal,prediction_error,167,cca,2.0886673986e-04
ssp585,zonal,prediction_error,168,cca,2.0606813267e-04
ssp585,zonal,prediction_error,169,cca,2.0799501556e-04
ssp585,zonal,prediction_error,170,cca,2.0384171905e-04
ssp585,zonal,prediction_error,171,cca,2.0510080350e-04
ssp585,zonal,prediction_error,172,cca,2.0176757977e-04
ssp585,zonal,prediction_error,173,cca,2.0103381829e-04
ssp585,zonal,prediction_error,174,cca,2.0195181533e-04
ssp585,zonal,prediction_error,175,cca,2.0105559218e-04
ssp585,zonal,prediction_error,176,cca,2.0123504381e-04
ssp585,zonal,prediction_error,177,cca,1.9793105277e-04
ssp585,zonal,prediction_error,178,cca,1.9955790302e-04
ssp585,zonal,prediction_error,179,cca,1.9362361153e-04
ssp585,zonal,prediction_error,180,cca,1.8786982442e-04
ssp585,zonal,prediction_error,181,cca,1.9003484815e-04
ssp585,zonal,prediction_error,182,cca,1.8872909500e-04
ssp585,zonal,prediction_error,183,cca,1.9094004388e-04
ssp585,zonal,prediction_error,184,cca,1.8842035540e-04
ssp585,zonal,prediction_error,185,cca,1.9229526633e-04
ssp585,zonal,prediction_error,186,cca,1.9095353272e-04
ssp585,zonal,prediction_error,187,cca,1.8581948488e-04
ssp585,zonal,prediction_error,188,cca,1.8258754097e-04
ssp585,zonal,prediction_error,189,cca,1.8322425412e-04
ssp585,zonal,prediction_error,190,cca,1.8110358892e-04
ssp585,zonal,prediction_error,191,cca,1.7959193992e-04
ssp585,zonal,prediction_error,192,cca,1.7765456637e-04
ssp585,zonal,prediction_error,193,cca,1.7596941362e-04
ssp585,zonal,prediction_error,194,cca,1.7588937310e-04
ssp585,zonal,prediction_error,195,cca,1.7646504385e-04
ssp585,zonal,prediction_error,196,cca,1.7451779098e-04
ssp585,zonal,prediction_error,197,cca,1.7575898367e-04
ssp585,zonal,prediction_error,198,cca,1.7331667246e-04
ssp585,zonal,prediction_error,199,cca,1.7270132317e-04
ssp585,zonal,prediction_error,200,cca,1.7189689970e-04
ssp585,zonal,prediction_error,201,cca,1.6880381477e-04
ssp585,zonal,prediction_error,202,cca,1.7011749791e-04
ssp585,zonal,prediction_error,203,cca,1.6496531114e-04
ssp585,zonal,prediction_error,204,cca,1.7178091142e-04
ssp585,zonal,prediction_error,205,cca,1.6809725452e-04
ssp585,zonal,prediction_error,206,cca,1.6915560869e-04
ssp585,zonal,prediction_error,207,cca,1.6357535646e-04
ssp585,zonal,prediction_error,208,cca,1.6199013781e-04
ssp585,zonal,prediction_error,209,cca,1.6158785978e-04
ssp585,zonal,prediction_error,210,cca,1.6051972731e-04
ssp585,zonal,prediction_error,211,cca,1.6160649985e-04
ssp585,zonal,prediction_error,212,cca,1.6274858695e-04
ssp585,zonal,prediction_error,213,cca,1.5504408713e-04
ssp585,zonal,prediction_error,214,cca,1.5638261981e-04
ssp585,zonal,prediction_error,215,cca,1.5592924352e-04
ssp585,zonal,prediction_error,216,cca,1.5399508833e-04
ssp585,zonal,prediction_error,217,cca,1.5430875707e-04
ssp585,zonal,prediction_error,218,cca,1.4762579616e-04
ssp585,zonal,prediction_error,219,cca,1.4744507147e-04
ssp585,zonal,prediction_error,220,cca,1.4872772420e-04
ssp585,zonal,prediction_error,221,cca,1.4728750819e-04
ssp585,zonal,prediction_error,222,cca,1.4533431783e-04
ssp585,zonal,prediction_error,223,cca,1.4961328766e-04
ssp585,zonal,prediction_error,224,cca,1.4515584169e-04
ssp585,zonal,prediction_error,225,cca,1.4764187548e-04
ssp585,zonal,prediction_error,226,cca,1.4315699338e-04
ssp585,zonal,prediction_error,227,cca,1.4690240101e-04
ssp585,zonal,prediction_error,228,cca,1.4115481162e-04
ssp585,zonal,prediction_error,229,cca,1.3896744186e-04
ssp585,zonal,prediction_error,230,cca,1.4110223266e-04
ssp585,zonal,prediction_error,231,cca,1.3730895280e-04
ssp585,zonal,prediction_error,232,cca,1.3630527481e-04
ssp585,zonal,prediction_error,233,cca,1.3806632370e-04
ssp585,zonal,prediction_error,234,cca,1.3377105825e-04
ssp585,zonal,prediction_error,235,cca,1.3445286131e-04
ssp585,zonal,prediction_error,236,cca,1.3127856817e-04
ssp585,zonal,prediction_error,237,cca,1.3024692558e-04
ssp585,zonal,prediction_error,238,cca,1.3194955900e-04
ssp585,zonal,prediction_error,239,cca,1.3061580608e-04
ssp585,zonal,prediction_error,240,cca,1.2988850157e-04
ssp585,zonal,prediction_error,241,cca,1.2998851797e-04
ssp585,zonal,prediction_error,242,cca,1.2737614835e-04
ssp585,zonal,prediction_error,243,cca,1.2762844136e-04
ssp585,zonal,prediction_error,244,cca,1.2680635997e-04
ssp585,zonal,prediction_error,245,cca,1.2434437287e-04
ssp585,zonal,prediction_error,246,cca,1.2700779632e-04
ssp585,zonal,prediction_error,247,cca,1.2358314984e-04
ssp585,zonal,prediction_error,248,cca,1.2581383536e-04
ssp585,zonal,prediction_error,249,cca,1.2300606313e-04
ssp585,zonal,prediction_error,250,cca,1.1941936983e-04
ssp585,zonal,prediction_error,251,cca,1.2165457713e-04
ssp585,zonal,prediction_error,252,cca,1.1947096769e-04
ssp585,zonal,prediction_error,253,cca,1.1625800143e-04
ssp585,zonal,prediction_error,254,cca,1.1658364936e-04
ssp585,zonal,prediction_error,255,cca,1.1653500702e-04
ssp585,zonal,prediction_error,256,cca,1.1584469646e-04
ssp585,zonal,prediction_error,257,cca,1.1442714744e-04
ssp585,zonal,prediction_error,258,cca,1.1612888297e-04
ssp585,zonal,prediction_error,259,cca,1.1434849412e-04
ssp585,zonal,prediction_error,260,cca,1.1339873849e-04
ssp585,zonal,prediction_error,261,cca,1.1518808240e-04
ssp585,zonal,prediction_error,262,cca,1.0805159405e-04
ssp585,zonal,prediction_error,263,cca,1.1359999381e-04
ssp585,zonal,prediction_error,264,cca,1.0760300742e-04
ssp585,zonal,prediction_error,265,cca,1.1011824770e-04
ssp585,zonal,prediction_error,266,cca,1.0768935144e-04
ssp585,zonal,prediction_error,267,cca,1.0831944419e-04
ssp585,zonal,prediction_error,268,cca,1.0745243633e-04
ssp585,zonal,prediction_error,269,cca,1.0649928097e-04
ssp585,zonal,prediction_error,270,cca,1.0720183734e-04
ssp585,zonal,prediction_error,271,cca,1.0454522778e-04
ssp585,zonal,prediction_error,272,cca,1.0502137667e-04
ssp585,zonal,prediction_error,273,cca,1.0515266581e-04
ssp585,zonal,prediction_error,274,cca,1.0505047547e-04
ssp585,zonal,prediction_error,275,cca,1.0280354733e-04
ssp585,zonal,prediction_error,276,cca,1.0315252385e-04
ssp585,zonal,prediction_error,277,cca,1.0167460157e-04
ssp585,zonal,prediction_error,278,cca,1.0151208908e-04
ssp585,zonal,prediction_error,279,cca,1.0050198135e-04
ssp585,zonal,prediction_error,280,cca,1.0139727828e-04
ssp585,zonal,prediction_error,281,cca,9.8810933967e-05
ssp585,zonal,prediction_error,282,cca,9.9141244443e-05
ssp585,zonal,prediction_error,283,cca,9.5379250730e-05
ssp585,zonal,prediction_error,284,cca,9.6811265869e-05
ssp585,zonal,prediction_error,285,cca,9.5546855101e-05
ssp585,zonal,prediction_error,286,cca,9.5434467193e-05
ssp585,zonal,prediction_error,287,cca,9.4478447658e-05
ssp585,zonal,prediction_error,288,cca,9.4466408340e-05
ssp585,zonal,prediction_error,289,cca,9.2785461174e-05
ssp585,zonal,prediction_error,290,cca,9.3495335067e-05
ssp585,zonal,prediction_error,291,cca,9.2351525730e-05
ssp585,zonal,prediction_error,292,cca,9.1387207274e-05
ssp585,zonal,prediction_error,293,cca,9.0676885289e-05
ssp585,zonal,prediction_error,294,cca,8.9828892979e-05
ssp585,zonal,prediction_error,295,cca,8.9396209695e-05
ssp585,zonal,prediction_error,296,cca,8.9107147663e-05
ssp585,zonal,prediction_error,297,cca,8.8504448612e-05
ssp585,zonal,prediction_error,298,cca,8.6884205869e-05
ssp585,zonal,prediction_error,299,cca,8.6732979794e-05
ssp585,zonal,prediction_error,300,cca,8.4247298488e-05
ssp585,zonal,prediction_error,301,cca,8.5531814385e-05
ssp585,zonal,prediction_error,302,cca,8.2849632414e-05
ssp585,zonal,prediction_error,303,cca,8.3043901075e-05
ssp585,zonal,prediction_error,304,cca,8.2042985238e-05
ssp585,zonal,prediction_error,305,cca,8.0620062459e-05
ssp585,zonal,prediction_error,306,cca,8.1287115588e-05
ssp585,zonal,prediction_error,307,cca,7.9212839127e-05
ssp585,zonal,prediction_error,308,cca,8.0348432091e-05
ssp585,zonal,prediction_error,309,cca,7.8736194129e-05
ssp585,zonal,prediction_error,310,cca,7.8129887519e-05
ssp585,zonal,prediction_error,311,cca,7.7662414591e-05
ssp585,zonal,prediction_error,312,cca,7.7476823376e-05
ssp585,zonal,prediction_error,313,cca,7.8188689325e-05
ssp585,zonal,prediction_error,314,cca,7.6879755584e-05
ssp585,zonal,prediction_error,315,cca,7.5106258890e-05
ssp585,zonal,prediction_error,316,cca,7.5906710642e-05
ssp585,zonal,prediction_error,317,cca,7.4247955464e-05
ssp585,zonal,prediction_error,318,cca,7.4575099099e-05
ssp585,zonal,prediction_error,319,cca,7.3340982240e-05
ssp585,zonal,prediction_error,320,cca,7.2448341321e-05
ssp585,zonal,prediction_error,321,cca,7.2018679585e-05
ssp585,zonal,prediction_error,322,cca,7.2855762284e-05
ssp585,zonal,prediction_error,323,cca,7.3197282657e-05
ssp585,zonal,prediction_error,324,cca,7.1470050966e-05
ssp585,zonal,prediction_error,325,cca,7.0627808202e-05
ssp585,zonal,prediction_error,326,cca,6.9079941233e-05
ssp585,zonal,prediction_error,327,cca,6.9628975538e-05
ssp585,zonal,prediction_error,328,cca,6.8491451728e-05
ssp585,zonal,prediction_error,329,cca,6.8141464035e-05
ssp585,zonal,prediction_error,330,cca,6.7294034431e-05
ssp585,zonal,prediction_error,331,cca,6.6088109576e-05
ssp585,zonal,prediction_error,332,cca,6.6403907395e-05
ssp585,zonal,prediction_error,333,cca,6.5689884083e-05
ssp585,zonal,prediction_error,334,cca,6.4862145605e-05
ssp585,zonal,prediction_error,335,cca,6.4572836873e-05
ssp585,zonal,prediction_error,336,cca,6.3956653406e-05
ssp585,zonal,prediction_error,337,cca,6.3778237727e-05
ssp585,zonal,prediction_error,338,cca,6.2144957880e-05
ssp585,zonal,prediction_error,339,cca,6.4147253704e-05
ssp585,zonal,prediction_error,340,cca,6.2170054246e-05
ssp585,zonal,prediction_error,341,cca,6.1785810043e-05
ssp585,zonal,prediction_error,342,cca,6.1292091868e-05
ssp585,zonal,prediction_error,343,cca,6.0752410478e-05
ssp585,zonal,prediction_error,344,cca,6.1802125514e-05
ssp585,zonal,prediction_error,345,cca,5.9809335281e-05
ssp585,zonal,prediction_error,346,cca,5.8731247077e-05
ssp585,zonal,prediction_error,347,cca,5.8313189406e-05
ssp585,zonal,prediction_error,348,cca,5.9601941449e-05
ssp585,zonal,prediction_error,349,cca,5.8772822525e-05
ssp585,zonal,prediction_error,350,cca,5.6676246145e-05
ssp585,zonal,prediction_error,351,cca,5.6450414059e-05
ssp585,zonal,prediction_error,352,cca,5.4949834111e-05
ssp585,zonal,prediction_error,353,cca,5.4589731481e-05
ssp585,zonal,prediction_error,354,cca,5.5401574245e-05
ssp585,zonal,prediction_error,355,cca,5.4802274653e-05
ssp585,zonal,prediction_error,356,cca,5.5763399181e-05
ssp585,zonal,prediction_error,357,cca,5.3364947145e-05
ssp585,zonal,prediction_error,358,cca,5.3857268707e-05
ssp585,zonal,prediction_error,359,cca,5.2355497915e-05
ssp585,zonal,prediction_error,360,cca,5.2880474960e-05
ssp585,zonal,prediction_error,361,cca,5.2303553027e-05
ssp585,zonal,prediction_error,362,cca,5.1485709404e-05
ssp585,zonal,prediction_error,363,cca,5.1189289068e-05
ssp585,zonal,prediction_error,364,cca,4.9984393007e-05
ssp585,zonal,prediction_error,365,cca,5.0936137083e-05
ssp585,zonal,prediction_error,366,cca,4.9065807573e-05
ssp585,zonal,prediction_error,367,cca,5.0076785188e-05
ssp585,zonal,prediction_error,368,cca,4.8722057673e-05
ssp585,zonal,prediction_error,369,cca,4.8541833854e-05
ssp585,zonal,prediction_error,370,cca,4.8215912241e-05
ssp585,zonal,prediction_error,371,cca,4.8627320819e-05
ssp585,zonal,prediction_error,372,cca,4.7939770287e-05
ssp585,zonal,prediction_error,373,cca,4.6677650546e-05
ssp585,zonal,prediction_error,374,cca,4.7585222162e-05
ssp585,zonal,prediction_error,375,cca,4.6565684078e-05
ssp585,zonal,prediction_error,376,cca,4.6139238036e-05
ssp585,zonal,prediction_error,377,cca,4.5445085659e-05
ssp585,zonal,prediction_error,378,cca,4.5352791131e-05
ssp585,zonal,prediction_error,379,cca,4.5071077882e-05
ssp585,zonal,prediction_error,380,cca,4.5007139495e-05
ssp585,zonal,prediction_error,381,cca,4.4661252583e-05
ssp585,zonal,prediction_error,382,cca,4.4162359503e-05
ssp585,zonal,prediction_error,383,cca,4.3521371687e-05
ssp585,zonal,prediction_error,384,cca,4.2984628437e-05
ssp585,zonal,prediction_error,385,cca,4.2559146986e-05
ssp585,zonal,prediction_error,386,cca,4.2718482402e-05
ssp585,zonal,prediction_error,387,cca,4.1305473728e-05
ssp585,zonal,prediction_error,388,cca,4.1589675041e-05
ssp585,zonal,prediction_error,389,cca,4.0438089577e-05
ssp585,zonal,prediction_error,390,cca,4.0230454889e-05
ssp585,zonal,prediction_error,391,cca,4.0128843045e-05
ssp585,zonal,prediction_error,392,cca,3.9419167474e-05
ssp585,zonal,prediction_error,393,cca,4.0207636389e-05
ssp585,zonal,prediction_error,394,cca,3.8677424888e-05
ssp585,zonal,prediction_error,395,cca,3.8373654141e-05
ssp585,zonal,prediction_error,396,cca,3.8030587053e-05
ssp585,zonal,prediction_error,397,cca,3.7992548799e-05
ssp585,zonal,prediction_error,398,cca,3.7323709527e-05
ssp585,zonal,prediction_error,399,cca,3.7583916181e-05
ssp585,zonal,prediction_error,400,cca,3.7571631091e-05
ssp585,zonal,prediction_error,401,cca,3.6749387248e-05
ssp585,zonal,prediction_error,402,cca,3.7318426240e-05
ssp585,zonal,prediction_error,403,cca,3.6287209115e-05
ssp585,zonal,prediction_error,404,cca,3.6499980923e-05
ssp585,zonal,prediction_error,405,cca,3.5591463440e-05
ssp585,zonal,prediction_error,406,cca,3.5091301627e-05
ssp585,zonal,prediction_error,407,cca,3.4706262502e-05
ssp585,zonal,prediction_error,408,cca,3.4604663759e-05
ssp585,zonal,prediction_error,409,cca,3.4654275502e-05
ssp585,zonal,prediction_error,410,cca,3.4027904235e-05
ssp585,zonal,prediction_error,411,cca,3.4116284622e-05
ssp585,zonal,prediction_error,412,cca,3.4236429896e-05
ssp585,zonal,prediction_error,413,cca,3.3476232460e-05
ssp585,zonal,prediction_error,414,cca,3.3840454773e-05
ssp585,zonal,prediction_error,415,cca,3.4052899423e-05
ssp585,zonal,prediction_error,416,cca,3.3313802032e-05
ssp585,zonal,prediction_error,417,cca,3.3118432365e-05
ssp585,zonal,prediction_error,418,cca,3.1991939921e-05
ssp585,zonal,prediction_error,419,cca,3.2736527217e-05
ssp585,zonal,prediction_error,420,cca,3.2039666763e-05
ssp585,zonal,prediction_error,421,cca,3.1585659494e-05
ssp585,zonal,prediction_error,422,cca,3.1538088545e-05
ssp585,zonal,prediction_error,423,cca,3.0955451939e-05
ssp585,zonal,prediction_error,424,cca,3.1118454089e-05
ssp585,zonal,prediction_error,425,cca,3.0390412471e-05
ssp585,zonal,prediction_error,426,cca,3.0591302624e-05
ssp585,zonal,prediction_error,427,cca,3.0056139491e-05
ssp585,zonal,prediction_error,428,cca,2.9666509282e-05
ssp585,zonal,prediction_error,429,cca,3.0103133842e-05
ssp585,zonal,prediction_error,430,cca,2.9705148716e-05
ssp585,zonal,prediction_error,431,cca,2.9315842936e-05
ssp585,zonal,prediction_error,432,cca,2.9668663840e-05
ssp585,zonal,prediction_error,433,cca,2.9157341008e-05
ssp585,zonal,prediction_error,434,cca,2.8472791828e-05
ssp585,zonal,prediction_error,435,cca,2.8653772993e-05
ssp585,zonal,prediction_error,436,cca,2.8790205715e-05
ssp585,zonal,prediction_error,437,cca,2.8235588624e-05
ssp585,spherical,prediction_error,1,unet,3.4450501553e-06
ssp585,spherical,prediction_error,2,unet,6.3011791926e-07
ssp585,spherical,prediction_error,3,unet,3.7196362200e-07
ssp585,spherical,prediction_error,4,unet,2.7488537372e-07
ssp585,spherical,prediction_error,5,unet,2.2266546092e-07
ssp585,spherical,prediction_error,6,unet,2.5553557205e-07
ssp585,spherical,prediction_error,7,unet,2.0785750311e-07
ssp585,spherical,prediction_error,8,unet,2.0402982372e-07
ssp585,spherical,prediction_error,9,unet,1.5266325915e-07
ssp585,spherical,prediction_error,10,unet,1.1188846728e-07
ssp585,spherical,prediction_error,11,unet,1.2035280798e-07
ssp585,spherical,prediction_error,12,unet,9.0000979679e-08
ssp585,spherical,prediction_error,13,unet,9.2879003332e-08
ssp585,spherical,prediction_error,14,unet,1.0318882443e-07
ssp585,spherical,prediction_error,15,unet,8.5548930980e-08
ssp585,spherical,prediction_error,16,unet,9.8263913266e-08
ssp585,spherical,prediction_error,17,unet,8.8990241492e-08
ssp585,spherical,prediction_error,18,unet,1.0162823572e-07
ssp585,spherical,prediction_error,19,unet,7.5313629210e-08
ssp585,spherical,prediction_error,20,unet,7.7413668609e-08
ssp585,spherical,prediction_error,21,unet,7.7634138504e-08
ssp585,spherical,prediction_error,22,unet,8.6149524834e-08
ssp585,spherical,prediction_error,23,unet,7.8271921990e-08
ssp585,spherical,prediction_error,24,unet,7.2920776578e-08
ssp585,spherical,prediction_error,25,unet,6.8689564832e-08
ssp585,spherical,prediction_error,26,unet,7.8957173261e-08
ssp585,spherical,prediction_error,27,unet,7.0070866593e-08
ssp585,spherical,prediction_error,28,unet,7.2186395089e-08
ssp585,spherical,prediction_error,29,unet,7.0618546773e-08
ssp585,spherical,prediction_error,30,unet,7.4636015829e-08
ssp585,spherical,prediction_error,31,unet,7.2012443423e-08
ssp585,spherical,prediction_error,32,unet,6.8720604078e-08
ssp585,spherical,prediction_error,33,unet,7.6162366167e-08
ssp585,spherical,prediction_error,34,unet,8.0012535828e-08
ssp585,spherical,prediction_error,35,unet,7.0965452878e-08
ssp585,spherical,prediction_error,36,unet,7.1682544646e-08
ssp585,spherical,prediction_error,37,unet,7.0662791483e-08
ssp585,spherical,prediction_error,38,unet,7.5390306545e-08
ssp585,spherical,prediction_error,39,unet,7.3097564772e-08
ssp585,spherical,prediction_error,40,unet,7.6668119580e-08
ssp585,spherical,prediction_error,41,unet,8.0386591589e-08
ssp585,spherical,prediction_error,42,unet,8.3961719394e-08
ssp585,spherical,prediction_error,43,unet,7.6650333736e-08
ssp585,spherical,prediction_error,44,unet,9.2756105999e-08
ssp585,spherical,prediction_error,45,unet,8.0649081804e-08
ssp585,spherical,prediction_error,46,unet,9.2308462170e-08
ssp585,spherical,prediction_error,47,unet,8.6132140215e-08
ssp585,spherical,prediction_error,48,unet,9.0371626238e-08
ssp585,spherical,prediction_error,49,unet,8.2702102102e-08
ssp585,spherical,prediction_error,50,unet,9.5835582039e-08
ssp585,spherical,prediction_error,51,unet,9.6220473042e-08
ssp585,spherical,prediction_error,52,unet,9.5128285661e-08
ssp585,spherical,prediction_error,53,unet,1.0083269186e-07
ssp585,spherical,prediction_error,54,unet,1.0558125098e-07
ssp585,spherical,prediction_error,55,unet,1.0641547772e-07
ssp585,spherical,prediction_error,56,unet,1.0344203455e-07
ssp585,spherical,prediction_error,57,unet,1.0430429803e-07
ssp585,spherical,prediction_error,58,unet,1.0766073761e-07
ssp585,spherical,prediction_error,59,unet,1.1200296881e-07
ssp585,spherical,prediction_error,60,unet,1.1168861168e-07
ssp585,spherical,prediction_error,61,unet,1.1479491190e-07
ssp585,spherical,prediction_error,62,unet,1.2234478935e-07
ssp585,spherical,prediction_error,63,unet,1.1485899517e-07
ssp585,spherical,prediction_error,64,unet,1.2603617943e-07
ssp585,spherical,prediction_error,65,unet,1.2577188117e-07
ssp585,spherical,prediction_error,66,unet,1.3208323568e-07
ssp585,spherical,prediction_error,67,unet,1.3847659330e-07
ssp585,spherical,prediction_error,68,unet,1.3738725136e-07
ssp585,spherical,prediction_error,69,unet,1.3867016221e-07
ssp585,spherical,prediction_error,70,unet,1.4296986518e-07
ssp585,spherical,prediction_error,71,unet,1.4257213615e-07
ssp585,spherical,prediction_error,72,unet,1.5124394134e-07
ssp585,spherical,prediction_error,73,unet,1.5005643796e-07
ssp585,spherical,prediction_error,74,unet,1.5859796401e-07
ssp585,spherical,prediction_error,75,unet,1.6292942450e-07
ssp585,spherical,prediction_error,76,unet,1.6127003280e-07
ssp585,spherical,prediction_error,77,unet,1.7631563894e-07
ssp585,spherical,prediction_error,78,unet,1.6923535456e-07
ssp585,spherical,prediction_error,79,unet,1.7382077230e-07
ssp585,spherical,prediction_error,80,unet,1.8074908061e-07
ssp585,spherical,prediction_error,81,unet,1.8309690513e-07
ssp585,spherical,prediction_error,82,unet,1.8987186165e-07
ssp585,spherical,prediction_error,83,unet,1.9099003482e-07
ssp585,spherical,prediction_error,84,unet,1.9689554180e-07
ssp585,spherical,prediction_error,85,unet,2.0494909291e-07
ssp585,spherical,prediction_error,86,unet,2.0561340516e-07
ssp585,spherical,prediction_error,87,unet,2.0821341688e-07
ssp585,spherical,prediction_error,88,unet,2.1976056249e-07
ssp585,spherical,prediction_error,89,unet,2.2132658879e-07
ssp585,spherical,prediction_error,90,unet,2.3172720190e-07
ssp585,spherical,prediction_error,91,unet,2.3308094823e-07
ssp585,spherical,prediction_error,92,unet,2.3823094398e-07
ssp585,spherical,prediction_error,93,unet,2.4017895177e-07
ssp585,spherical,prediction_error,94,unet,2.5002452861e-07
ssp585,spherical,prediction_error,95,unet,2.5139845651e-07
ssp585,spherical,prediction_error,96,unet,2.6318909589e-07
ssp585,spherical,prediction_error,97,unet,2.6441000092e-07
ssp585,spherical,prediction_error,98,unet,2.7373992897e-07
ssp585,spherical,prediction_error,99,unet,2.7891655487e-07
ssp585,spherical,prediction_error,100,unet,2.8711377156e-07
ssp585,spherical,prediction_error,101,unet,2.8774094469e-07
ssp585,spherical,prediction_error,102,unet,2.9679497751e-07
ssp585,spherical,prediction_error,103,unet,3.0925200146e-07
ssp585,spherical,prediction_error,104,unet,3.1440355848e-07
ssp585,spherical,prediction_error,105,unet,3.2185959947e-07
ssp585,spherical,prediction_error,106,unet,3.3502851685e-07
ssp585,spherical,prediction_error,107,unet,3.4204150362e-07
ssp585,spherical,prediction_error,108,unet,3.4969265892e-07
ssp585,spherical,prediction_error,109,unet,3.5211438172e-07
ssp585,spherical,prediction_error,110,unet,3.5572092544e-07
ssp585,spherical,prediction_error,111,unet,3.6879845454e-07
ssp585,spherical,prediction_error,112,unet,3.8351883255e-07
ssp585,spherical,prediction_error,113,unet,3.9044034305e-07
ssp585,spherical,prediction_error,114,unet,3.9749884559e-07
ssp585,spherical,prediction_error,115,unet,4.1159327015e-07
ssp585,spherical,prediction_error,116,unet,4.1825867781e-07
ssp585,spherical,prediction_error,117,unet,4.2365103441e-07
ssp585,spherical,prediction_error,118,unet,4.3638716762e-07
ssp585,spherical,prediction_error,119,unet,4.5259153053e-07
ssp585,spherical,prediction_error,120,unet,4.5419707754e-07
ssp585,spherical,prediction_error,121,unet,4.6111779319e-07
ssp585,spherical,prediction_error,122,unet,4.7463744233e-07
ssp585,spherical,prediction_error,123,unet,4.8357934008e-07
ssp585,spherical,prediction_error,124,unet,5.0428165735e-07
ssp585,spherical,prediction_error,125,unet,5.0939380543e-07
ssp585,spherical,prediction_error,126,unet,5.2606278947e-07
ssp585,spherical,prediction_error,127,unet,5.3040391307e-07
ssp585,spherical,prediction_error,128,unet,5.4311895171e-07
ssp585,spherical,prediction_error,129,unet,5.5940824269e-07
ssp585,spherical,prediction_error,130,unet,5.7715511321e-07
ssp585,spherical,prediction_error,131,unet,5.8390624138e-07
ssp585,spherical,prediction_error,132,unet,6.0862732820e-07
ssp585,spherical,prediction_error,133,unet,6.1686252826e-07
ssp585,spherical,prediction_error,134,unet,6.3486712301e-07
ssp585,spherical,prediction_error,135,unet,6.4482373435e-07
ssp585,spherical,prediction_error,136,unet,6.5774263454e-07
ssp585,spherical,prediction_error,137,unet,6.7312333156e-07
ssp585,spherical,prediction_error,138,unet,6.9571717003e-07
ssp585,spherical,prediction_error,139,unet,7.0031582103e-07
ssp585,spherical,prediction_error,140,unet,7.0207638263e-07
ssp585,spherical,prediction_error,141,unet,7.3453550386e-07
ssp585,spherical,prediction_error,142,unet,7.5061706467e-07
ssp585,spherical,prediction_error,143,unet,7.6595826704e-07
ssp585,spherical,prediction_error,144,unet,7.7247055757e-07
ssp585,spherical,prediction_error,145,unet,8.0045782939e-07
ssp585,spherical,prediction_error,146,unet,8.3409023380e-07
ssp585,spherical,prediction_error,147,unet,8.3372701563e-07
ssp585,spherical,prediction_error,148,unet,8.6054884540e-07
ssp585,spherical,prediction_error,149,unet,8.8666554019e-07
ssp585,spherical,prediction_error,150,unet,9.0134728841e-07
ssp585,spherical,prediction_error,151,unet,9.2357381413e-07
ssp585,spherical,prediction_error,152,unet,9.4375844296e-07
ssp585,spherical,prediction_error,153,unet,9.4945835536e-07
ssp585,spherical,prediction_error,154,unet,9.7793445665e-07
ssp585,spherical,prediction_error,155,unet,9.9167925003e-07
ssp585,spherical,prediction_error,156,unet,1.0003053956e-06
ssp585,spherical,prediction_error,157,unet,1.0265398494e-06
ssp585,spherical,prediction_error,158,unet,1.0392584900e-06
ssp585,spherical,prediction_error,159,unet,1.0753352212e-06
ssp585,spherical,prediction_error,160,unet,1.0990381369e-06
ssp585,spherical,prediction_error,161,unet,1.1200030063e-06
ssp585,spherical,prediction_error,162,unet,1.1282941938e-06
ssp585,spherical,prediction_error,163,unet,1.1478525924e-06
ssp585,spherical,prediction_error,164,unet,1.1862879752e-06
ssp585,spherical,prediction_error,165,unet,1.1863700259e-06
ssp585,spherical,prediction_error,166,unet,1.2214541014e-06
ssp585,spherical,prediction_error,167,unet,1.2368636530e-06
ssp585,spherical,prediction_error,168,unet,1.2700431794e-06
ssp585,spherical,prediction_error,169,unet,1.2683721232e-06
ssp585,spherical,prediction_error,170,unet,1.2833133998e-06
ssp585,spherical,prediction_error,171,unet,1.3098148904e-06
ssp585,spherical,prediction_error,172,unet,1.3539230866e-06
ssp585,spherical,prediction_error,173,unet,1.3787024674e-06
ssp585,spherical,prediction_error,174,unet,1.3903906178e-06
ssp585,spherical,prediction_error,175,unet,1.4146411114e-06
ssp585,spherical,prediction_error,176,unet,1.4517097790e-06
ssp585,spherical,prediction_error,177,unet,1.4547326712e-06
ssp585,spherical,prediction_error,178,unet,1.4854344983e-06
ssp585,spherical,prediction_error,179,unet,1.5030046591e-06
ssp585,spherical,prediction_error,180,unet,1.5119406397e-06
ssp585,spherical,prediction_error,181,unet,1.5616691928e-06
ssp585,spherical,prediction_error,182,unet,1.5631367801e-06
ssp585,spherical,prediction_error,183,unet,1.6082573576e-06
ssp585,spherical,prediction_error,184,unet,1.5922240067e-06
ssp585,spherical,prediction_error,185,unet,1.6500853074e-06
ssp585,spherical,prediction_error,186,unet,1.6533632709e-06
ssp585,spherical,prediction_error,187,unet,1.6823882701e-06
ssp585,spherical,prediction_error,188,unet,1.6821412318e-06
ssp585,spherical,prediction_error,189,unet,1.7084271850e-06
ssp585,spherical,prediction_error,190,unet,1.7483709712e-06
ssp585,spherical,prediction_error,191,unet,1.7548734263e-06
ssp585,spherical,prediction_error,192,unet,1.7871048134e-06
ssp585,spherical,prediction_error,193,unet,1.8021591854e-06
ssp585,spherical,prediction_error,194,unet,1.8127654334e-06
ssp585,spherical,prediction_error,195,unet,1.8128948436e-06
ssp585,spherical,prediction_error,196,unet,1.8526165602e-06
ssp585,spherical,prediction_error,197,unet,1.8986706573e-06
ssp585,spherical,prediction_error,198,unet,1.8916057610e-06
ssp585,spherical,prediction_error,199,unet,1.9215998509e-06
ssp585,spherical,prediction_error,200,unet,1.9228629097e-06
ssp585,spherical,prediction_error,201,unet,1.9229042502e-06
ssp585,spherical,prediction_error,202,unet,1.9348159389e-06
ssp585,spherical,prediction_error,203,unet,1.9876868074e-06
ssp585,spherical,prediction_error,204,unet,1.9679608086e-06
ssp585,spherical,prediction_error,205,unet,1.9928526757e-06
ssp585,spherical,prediction_error,206,unet,2.0050014867e-06
ssp585,spherical,prediction_error,207,unet,2.0392277921e-06
ssp585,spherical,prediction_error,208,unet,2.0137001282e-06
ssp585,spherical,prediction_error,209,unet,2.0536339716e-06
ssp585,spherical,prediction_error,210,unet,2.0491032757e-06
ssp585,spherical,prediction_error,211,unet,2.0958958390e-06
ssp585,spherical,prediction_error,212,unet,2.0619869486e-06
ssp585,spherical,prediction_error,213,unet,2.0605482172e-06
ssp585,spherical,prediction_error,214,unet,2.0805060262e-06
ssp585,spherical,prediction_error,215,unet,2.0843405369e-06
ssp585,spherical,prediction_error,216,unet,2.0895689015e-06
ssp585,spherical,prediction_error,217,unet,2.1163375140e-06
ssp585,spherical,prediction_error,218,unet,2.1056460850e-06
ssp585,spherical,prediction_error,219,unet,2.1115182170e-06
ssp585,spherical,prediction_error,220,unet,2.1167459331e-06
ssp585,spherical,prediction_error,221,unet,2.1381712796e-06
ssp585,spherical,prediction_error,222,unet,2.1335471472e-06
ssp585,spherical,prediction_error,223,unet,2.1438775331e-06
ssp585,spherical,prediction_error,224,unet,2.1344599334e-06
ssp585,spherical,prediction_error,225,unet,2.1511011379e-06
ssp585,spherical,prediction_error,226,unet,2.1449006043e-06
ssp585,spherical,prediction_error,227,unet,2.1644235362e-06
ssp585,spherical,prediction_error,228,unet,2.1580321316e-06
ssp585,spherical,prediction_error,229,unet,2.1635270326e-06
ssp585,spherical,prediction_error,230,unet,2.1664864479e-06
ssp585,spherical,prediction_error,231,unet,2.1657273723e-06
ssp585,spherical,prediction_error,232,unet,2.1749180804e-06
ssp585,spherical,prediction_error,233,unet,2.1890932508e-06
ssp585,spherical,prediction_error,234,unet,2.1834841713e-06
ssp585,spherical,prediction_error,235,unet,2.1935821867e-06
ssp585,spherical,prediction_error,236,unet,2.2084939600e-06
ssp585,spherical,prediction_error,237,unet,2.1719667208e-06
ssp585,spherical,prediction_error,238,unet,2.1913915712e-06
ssp585,spherical,prediction_error,239,unet,2.1544927230e-06
ssp585,spherical,prediction_error,240,unet,2.1702749048e-06
ssp585,spherical,prediction_error,241,unet,2.1786615506e-06
ssp585,spherical,prediction_error,242,unet,2.1684214945e-06
ssp585,spherical,prediction_error,243,unet,2.1649249244e-06
ssp585,spherical,prediction_error,244,unet,2.1704867537e-06
ssp585,spherical,prediction_error,245,unet,2.1725971304e-06
ssp585,spherical,prediction_error,246,unet,2.1736932595e-06
ssp585,spherical,prediction_error,247,unet,2.1734010046e-06
ssp585,spherical,prediction_error,248,unet,2.1563899796e-06
ssp585,spherical,prediction_error,249,unet,2.1478846726e-06
ssp585,spherical,prediction_error,250,unet,2.1652142482e-06
ssp585,spherical,prediction_error,251,unet,2.1395692049e-06
ssp585,spherical,prediction_error,252,unet,2.1446072767e-06
ssp585,spherical,prediction_error,253,unet,2.1460901767e-06
ssp585,spherical,prediction_error,254,unet,2.1370251911e-06
ssp585,spherical,prediction_error,255,unet,2.1328209043e-06
ssp585,spherical,prediction_error,256,unet,2.1022813823e-06
ssp585,spherical,prediction_error,257,unet,2.1098030127e-06
ssp585,spherical,prediction_error,258,unet,2.1077432074e-06
ssp585,spherical,prediction_error,259,unet,2.0936312295e-06
ssp585,spherical,prediction_error,260,unet,2.0802727542e-06
ssp585,spherical,prediction_error,261,unet,2.0880341062e-06
ssp585,spherical,prediction_error,262,unet,2.0864632217e-06
ssp585,spherical,prediction_error,263,unet,2.0676955857e-06
ssp585,spherical,prediction_error,264,unet,2.0715025144e-06
ssp585,spherical,prediction_error,265,unet,2.0730719644e-06
ssp585,spherical,prediction_error,266,unet,2.0556445414e-06
ssp585,spherical,prediction_error,267,unet,2.0523252709e-06
ssp585,spherical,prediction_error,268,unet,2.0519941553e-06
ssp585,spherical,prediction_error,269,unet,2.0521104895e-06
ssp585,spherical,prediction_error,270,unet,2.0289748794e-06
ssp585,spherical,prediction_error,271,unet,2.0246301037e-06
ssp585,spherical,prediction_error,272,unet,2.0172963324e-06
ssp585,spherical,prediction_error,273,unet,2.0246005119e-06
ssp585,spherical,prediction_error,274,unet,2.0009485587e-06
ssp585,spherical,prediction_error,275,unet,1.9848825798e-06
ssp585,spherical,prediction_error,276,unet,2.0037018390e-06
ssp585,spherical,prediction_error,277,unet,1.9985626573e-06
ssp585,spherical,prediction_error,278,unet,1.9939291684e-06
ssp585,spherical,prediction_error,279,unet,1.9861176544e-06
ssp585,spherical,prediction_error,280,unet,1.9845517633e-06
ssp585,spherical,prediction_error,281,unet,1.9565788113e-06
ssp585,spherical,prediction_error,282,unet,1.9492240862e-06
ssp585,spherical,prediction_error,283,unet,1.9370413050e-06
ssp585,spherical,prediction_error,284,unet,1.9336647540e-06
ssp585,spherical,prediction_error,285,unet,1.9477813795e-06
ssp585,spherical,prediction_error,286,unet,1.9329980917e-06
ssp585,spherical,prediction_error,287,unet,1.9125850615e-06
ssp585,spherical,prediction_error,288,unet,1.9182645755e-06
ssp585,spherical,prediction_error,289,unet,1.9172366896e-06
ssp585,spherical,prediction_error,290,unet,1.8957906911e-06
ssp585,spherical,prediction_error,291,unet,1.8875340431e-06
ssp585,spherical,prediction_error,292,unet,1.8941810522e-06
ssp585,spherical,prediction_error,293,unet,1.8829894278e-06
ssp585,spherical,prediction_error,294,unet,1.8645608979e-06
ssp585,spherical,prediction_error,295,unet,1.8660738432e-06
ssp585,spherical,prediction_error,296,unet,1.8694596091e-06
ssp585,spherical,prediction_error,297,unet,1.8436242854e-06
ssp585,spherical,prediction_error,298,unet,1.8212347322e-06
ssp585,spherical,prediction_error,299,unet,1.8335309004e-06
ssp585,spherical,prediction_error,300,unet,1.8264819689e-06
ssp585,spherical,prediction_error,301,unet,1.8183457470e-06
ssp585,spherical,prediction_error,302,unet,1.7861538233e-06
ssp585,spherical,prediction_error,303,unet,1.8013942866e-06
ssp585,spherical,prediction_error,304,unet,1.7679144625e-06
ssp585,spherical,prediction_error,305,unet,1.7787865557e-06
ssp585,spherical,prediction_error,306,unet,1.7601063498e-06
ssp585,spherical,prediction_error,307,unet,1.7740746640e-06
ssp585,spherical,prediction_error,308,unet,1.7541151145e-06
ssp585,spherical,prediction_error,309,unet,1.7534599671e-06
ssp585,spherical,prediction_error,310,unet,1.7483150613e-06
ssp585,spherical,prediction_error,311,unet,1.7329255375e-06
ssp585,spherical,prediction_error,312,unet,1.7260278529e-06
ssp585,spherical,prediction_error,313,unet,1.7238246525e-06
ssp585,spherical,prediction_error,314,unet,1.7171799161e-06
ssp585,spherical,prediction_error,315,unet,1.7061346563e-06
ssp585,spherical,prediction_error,316,unet,1.6992140880e-06
ssp585,spherical,prediction_error,317,unet,1.6878269623e-06
ssp585,spherical,prediction_error,318,unet,1.6784393139e-06
ssp585,spherical,prediction_error,319,unet,1.6820501864e-06
ssp585,spherical,prediction_error,320,unet,1.6825647805e-06
ssp585,spherical,prediction_error,321,unet,1.6638928839e-06
ssp585,spherical,prediction_error,322,unet,1.6423234948e-06
ssp585,spherical,prediction_error,323,unet,1.6402514411e-06
ssp585,spherical,prediction_error,324,unet,1.6351001698e-06
ssp585,spherical,prediction_error,325,unet,1.6160399272e-06
ssp585,spherical,prediction_error,326,unet,1.6321267627e-06
ssp585,spherical,prediction_error,327,unet,1.6066181013e-06
ssp585,spherical,prediction_error,328,unet,1.6114743070e-06
ssp585,spherical,prediction_error,329,unet,1.5968259225e-06
ssp585,spherical,prediction_error,330,unet,1.5873095423e-06
ssp585,spherical,prediction_error,331,unet,1.5746940792e-06
ssp585,spherical,prediction_error,332,unet,1.5670316646e-06
ssp585,spherical,prediction_error,333,unet,1.5654214893e-06
ssp585,spherical,prediction_error,334,unet,1.5558267956e-06
ssp585,spherical,prediction_error,335,unet,1.5678652740e-06
ssp585,spherical,prediction_error,336,unet,1.5361640858e-06
ssp585,spherical,prediction_error,337,unet,1.5436499567e-06
ssp585,spherical,prediction_error,338,unet,1.5300482548e-06
ssp585,spherical,prediction_error,339,unet,1.5221767293e-06
ssp585,spherical,prediction_error,340,unet,1.5134262672e-06
ssp585,spherical,prediction_error,341,unet,1.5004527169e-06
ssp585,spherical,prediction_error,342,unet,1.4870986114e-06
ssp585,spherical,prediction_error,343,unet,1.4882512204e-06
ssp585,spherical,prediction_error,344,unet,1.4893631627e-06
ssp585,spherical,prediction_error,345,unet,1.4784330123e-06
ssp585,spherical,prediction_error,346,unet,1.4616978691e-06
ssp585,spherical,prediction_error,347,unet,1.4612780801e-06
ssp585,spherical,prediction_error,348,unet,1.4471938472e-06
ssp585,spherical,prediction_error,349,unet,1.4584557224e-06
ssp585,spherical,prediction_error,350,unet,1.4418658679e-06
ssp585,spherical,prediction_error,351,unet,1.4315534737e-06
ssp585,spherical,prediction_error,352,unet,1.4356621827e-06
ssp585,spherical,prediction_error,353,unet,1.4193186459e-06
ssp585,spherical,prediction_error,354,unet,1.4122736646e-06
ssp585,spherical,prediction_error,355,unet,1.4161244315e-06
ssp585,spherical,prediction_error,356,unet,1.4067894287e-06
ssp585,spherical,prediction_error,357,unet,1.4031198716e-06
ssp585,spherical,prediction_error,358,unet,1.3878243905e-06
ssp585,spherical,prediction_error,359,unet,1.3844839958e-06
ssp585,spherical,prediction_error,360,unet,1.3783585389e-06
ssp585,spherical,prediction_error,361,unet,1.3639932589e-06
ssp585,spherical,prediction_error,362,unet,1.3627476906e-06
ssp585,spherical,prediction_error,363,unet,1.3529394539e-06
ssp585,spherical,prediction_error,364,unet,1.3411965543e-06
ssp585,spherical,prediction_error,365,unet,1.3500777042e-06
ssp585,spherical,prediction_error,366,unet,1.3414506533e-06
ssp585,spherical,prediction_error,367,unet,1.3321237779e-06
ssp585,spherical,prediction_error,368,unet,1.3277861459e-06
ssp585,spherical,prediction_error,369,unet,1.3174123662e-06
ssp585,spherical,prediction_error,370,unet,1.3206678243e-06
ssp585,spherical,prediction_error,371,unet,1.3057062122e-06
ssp585,spherical,prediction_error,372,unet,1.2964118205e-06
ssp585,spherical,prediction_error,373,unet,1.2984570603e-06
ssp585,spherical,prediction_error,374,unet,1.2840012218e-06
ssp585,spherical,prediction_error,375,unet,1.2802399693e-06
ssp585,spherical,prediction_error,376,unet,1.2789509133e-06
ssp585,spherical,prediction_error,377,unet,1.2707912031e-06
ssp585,spherical,prediction_error,378,unet,1.2576983794e-06
ssp585,spherical,prediction_error,379,unet,1.2534282144e-06
ssp585,spherical,prediction_error,380,unet,1.2548313395e-06
ssp585,spherical,prediction_error,381,unet,1.2529805839e-06
ssp585,spherical,prediction_error,382,unet,1.2364193836e-06
ssp585,spherical,prediction_error,383,unet,1.2309239047e-06
ssp585,spherical,prediction_error,384,unet,1.2315919076e-06
ssp585,spherical,prediction_error,385,unet,1.2159164699e-06
ssp585,spherical,prediction_error,386,unet,1.2041485691e-06
ssp585,spherical,prediction_error,387,unet,1.2168305377e-06
ssp585,spherical,prediction_error,388,unet,1.2052261455e-06
ssp585,spherical,prediction_error,389,unet,1.2048900533e-06
ssp585,spherical,prediction_error,390,unet,1.1958313492e-06
ssp585,spherical,prediction_error,391,unet,1.1860125633e-06
ssp585,spherical,prediction_error,392,unet,1.1815895797e-06
ssp585,spherical,prediction_error,393,unet,1.1824081066e-06
ssp585,spherical,prediction_error,394,unet,1.1730347474e-06
ssp585,spherical,prediction_error,395,unet,1.1662757306e-06
ssp585,spherical,prediction_error,396,unet,1.1635187282e-06
ssp585,spherical,prediction_error,397,unet,1.1659636125e-06
ssp585,spherical,prediction_error,398,unet,1.1548267657e-06
ssp585,spherical,prediction_error,399,unet,1.1521042543e-06
ssp585,spherical,prediction_error,400,unet,1.1432503406e-06
ssp585,spherical,prediction_error,401,unet,1.1401231785e-06
ssp585,spherical,prediction_error,402,unet,1.1260146195e-06
ssp585,spherical,prediction_error,403,unet,1.1255314625e-06
ssp585,spherical,prediction_error,404,unet,1.1229813816e-06
ssp585,spherical,prediction_error,405,unet,1.1134754336e-06
ssp585,spherical,prediction_error,406,unet,1.1159218448e-06
ssp585,spherical,prediction_error,407,unet,1.1089219338e-06
ssp585,spherical,prediction_error,408,unet,1.1022242217e-06
ssp585,spherical,prediction_error,409,unet,1.0924558198e-06
ssp585,spherical,prediction_error,410,unet,1.0904557354e-06
ssp585,spherical,prediction_error,411,unet,1.0903869433e-06
ssp585,spherical,prediction_error,412,unet,1.0789085844e-06
ssp585,spherical,prediction_error,413,unet,1.0719116356e-06
ssp585,spherical,prediction_error,414,unet,1.0680505427e-06
ssp585,spherical,prediction_error,415,unet,1.0618556316e-06
ssp585,spherical,prediction_error,416,unet,1.0612807258e-06
ssp585,spherical,prediction_error,417,unet,1.0598629819e-06
ssp585,spherical,prediction_error,418,unet,1.0510373955e-06
ssp585,spherical,prediction_error,419,unet,1.0434006710e-06
ssp585,spherical,prediction_error,420,unet,1.0406027728e-06
ssp585,spherical,prediction_error,421,unet,1.0309070718e-06
ssp585,spherical,prediction_error,422,unet,1.0331534734e-06
ssp585,spherical,prediction_error,423,unet,1.0216539873e-06
ssp585,spherical,prediction_error,424,unet,1.0208273994e-06
ssp585,spherical,prediction_error,425,unet,1.0191315854e-06
ssp585,spherical,prediction_error,426,unet,1.0152288694e-06
ssp585,zonal,prediction_error,1,unet,2.2935423349e-04
ssp585,zonal,prediction_error,2,unet,2.2929876169e-04
ssp585,zonal,prediction_error,3,unet,2.2755608659e-04
ssp585,zonal,prediction_error,4,unet,2.2708885988e-04
ssp585,zonal,prediction_error,5,unet,2.2373829657e-04
ssp585,zonal,prediction_error,6,unet,2.1982847016e-04
ssp585,zonal,prediction_error,7,unet,2.1858654667e-04
ssp585,zonal,prediction_error,8,unet,2.1800670878e-04
ssp585,zonal,prediction_error,9,unet,2.1743928760e-04
ssp585,zonal,prediction_error,10,unet,2.1757986120e-04
ssp585,zonal,prediction_error,11,unet,2.1800732775e-04
ssp585,zonal,prediction_error,12,unet,2.1085925098e-04
ssp585,zonal,prediction_error,13,unet,2.0897723003e-04
ssp585,zonal,prediction_error,14,unet,2.0731821357e-04
ssp585,zonal,prediction_error,15,unet,2.0480356780e-04
ssp585,zonal,prediction_error,16,unet,2.0296361113e-04
ssp585,zonal,prediction_error,17,unet,2.0058582293e-04
ssp585,zonal,prediction_error,18,unet,2.0169259696e-04
ssp585,zonal,prediction_error,19,unet,2.0037822481e-04
ssp585,zonal,prediction_error,20,unet,1.9715889388e-04
ssp585,zonal,prediction_error,21,unet,1.9262112805e-04
ssp585,zonal,prediction_error,22,unet,1.9182161919e-04
ssp585,zonal,prediction_error,23,unet,1.8968539695e-04
ssp585,zonal,prediction_error,24,unet,1.8973408555e-04
ssp585,zonal,prediction_error,25,unet,1.8694756211e-04
ssp585,zonal,prediction_error,26,unet,1.8530649573e-04
ssp585,zonal,prediction_error,27,unet,1.8558686304e-04
ssp585,zonal,prediction_error,28,unet,1.8246116077e-04
ssp585,zonal,prediction_error,29,unet,1.8317972833e-04
ssp585,zonal,prediction_error,30,unet,1.8050441297e-04
ssp585,zonal,prediction_error,31,unet,1.7850569480e-04
ssp585,zonal,prediction_error,32,unet,1.7658945315e-04
ssp585,zonal,prediction_error,33,unet,1.7414065503e-04
ssp585,zonal,prediction_error,34,unet,1.7109707879e-04
ssp585,zonal,prediction_error,35,unet,1.7237762499e-04
ssp585,zonal,prediction_error,36,unet,1.6857689836e-04
ssp585,zonal,prediction_error,37,unet,1.6647426470e-04
ssp585,zonal,prediction_error,38,unet,1.6588598293e-04
ssp585,zonal,prediction_error,39,unet,1.6415211981e-04
ssp585,zonal,prediction_error,40,unet,1.6208892952e-04
ssp585,zonal,prediction_error,41,unet,1.6062106126e-04
ssp585,zonal,prediction_error,42,unet,1.5839419317e-04
ssp585,zonal,prediction_error,43,unet,1.5888501296e-04
ssp585,zonal,prediction_error,44,unet,1.5743010626e-04
ssp585,zonal,prediction_error,45,unet,1.5663261692e-04
ssp585,zonal,prediction_error,46,unet,1.5442930307e-04
ssp585,zonal,prediction_error,47,unet,1.5337753078e-04
ssp585,zonal,prediction_error,48,unet,1.5099965138e-04
ssp585,zonal,prediction_error,49,unet,1.4962938052e-04
ssp585,zonal,prediction_error,50,unet,1.4960788920e-04
ssp585,zonal,prediction_error,51,unet,1.5000553477e-04
ssp585,zonal,prediction_error,52,unet,1.4957497807e-04
ssp585,zonal,prediction_error,53,unet,1.4616260334e-04
ssp585,zonal,prediction_error,54,unet,1.4503662392e-04
ssp585,zonal,prediction_error,55,unet,1.4407179826e-04
ssp585,zonal,prediction_error,56,unet,1.4252124380e-04
ssp585,zonal,prediction_error,57,unet,1.3996336563e-04
ssp585,zonal,prediction_error,58,unet,1.4027681232e-04
ssp585,zonal,prediction_error,59,unet,1.3896331632e-04
ssp585,zonal,prediction_error,60,unet,1.3709910050e-04
ssp585,zonal,prediction_error,61,unet,1.3526909841e-04
ssp585,zonal,prediction_error,62,unet,1.3388435435e-04
ssp585,zonal,prediction_error,63,unet,1.3245292170e-04
ssp585,zonal,prediction_error,64,unet,1.3361979478e-04
ssp585,zonal,prediction_error,65,unet,1.3137051924e-04
ssp585,zonal,prediction_error,66,unet,1.3113624935e-04
ssp585,zonal,prediction_error,67,unet,1.2957341055e-04
ssp585,zonal,prediction_error,68,unet,1.2839716853e-04
ssp585,zonal,prediction_error,69,unet,1.2697484470e-04
ssp585,zonal,prediction_error,70,unet,1.2645649288e-04
ssp585,zonal,prediction_error,71,unet,1.2425017919e-04
ssp585,zonal,prediction_error,72,unet,1.2439377101e-04
ssp585,zonal,prediction_error,73,unet,1.2304510691e-04
ssp585,zonal,prediction_error,74,unet,1.2298540608e-04
ssp585,zonal,prediction_error,75,unet,1.2060239673e-04
ssp585,zonal,prediction_error,76,unet,1.2047690941e-04
ssp585,zonal,prediction_error,77,unet,1.1909556796e-04
ssp585,zonal,prediction_error,78,unet,1.1879965346e-04
ssp585,zonal,prediction_error,79,unet,1.1771885828e-04
ssp585,zonal,prediction_error,80,unet,1.1670780231e-04
ssp585,zonal,prediction_error,81,unet,1.1580746862e-04
ssp585,zonal,prediction_error,82,unet,1.1538648011e-04
ssp585,zonal,prediction_error,83,unet,1.1384701193e-04
ssp585,zonal,prediction_error,84,unet,1.1274905963e-04
ssp585,zonal,prediction_error,85,unet,1.1141584422e-04
ssp585,zonal,prediction_error,86,unet,1.1103323719e-04
ssp585,zonal,prediction_error,87,unet,1.1011340647e-04
ssp585,zonal,prediction_error,88,unet,1.0934969511e-04
ssp585,zonal,prediction_error,89,unet,1.0762328877e-04
ssp585,zonal,prediction_error,90,unet,1.0747431555e-04
ssp585,zonal,prediction_error,91,unet,1.0737709537e-04
ssp585,zonal,prediction_error,92,unet,1.0544269601e-04
ssp585,zonal,prediction_error,93,unet,1.0491164219e-04
ssp585,zonal,prediction_error,94,unet,1.0359220787e-04
ssp585,zonal,prediction_error,95,unet,1.0299223369e-04
ssp585,zonal,prediction_error,96,unet,1.0289528527e-04
ssp585,zonal,prediction_error,97,unet,1.0206067185e-04
ssp585,zonal,prediction_error,98,unet,1.0224993680e-04
ssp585,zonal,prediction_error,99,unet,1.0138252813e-04
ssp585,zonal,prediction_error,100,unet,1.0049968085e-04
ssp585,zonal,prediction_error,101,unet,9.9464350632e-05
ssp585,zonal,prediction_error,102,unet,9.8838733999e-05
ssp585,zonal,prediction_error,103,unet,9.7951491306e-05
ssp585,zonal,prediction_error,104,unet,9.8065875831e-05
ssp585,zonal,prediction_error,105,unet,9.7020301040e-05
ssp585,zonal,prediction_error,106,unet,9.5958818826e-05
ssp585,zonal,prediction_error,107,unet,9.4384246881e-05
ssp585,zonal,prediction_error,108,unet,9.5473404143e-05
ssp585,zonal,prediction_error,109,unet,9.4134136193e-05
ssp585,zonal,prediction_error,110,unet,9.3547552587e-05
ssp585,zonal,prediction_error,111,unet,9.3289995859e-05
ssp585,zonal,prediction_error,112,unet,9.4487474738e-05
ssp585,zonal,prediction_error,113,unet,9.1901143122e-05
ssp585,zonal,prediction_error,114,unet,9.1729987969e-05
ssp585,zonal,prediction_error,115,unet,9.1888713122e-05
ssp585,zonal,prediction_error,116,unet,9.0852191103e-05
ssp585,zonal,prediction_error,117,unet,8.9305514739e-05
ssp585,zonal,prediction_error,118,unet,8.9161543380e-05
ssp585,zonal,prediction_error,119,unet,8.9345175539e-05
ssp585,zonal,prediction_error,120,unet,8.8287014782e-05
ssp585,zonal,prediction_error,121,unet,8.8048345200e-05
ssp585,zonal,prediction_error,122,unet,8.7921213516e-05
ssp585,zonal,prediction_error,123,unet,8.7959557790e-05
ssp585,zonal,prediction_error,124,unet,8.6189375928e-05
ssp585,zonal,prediction_error,125,unet,8.6227577375e-05
ssp585,zonal,prediction_error,126,unet,8.5366626838e-05
ssp585,zonal,prediction_error,127,unet,8.4553759706e-05
ssp585,zonal,prediction_error,128,unet,8.4312033171e-05
ssp585,zonal,prediction_error,129,unet,8.3830824689e-05
ssp585,zonal,prediction_error,130,unet,8.3190308989e-05
ssp585,zonal,prediction_error,131,unet,8.2782056880e-05
ssp585,zonal,prediction_error,132,unet,8.3149365202e-05
ssp585,zonal,prediction_error,133,unet,8.2927438985e-05
ssp585,zonal,prediction_error,134,unet,8.2673013198e-05
ssp585,zonal,prediction_error,135,unet,8.2433183461e-05
ssp585,zonal,prediction_error,136,unet,8.1937392204e-05
ssp585,zonal,prediction_error,137,unet,8.1907842421e-05
ssp585,zonal,prediction_error,138,unet,8.1127980105e-05
ssp585,zonal,prediction_error,139,unet,8.0865812176e-05
ssp585,zonal,prediction_error,140,unet,8.0180598650e-05
ssp585,zonal,prediction_error,141,unet,8.0088804732e-05
ssp585,zonal,prediction_error,142,unet,7.9217181596e-05
ssp585,zonal,prediction_error,143,unet,7.9734414563e-05
ssp585,zonal,prediction_error,144,unet,7.9602985703e-05
ssp585,zonal,prediction_error,145,unet,7.9729789577e-05
ssp585,zonal,prediction_error,146,unet,7.8742520579e-05
ssp585,zonal,prediction_error,147,unet,7.8105031266e-05
ssp585,zonal,prediction_error,148,unet,7.9106597387e-05
ssp585,zonal,prediction_error,149,unet,7.8358081631e-05
ssp585,zonal,prediction_error,150,unet,7.7998015359e-05
ssp585,zonal,prediction_error,151,unet,7.7900536580e-05
ssp585,zonal,prediction_error,152,unet,7.8721304276e-05
ssp585,zonal,prediction_error,153,unet,7.8436915275e-05
ssp585,zonal,prediction_error,154,unet,7.7201747500e-05
ssp585,zonal,prediction_error,155,unet,7.7041092005e-05
ssp585,zonal,prediction_error,156,unet,7.6812089282e-05
ssp585,zonal,prediction_error,157,unet,7.6677479019e-05
ssp585,zonal,prediction_error,158,unet,7.6836933017e-05
ssp585,zonal,prediction_error,159,unet,7.6293323312e-05
ssp585,zonal,prediction_error,160,unet,7.7260566290e-05
ssp585,zonal,prediction_error,161,unet,7.6957423518e-05
ssp585,zonal,prediction_error,162,unet,7.6916732362e-05
ssp585,zonal,prediction_error,163,unet,7.6965208389e-05
ssp585,zonal,prediction_error,164,unet,7.6738683681e-05
ssp585,zonal,prediction_error,165,unet,7.6537372069e-05
ssp585,zonal,prediction_error,166,unet,7.5879646522e-05
ssp585,zonal,prediction_error,167,unet,7.6500811972e-05
ssp585,zonal,prediction_error,168,unet,7.5945359703e-05
ssp585,zonal,prediction_error,169,unet,7.5613469660e-05
ssp585,zonal,prediction_error,170,unet,7.5471099266e-05
ssp585,zonal,prediction_error,171,unet,7.5710430016e-05
ssp585,zonal,prediction_error,172,unet,7.5024247430e-05
ssp585,zonal,prediction_error,173,unet,7.5544915856e-05
ssp585,zonal,prediction_error,174,unet,7.5919419516e-05
ssp585,zonal,prediction_error,175,unet,7.5769179248e-05
ssp585,zonal,prediction_error,176,unet,7.5523928057e-05
ssp585,zonal,prediction_error,177,unet,7.6039635572e-05
ssp585,zonal,prediction_error,178,unet,7.6101527207e-05
ssp585,zonal,prediction_error,179,unet,7.5799202195e-05
ssp585,zonal,prediction_error,180,unet,7.6584937488e-05
ssp585,zonal,prediction_error,181,unet,7.5414232849e-05
ssp585,zonal,prediction_error,182,unet,7.5353387360e-05
ssp585,zonal,prediction_error,183,unet,7.5155195566e-05
ssp585,zonal,prediction_error,184,unet,7.5562748489e-05
ssp585,zonal,prediction_error,185,unet,7.5788697605e-05
ssp585,zonal,prediction_error,186,unet,7.5098508453e-05
ssp585,zonal,prediction_error,187,unet,7.5481139016e-05
ssp585,zonal,prediction_error,188,unet,7.5589963134e-05
ssp585,zonal,prediction_error,189,unet,7.5865822652e-05
ssp585,zonal,prediction_error,190,unet,7.6231529919e-05
ssp585,zonal,prediction_error,191,unet,7.5755146564e-05
ssp585,zonal,prediction_error,192,unet,7.7993743937e-05
ssp585,zonal,prediction_error,193,unet,7.6009245468e-05
ssp585,zonal,prediction_error,194,unet,7.5275144691e-05
ssp585,zonal,prediction_error,195,unet,7.5634939190e-05
ssp585,zonal,prediction_error,196,unet,7.5361913470e-05
ssp585,zonal,prediction_error,197,unet,7.4971104201e-05
ssp585,zonal,prediction_error,198,unet,7.4921795897e-05
ssp585,zonal,prediction_error,199,unet,7.4974965134e-05
ssp585,zonal,prediction_error,200,unet,7.5145526453e-05
ssp585,zonal,prediction_error,201,unet,7.4417528271e-05
ssp585,zonal,prediction_error,202,unet,7.4818245689e-05
ssp585,zonal,prediction_error,203,unet,7.4491991597e-05
ssp585,zonal,prediction_error,204,unet,7.4695537473e-05
ssp585,zonal,prediction_error,205,unet,7.4456158229e-05
ssp585,zonal,prediction_error,206,unet,7.4246147181e-05
ssp585,zonal,prediction_error,207,unet,7.4364762960e-05
ssp585,zonal,prediction_error,208,unet,7.4465351003e-05
ssp585,zonal,prediction_error,209,unet,7.4426240338e-05
ssp585,zonal,prediction_error,210,unet,7.3588871750e-05
ssp585,zonal,prediction_error,211,unet,7.3836352867e-05
ssp585,zonal,prediction_error,212,unet,7.3082522495e-05
ssp585,zonal,prediction_error,213,unet,7.3684284411e-05
ssp585,zonal,prediction_error,214,unet,7.3037732798e-05
ssp585,zonal,prediction_error,215,unet,7.3356372174e-05
ssp585,zonal,prediction_error,216,unet,7.3339767270e-05
ssp585,zonal,prediction_error,217,unet,7.2675912459e-05
ssp585,zonal,prediction_error,218,unet,7.2667554892e-05
ssp585,zonal,prediction_error,219,unet,7.2442365530e-05
ssp585,zonal,prediction_error,220,unet,7.2561290414e-05
ssp585,zonal,prediction_error,221,unet,7.1657564786e-05
ssp585,zonal,prediction_error,222,unet,7.1139760040e-05
ssp585,zonal,prediction_error,223,unet,7.0924917271e-05
ssp585,zonal,prediction_error,224,unet,7.1157021888e-05
ssp585,zonal,prediction_error,225,unet,7.0606621498e-05
ssp585,zonal,prediction_error,226,unet,7.0588056403e-05
ssp585,zonal,prediction_error,227,unet,6.9681874431e-05
ssp585,zonal,prediction_error,228,unet,6.9951012203e-05
ssp585,zonal,prediction_error,229,unet,6.9313972357e-05
ssp585,zonal,prediction_error,230,unet,6.9087592480e-05
ssp585,zonal,prediction_error,231,unet,6.8661743892e-05
ssp585,zonal,prediction_error,232,unet,6.9255222179e-05
ssp585,zonal,prediction_error,233,unet,6.8157337944e-05
ssp585,zonal,prediction_error,234,unet,6.8185397382e-05
ssp585,zonal,prediction_error,235,unet,6.7898297816e-05
ssp585,zonal,prediction_error,236,unet,6.8077992704e-05
ssp585,zonal,prediction_error,237,unet,6.6687761882e-05
ssp585,zonal,prediction_error,238,unet,6.6499261701e-05
ssp585,zonal,prediction_error,239,unet,6.6355711877e-05
ssp585,zonal,prediction_error,240,unet,6.6090120247e-05
ssp585,zonal,prediction_error,241,unet,6.4888786074e-05
ssp585,zonal,prediction_error,242,unet,6.4708262493e-05
ssp585,zonal,prediction_error,243,unet,6.4615234863e-05
ssp585,zonal,prediction_error,244,unet,6.4488359847e-05
ssp585,zonal,prediction_error,245,unet,6.3846288899e-05
ssp585,zonal,prediction_error,246,unet,6.3926173806e-05
ssp585,zonal,prediction_error,247,unet,6.3420377095e-05
ssp585,zonal,prediction_error,248,unet,6.3202418877e-05
ssp585,zonal,prediction_error,249,unet,6.3371517902e-05
ssp585,zonal,prediction_error,250,unet,6.2273161241e-05
ssp585,zonal,prediction_error,251,unet,6.2015383422e-05
ssp585,zonal,prediction_error,252,unet,6.2574403758e-05
ssp585,zonal,prediction_error,253,unet,6.1656036529e-05
ssp585,zonal,prediction_error,254,unet,6.1413962930e-05
ssp585,zonal,prediction_error,255,unet,6.0920901115e-05
ssp585,zonal,prediction_error,256,unet,6.1979559701e-05
ssp585,zonal,prediction_error,257,unet,6.0213776560e-05
ssp585,zonal,prediction_error,258,unet,5.9869668676e-05
ssp585,zonal,prediction_error,259,unet,5.9316482850e-05
ssp585,zonal,prediction_error,260,unet,5.9746476435e-05
ssp585,zonal,prediction_error,261,unet,5.8982278309e-05
ssp585,zonal,prediction_error,262,unet,5.8729280569e-05
ssp585,zonal,prediction_error,263,unet,5.8629904966e-05
ssp585,zonal,prediction_error,264,unet,5.8146312385e-05
ssp585,zonal,prediction_error,265,unet,5.7698374420e-05
ssp585,zonal,prediction_error,266,unet,5.7213043037e-05
ssp585,zonal,prediction_error,267,unet,5.7340494842e-05
ssp585,zonal,prediction_error,268,unet,5.6961728476e-05
ssp585,zonal,prediction_error,269,unet,5.6359552962e-05
ssp585,zonal,prediction_error,270,unet,5.6397831714e-05
ssp585,zonal,prediction_error,271,unet,5.5902712089e-05
ssp585,zonal,prediction_error,272,unet,5.6240213971e-05
ssp585,zonal,prediction_error,273,unet,5.5071046642e-05
ssp585,zonal,prediction_error,274,unet,5.5296357482e-05
ssp585,zonal,prediction_error,275,unet,5.4288143873e-05
ssp585,zonal,prediction_error,276,unet,5.4392257081e-05
ssp585,zonal,prediction_error,277,unet,5.4074336414e-05
ssp585,zonal,prediction_error,278,unet,5.3646522551e-05
ssp585,zonal,prediction_error,279,unet,5.3034768685e-05
ssp585,zonal,prediction_error,280,unet,5.3005012904e-05
ssp585,zonal,prediction_error,281,unet,5.2384778849e-05
ssp585,zonal,prediction_error,282,unet,5.2117909779e-05
ssp585,zonal,prediction_error,283,unet,5.1667064219e-05
ssp585,zonal,prediction_error,284,unet,5.2179906257e-05
ssp585,zonal,prediction_error,285,unet,5.1205806285e-05
ssp585,zonal,prediction_error,286,unet,5.1039640362e-05
ssp585,zonal,prediction_error,287,unet,5.0541629575e-05
ssp585,zonal,prediction_error,288,unet,5.0478542088e-05
ssp585,zonal,prediction_error,289,unet,4.9803500973e-05
ssp585,zonal,prediction_error,290,unet,4.9570967662e-05
ssp585,zonal,prediction_error,291,unet,4.9192352969e-05
ssp585,zonal,prediction_error,292,unet,4.8849526182e-05
ssp585,zonal,prediction_error,293,unet,4.8363512878e-05
ssp585,zonal,prediction_error,294,unet,4.8221308595e-05
ssp585,zonal,prediction_error,295,unet,4.7827760300e-05
ssp585,zonal,prediction_error,296,unet,4.7674070373e-05
ssp585,zonal,prediction_error,297,unet,4.7428258729e-05
ssp585,zonal,prediction_error,298,unet,4.7323200550e-05
ssp585,zonal,prediction_error,299,unet,4.6993251863e-05
ssp585,zonal,prediction_error,300,unet,4.6607620908e-05
ssp585,zonal,prediction_error,301,unet,4.6355086740e-05
ssp585,zonal,prediction_error,302,unet,4.5443691888e-05
ssp585,zonal,prediction_error,303,unet,4.5450589505e-05
ssp585,zonal,prediction_error,304,unet,4.5502340612e-05
ssp585,zonal,prediction_error,305,unet,4.4784193514e-05
ssp585,zonal,prediction_error,306,unet,4.4719898121e-05
ssp585,zonal,prediction_error,307,unet,4.4266628108e-05
ssp585,zonal,prediction_error,308,unet,4.4487528329e-05
ssp585,zonal,prediction_error,309,unet,4.3642757260e-05
ssp585,zonal,prediction_error,310,unet,4.3766291156e-05
ssp585,zonal,prediction_error,311,unet,4.3114173230e-05
ssp585,zonal,prediction_error,312,unet,4.3426285986e-05
ssp585,zonal,prediction_error,313,unet,4.2768957752e-05
ssp585,zonal,prediction_error,314,unet,4.2477095296e-05
ssp585,zonal,prediction_error,315,unet,4.2342094750e-05
ssp585,zonal,prediction_error,316,unet,4.2628553113e-05
ssp585,zonal,prediction_error,317,unet,4.1542540779e-05
ssp585,zonal,prediction_error,318,unet,4.1408631062e-05
ssp585,zonal,prediction_error,319,unet,4.1549348080e-05
ssp585,zonal,prediction_error,320,unet,4.2725771036e-05
ssp585,zonal,prediction_error,321,unet,4.1137294397e-05
ssp585,zonal,prediction_error,322,unet,4.0589521606e-05
ssp585,zonal,prediction_error,323,unet,4.0155010091e-05
ssp585,zonal,prediction_error,324,unet,4.0067529314e-05
ssp585,zonal,prediction_error,325,unet,3.9671016875e-05
ssp585,zonal,prediction_error,326,unet,3.9446962115e-05
ssp585,zonal,prediction_error,327,unet,3.9442852057e-05
ssp585,zonal,prediction_error,328,unet,3.8998296606e-05
ssp585,zonal,prediction_error,329,unet,3.8427637466e-05
ssp585,zonal,prediction_error,330,unet,3.8431878966e-05
ssp585,zonal,prediction_error,331,unet,3.8043147329e-05
ssp585,zonal,prediction_error,332,unet,3.8035501531e-05
ssp585,zonal,prediction_error,333,unet,3.7716038935e-05
ssp585,zonal,prediction_error,334,unet,3.7385030229e-05
ssp585,zonal,prediction_error,335,unet,3.7185312407e-05
ssp585,zonal,prediction_error,336,unet,3.7670783398e-05
ssp585,zonal,prediction_error,337,unet,3.6877304761e-05
ssp585,zonal,prediction_error,338,unet,3.6650106229e-05
ssp585,zonal,prediction_error,339,unet,3.6560441231e-05
ssp585,zonal,prediction_error,340,unet,3.6630507263e-05
ssp585,zonal,prediction_error,341,unet,3.6041247926e-05
ssp585,zonal,prediction_error,342,unet,3.5814329640e-05
ssp585,zonal,prediction_error,343,unet,3.5377654759e-05
ssp585,zonal,prediction_error,344,unet,3.5836100158e-05
ssp585,zonal,prediction_error,345,unet,3.5581756310e-05
ssp585,zonal,prediction_error,346,unet,3.4915557732e-05
ssp585,zonal,prediction_error,347,unet,3.4858328457e-05
ssp585,zonal,prediction_error,348,unet,3.4763238628e-05
ssp585,zonal,prediction_error,349,unet,3.4567748408e-05
ssp585,zonal,prediction_error,350,unet,3.4154054997e-05
ssp585,zonal,prediction_error,351,unet,3.3899626615e-05
ssp585,zonal,prediction_error,352,unet,3.4096311319e-05
ssp585,zonal,prediction_error,353,unet,3.3538467536e-05
ssp585,zonal,prediction_error,354,unet,3.3293137493e-05
ssp585,zonal,prediction_error,355,unet,3.3092467058e-05
ssp585,zonal,prediction_error,356,unet,3.2820522701e-05
ssp585,zonal,prediction_error,357,unet,3.2973582805e-05
ssp585,zonal,prediction_error,358,unet,3.2233115164e-05
ssp585,zonal,prediction_error,359,unet,3.1927403866e-05
ssp585,zonal,prediction_error,360,unet,3.2168817127e-05
ssp585,zonal,prediction_error,361,unet,3.1373837478e-05
ssp585,zonal,prediction_error,362,unet,3.1170856521e-05
ssp585,zonal,prediction_error,363,unet,3.0880655574e-05
ssp585,zonal,prediction_error,364,unet,3.1051796850e-05
ssp585,zonal,prediction_error,365,unet,3.0895158036e-05
ssp585,zonal,prediction_error,366,unet,3.0733171958e-05
ssp585,zonal,prediction_error,367,unet,3.0503216772e-05
ssp585,zonal,prediction_error,368,unet,3.0392765000e-05
ssp585,zonal,prediction_error,369,unet,3.0026707215e-05
ssp585,zonal,prediction_error,370,unet,3.0100357238e-05
ssp585,zonal,prediction_error,371,unet,2.9503482450e-05
ssp585,zonal,prediction_error,372,unet,2.9504028522e-05
ssp585,zonal,prediction_error,373,unet,2.9360265434e-05
ssp585,zonal,prediction_error,374,unet,2.9320428984e-05
ssp585,zonal,prediction_error,375,unet,2.9163950989e-05
ssp585,zonal,prediction_error,376,unet,2.9003314246e-05
ssp585,zonal,prediction_error,377,unet,2.8748256193e-05
ssp585,zonal,prediction_error,378,unet,2.8362956697e-05
ssp585,zonal,prediction_error,379,unet,2.8427388081e-05
ssp585,zonal,prediction_error,380,unet,2.8228109578e-05
ssp585,zonal,prediction_error,381,unet,2.7779157449e-05
ssp585,zonal,prediction_error,382,unet,2.7844584286e-05
ssp585,zonal,prediction_error,383,unet,2.7396961376e-05
ssp585,zonal,prediction_error,384,unet,2.8345707257e-05
ssp585,zonal,prediction_error,385,unet,2.7095203616e-05
ssp585,zonal,prediction_error,386,unet,2.6899551911e-05
ssp585,zonal,prediction_error,387,unet,2.6738256935e-05
ssp585,zonal,prediction_error,388,unet,2.6683353927e-05
ssp585,zonal,prediction_error,389,unet,2.6307700811e-05
ssp585,zonal,prediction_error,390,unet,2.6234755068e-05
ssp585,zonal,prediction_error,391,unet,2.6248327381e-05
ssp585,zonal,prediction_error,392,unet,2.6444698204e-05
ssp585,zonal,prediction_error,393,unet,2.5715846068e-05
ssp585,zonal,prediction_error,394,unet,2.5793492374e-05
ssp585,zonal,prediction_error,395,unet,2.5510238979e-05
ssp585,zonal,prediction_error,396,unet,2.5308611646e-05
ssp585,zonal,prediction_error,397,unet,2.5218846436e-05
ssp585,zonal,prediction_error,398,unet,2.5108795411e-05
ssp585,zonal,prediction_error,399,unet,2.4834576147e-05
ssp585,zonal,prediction_error,400,unet,2.5169194177e-05
ssp585,zonal,prediction_error,401,unet,2.4285724223e-05
ssp585,zonal,prediction_error,402,unet,2.4374877110e-05
ssp585,zonal,prediction_error,403,unet,2.3977151714e-05
ssp585,zonal,prediction_error,404,unet,2.4029255826e-05
ssp585,zonal,prediction_error,405,unet,2.3605512374e-05
ssp585,zonal,prediction_error,406,unet,2.3575510465e-05
ssp585,zonal,prediction_error,407,unet,2.3247020736e-05
ssp585,zonal,prediction_error,408,unet,2.3466606511e-05
ssp585,zonal,prediction_error,409,unet,2.3103378704e-05
ssp585,zonal,prediction_error,410,unet,2.3265925690e-05
ssp585,zonal,prediction_error,411,unet,2.2754831082e-05
ssp585,zonal,prediction_error,412,unet,2.2844919693e-05
ssp585,zonal,prediction_error,413,unet,2.2499464927e-05
ssp585,zonal,prediction_error,414,unet,2.2303421767e-05
ssp585,zonal,prediction_error,415,unet,2.2055084741e-05
ssp585,zonal,prediction_error,416,unet,2.2719474016e-05
ssp585,zonal,prediction_error,417,unet,2.1829757020e-05
ssp585,zonal,prediction_error,418,unet,2.1660311124e-05
ssp585,zonal,prediction_error,419,unet,2.1447065628e-05
ssp585,zonal,prediction_error,420,unet,2.1602132359e-05
ssp585,zonal,prediction_error,421,unet,2.1206845656e-05
ssp585,zonal,prediction_error,422,unet,2.1199318681e-05
ssp585,zonal,prediction_error,423,unet,2.1042358349e-05
ssp585,zonal,prediction_error,424,unet,2.4025892222e-05
ssp585,zonal,prediction_error,425,unet,2.0530025056e-05
ssp585,zonal,prediction_error,426,unet,2.0698687354e-05
ssp585,zonal,prediction_error,427,unet,2.0467413268e-05
ssp585,zonal,prediction_error,428,unet,2.0475973877e-05
ssp585,zonal,prediction_error,429,unet,2.0272722593e-05
ssp585,zonal,prediction_error,430,unet,2.0076582610e-05
ssp585,zonal,prediction_error,431,unet,2.0096758489e-05
ssp585,zonal,prediction_error,432,unet,2.0162305072e-05
ssp585,zonal,prediction_error,433,unet,1.9565201688e-05
ssp585,zonal,prediction_error,434,unet,1.9244854938e-05
ssp585,zonal,prediction_error,435,unet,1.9309135909e-05
ssp585,zonal,prediction_error,436,unet,1.9360807074e-05
ssp585,zonal,prediction_error,437,unet,1.9116877915e-05
